Bandleader,Orchestra,Date,Title,AltTitle,Genre,Singer,Label,Master,Matrix,Disk,Composer,Author,Arranger,Grouping,Pianist,Bassist,Bandoneons,Strings,Lineup
Ángel D'Agostino,Orquesta Ángel D'Agostino,11/13/1940,No Aflojés,,Tango,Ángel Vargas,Víctor,78rpm,BAVE-039631,39136,"Pedro Maffía, Sebastián Piana",Mario Battistella,,40-43 Initial Orquesta,Ángel D'Agostino,UNNAMED STUDENT,"Alfredo Attadía, Ismael Spitalnik, Miguel Bonano","Benjamin Holgado Barrios, Bernardo Weber, Vicente Russo","Piano, Bass, 3 Bandoneons, 3 Violins"
Ángel D'Agostino,Orquesta Ángel D'Agostino,11/13/1940,Muchacho,,Tango,Ángel Vargas,Víctor,78rpm,BAVE-039632,39136,Edgardo Donato,Celedonio Flores,,40-43 Initial Orquesta,Ángel D'Agostino,UNNAMED STUDENT,"Alfredo Attadía, Ismael Spitalnik, Miguel Bonano","Benjamin Holgado Barrios, Bernardo Weber, Vicente Russo","Piano, Bass, 3 Bandoneons, 3 Violins"
Ángel D'Agostino,Orquesta Ángel D'Agostino,7/24/1941,Tres Esquinas,,Tango,Ángel Vargas,Víctor,78rpm,BAVE-059594,39359,"Ángel D'Agostino, Alfredo Attadía",Enrique Cadícamo,,40-43 Initial Orquesta,Ángel D'Agostino,Francisco De Lorenzo,"Alfredo Attadía, Ismael Spitalnik, Miguel Bonano","Benjamin Holgado Barrios, Bernardo Weber, Vicente Russo","Piano, Bass, 3 Bandoneons, 3 Violins"
Ángel D'Agostino,Orquesta Ángel D'Agostino,7/24/1941,Un Copetín,,Tango,Ángel Vargas,Víctor,78rpm,BAVE-059593,39359,Juan Maglio,José Fernández,,40-43 Initial Orquesta,Ángel D'Agostino,Francisco De Lorenzo,"Alfredo Attadía, Ismael Spitalnik, Miguel Bonano","Benjamin Holgado Barrios, Bernardo Weber, Vicente Russo","Piano, Bass, 3 Bandoneons, 3 Violins"
Ángel D'Agostino,Orquesta Ángel D'Agostino,9/9/1941,Adiós Arrabal,,Tango,Ángel Vargas,Víctor,78rpm,59771,39404,"Juan Baüer, Carlos Lenzi",Carlos Lenzi,,40-43 Initial Orquesta,Ángel D'Agostino,Francisco De Lorenzo,"Alfredo Attadía, Ismael Spitalnik, Miguel Bonano","Benjamin Holgado Barrios, Bernardo Weber, Vicente Russo","Piano, Bass, 3 Bandoneons, 3 Violins"
Ángel D'Agostino,Orquesta Ángel D'Agostino,9/9/1941,Ahora No Me Conocés,,Tango,Ángel Vargas,Víctor,78rpm,BAVE-059770,39404,Armando Baliotti,Carlos Giampé,,40-43 Initial Orquesta,Ángel D'Agostino,Francisco De Lorenzo,"Alfredo Attadía, Ismael Spitalnik, Miguel Bonano","Benjamin Holgado Barrios, Bernardo Weber, Vicente Russo","Piano, Bass, 3 Bandoneons, 3 Violins"
Ángel D'Agostino,Orquesta Ángel D'Agostino,10/20/1941,Compadreando,,Milonga,Ángel Vargas,Víctor,78rpm,59835,39437,Alfredo Attadía,Mario Soto,,40-43 Initial Orquesta,Ángel D'Agostino,Francisco De Lorenzo,"Alfredo Attadía, Ismael Spitalnik, Miguel Bonano","Benjamin Holgado Barrios, Bernardo Weber, Vicente Russo","Piano, Bass, 3 Bandoneons, 3 Violins"
Ángel D'Agostino,Orquesta Ángel D'Agostino,10/20/1941,Sólo Compasión,,Tango,Ángel Vargas,Víctor,78rpm,59834,39437,Benjamín Barrio,Luis Castiñeira,,40-43 Initial Orquesta,Ángel D'Agostino,Francisco De Lorenzo,"Alfredo Attadía, Ismael Spitalnik, Miguel Bonano","Benjamin Holgado Barrios, Bernardo Weber, Vicente Russo","Piano, Bass, 3 Bandoneons, 3 Violins"
Ángel D'Agostino,Orquesta Ángel D'Agostino,11/5/1941,Una Pena,,Tango,Ángel Vargas,Víctor,78rpm,59861,39479,Adolfo Rosquellas,Arturo Albert,,40-43 Initial Orquesta,Ángel D'Agostino,Francisco De Lorenzo,"Alfredo Attadía, Ismael Spitalnik, Miguel Bonano","Benjamin Holgado Barrios, Bernardo Weber, Vicente Russo","Piano, Bass, 3 Bandoneons, 3 Violins"
Ángel D'Agostino,Orquesta Ángel D'Agostino,11/12/1941,Traiga Otra Caña,,Tango,Ángel Vargas,Víctor,78rpm,59862,39432,Antonio Scatasso,Antonio Scatasso,,40-43 Initial Orquesta,Ángel D'Agostino,Francisco De Lorenzo,"Alfredo Attadía, Ismael Spitalnik, Miguel Bonano","Benjamin Holgado Barrios, Bernardo Weber, Vicente Russo","Piano, Bass, 3 Bandoneons, 3 Violins"
Ángel D'Agostino,Orquesta Ángel D'Agostino,11/13/1941,Agua Florida,,Tango,Ángel Vargas,Víctor,78rpm,59873,39479,Ramón Collazo,Fernando Valdés,,40-43 Initial Orquesta,Ángel D'Agostino,Francisco De Lorenzo,"Alfredo Attadía, Ismael Spitalnik, Miguel Bonano","Benjamin Holgado Barrios, Bernardo Weber, Vicente Russo","Piano, Bass, 3 Bandoneons, 3 Violins"
Ángel D'Agostino,Orquesta Ángel D'Agostino,11/13/1941,El Choclo,Kiss of Fire,Tango,Ángel Vargas,Víctor,78rpm,59872,39492,Ángel Villoldo,"Juan Catán, Enrique Discépolo",,40-43 Initial Orquesta,Ángel D'Agostino,Francisco De Lorenzo,"Alfredo Attadía, Ismael Spitalnik, Miguel Bonano","Benjamin Holgado Barrios, Bernardo Weber, Vicente Russo","Piano, Bass, 3 Bandoneons, 3 Violins"
Ángel D'Agostino,Orquesta Ángel D'Agostino,12/12/1941,El Yacaré,,Tango,Ángel Vargas,Víctor,78rpm,59923,39521,Alfredo Attadía,Mario Soto,,40-43 Initial Orquesta,Ángel D'Agostino,Francisco De Lorenzo,"Alfredo Attadía, Ismael Spitalnik, Miguel Bonano","Benjamin Holgado Barrios, Bernardo Weber, Vicente Russo","Piano, Bass, 3 Bandoneons, 3 Violins"
Ángel D'Agostino,Orquesta Ángel D'Agostino,12/12/1941,Qué Me Pasará,,Vals,Ángel Vargas,Víctor,78rpm,59922,39521,Alfredo Zappettini,Nolo López,,40-43 Initial Orquesta,Ángel D'Agostino,Francisco De Lorenzo,"Alfredo Attadía, Ismael Spitalnik, Miguel Bonano","Benjamin Holgado Barrios, Bernardo Weber, Vicente Russo","Piano, Bass, 3 Bandoneons, 3 Violins"
Ángel D'Agostino,Orquesta Ángel D'Agostino,1942,El Cuarteador,,Tango,Ángel Vargas,Víctor,78rpm,,AVS-4422,Rosendo Luna,Rosendo Luna,,40-43 Initial Orquesta,Ángel D'Agostino,Francisco De Lorenzo,"Alfredo Attadía, Ismael Spitalnik, Miguel Bonano","Benjamin Holgado Barrios, Bernardo Weber, Vicente Russo","Piano, Bass, 3 Bandoneons, 3 Violins"
Ángel D'Agostino,Orquesta Ángel D'Agostino,3/16/1942,Adiós Para Siempre,,Tango,Ángel Vargas,Víctor,78rpm,69617,39552,José Rizzuti,Nolo López,,40-43 Initial Orquesta,Ángel D'Agostino,Francisco De Lorenzo,"Alfredo Attadía, Ismael Spitalnik, Miguel Bonano","Benjamin Holgado Barrios, Bernardo Weber, Vicente Russo","Piano, Bass, 3 Bandoneons, 3 Violins"
Ángel D'Agostino,Orquesta Ángel D'Agostino,3/16/1942,Notas de Bandoneón,,Tango,Ángel Vargas,Víctor,78rpm,69616,39552,"Francisco De Lorenzo, Orestes Cúfaro",Enrique Cadícamo,,40-43 Initial Orquesta,Ángel D'Agostino,Francisco De Lorenzo,"Alfredo Attadía, Ismael Spitalnik, Miguel Bonano","Benjamin Holgado Barrios, Bernardo Weber, Vicente Russo","Piano, Bass, 3 Bandoneons, 3 Violins"
Ángel D'Agostino,Orquesta Ángel D'Agostino,4/7/1942,Gorriones,,Tango,Ángel Vargas,Víctor,78rpm,69645,39624,Eduardo Pereyra,Celedonio Flores,,40-43 Initial Orquesta,Ángel D'Agostino,Francisco De Lorenzo,"Alfredo Attadía, Ismael Spitalnik, Miguel Bonano","Benjamin Holgado Barrios, Bernardo Weber, Vicente Russo","Piano, Bass, 3 Bandoneons, 3 Violins"
Ángel D'Agostino,Orquesta Ángel D'Agostino,4/7/1942,Pobre Gallo Bataraz,,Tango,Ángel Vargas,Víctor,78rpm,69644,39569,Pedro Maffía,Celedonio Flores,,40-43 Initial Orquesta,Ángel D'Agostino,Francisco De Lorenzo,"Alfredo Attadía, Ismael Spitalnik, Miguel Bonano","Benjamin Holgado Barrios, Bernardo Weber, Vicente Russo","Piano, Bass, 3 Bandoneons, 3 Violins"
Ángel D'Agostino,Orquesta Ángel D'Agostino,4/7/1942,Viejo Coche,,Tango,Ángel Vargas,Víctor,78rpm,69643,39569,Eduardo Pereyra,Celedonio Flores,,40-43 Initial Orquesta,Ángel D'Agostino,Francisco De Lorenzo,"Alfredo Attadía, Ismael Spitalnik, Miguel Bonano","Benjamin Holgado Barrios, Bernardo Weber, Vicente Russo","Piano, Bass, 3 Bandoneons, 3 Violins"
Ángel D'Agostino,Orquesta Ángel D'Agostino,4/23/1942,Entre Copa y Copa,,Milonga,Ángel Vargas,Víctor,78rpm,69683,39594,"Ángel D'Agostino, Alfredo Attadía",Héctor Marcó,,40-43 Initial Orquesta,Ángel D'Agostino,Francisco De Lorenzo,"Alfredo Attadía, Ismael Spitalnik, Miguel Bonano","Benjamin Holgado Barrios, Bernardo Weber, Vicente Russo","Piano, Bass, 3 Bandoneons, 3 Violins"
Ángel D'Agostino,Orquesta Ángel D'Agostino,4/7/1942,Gorriones,,Tango,Ángel Vargas,Víctor,78rpm,69645,39624,Eduardo Pereyra,Celedonio Flores,,40-43 Initial Orquesta,Ángel D'Agostino,Francisco De Lorenzo,"Alfredo Attadía, Ismael Spitalnik, Miguel Bonano","Benjamin Holgado Barrios, Bernardo Weber, Vicente Russo","Piano, Bass, 3 Bandoneons, 3 Violins"
Ángel D'Agostino,Orquesta Ángel D'Agostino,4/23/1942,Un Tropezón,,Tango,Ángel Vargas,Víctor,78rpm,69682,39594,Raúl Hoyos,Luis Herrera,,40-43 Initial Orquesta,Ángel D'Agostino,Francisco De Lorenzo,"Alfredo Attadía, Ismael Spitalnik, Miguel Bonano","Benjamin Holgado Barrios, Bernardo Weber, Vicente Russo","Piano, Bass, 3 Bandoneons, 3 Violins"
Ángel D'Agostino,Orquesta Ángel D'Agostino,5/22/1942,Dice un Refrán,,Tango,Ángel Vargas,Víctor,78rpm,BAVE-069724,39633,Ángel D'Agostino,Enrique Cadícamo,,40-43 Initial Orquesta,Ángel D'Agostino,Francisco De Lorenzo,"Alfredo Attadía, Ismael Spitalnik, Miguel Bonano","Benjamin Holgado Barrios, Bernardo Weber, Vicente Russo","Piano, Bass, 3 Bandoneons, 3 Violins"
Ángel D'Agostino,Orquesta Ángel D'Agostino,5/22/1942,Esquinas Porteñas,,Vals,Ángel Vargas,Víctor,78rpm,69723,39624,Sebastián Piana,Homero Manzi,,40-43 Initial Orquesta,Ángel D'Agostino,Francisco De Lorenzo,"Alfredo Attadía, Ismael Spitalnik, Miguel Bonano","Benjamin Holgado Barrios, Bernardo Weber, Vicente Russo","Piano, Bass, 3 Bandoneons, 3 Violins"
Ángel D'Agostino,Orquesta Ángel D'Agostino,6/15/1942,Guitarra que Llora,,Tango,Ángel Vargas,Víctor,78rpm,69759,39688,Oscar Alemán,Enrique Cadícamo,,40-43 Initial Orquesta,Ángel D'Agostino,Francisco De Lorenzo,"Alfredo Attadía, Ismael Spitalnik, Miguel Bonano","Benjamin Holgado Barrios, Bernardo Weber, Vicente Russo","Piano, Bass, 3 Bandoneons, 3 Violins"
Ángel D'Agostino,Orquesta Ángel D'Agostino,6/15/1942,Trasnochando,,Tango,Ángel Vargas,Víctor,78rpm,69760,39633,Armando Baliotti,Santiago Adamini,,40-43 Initial Orquesta,Ángel D'Agostino,Francisco De Lorenzo,"Alfredo Attadía, Ismael Spitalnik, Miguel Bonano","Benjamin Holgado Barrios, Bernardo Weber, Vicente Russo","Piano, Bass, 3 Bandoneons, 3 Violins"
Ángel D'Agostino,Orquesta Ángel D'Agostino,7/15/1942,Al Volverte a Ver,,Tango,Ángel Vargas,Víctor,78rpm,69802,39657,Roberto Blanco,Julio Nelson,,40-43 Initial Orquesta,Ángel D'Agostino,Francisco De Lorenzo,"Alfredo Attadía, Ismael Spitalnik, Miguel Bonano","Benjamin Holgado Barrios, Bernardo Weber, Vicente Russo","Piano, Bass, 3 Bandoneons, 3 Violins"
Ángel D'Agostino,Orquesta Ángel D'Agostino,7/15/1942,Un Lamento,,Tango,Ángel Vargas,Víctor,78rpm,69801,39657,Graciano De Leone,Pedro Córdoba,,40-43 Initial Orquesta,Ángel D'Agostino,Francisco De Lorenzo,"Alfredo Attadía, Ismael Spitalnik, Miguel Bonano","Benjamin Holgado Barrios, Bernardo Weber, Vicente Russo","Piano, Bass, 3 Bandoneons, 3 Violins"
Ángel D'Agostino,Orquesta Ángel D'Agostino,8/11/1942,Gil a Rayas,,Tango,Instrumental,Víctor,78rpm,69683,39688,Juan Guyot,Rafael Herraiz,,40-43 Initial Orquesta,Ángel D'Agostino,Francisco De Lorenzo,"Alfredo Attadía, Ismael Spitalnik, Miguel Bonano","Benjamin Holgado Barrios, Bernardo Weber, Vicente Russo","Piano, Bass, 3 Bandoneons, 3 Violins"
Ángel D'Agostino,Orquesta Ángel D'Agostino,9/2/1942,Hay que Vivirla Compadre,,Tango,Ángel Vargas,Víctor,78rpm,69910,39694,"Alfredo Attadía, Ángel D'Agostino",Héctor Marcó,,40-43 Initial Orquesta,Ángel D'Agostino,Francisco De Lorenzo,"Alfredo Attadía, Ismael Spitalnik, Miguel Bonano","Benjamin Holgado Barrios, Bernardo Weber, Vicente Russo","Piano, Bass, 3 Bandoneons, 3 Violins"
Ángel D'Agostino,Orquesta Ángel D'Agostino,9/2/1942,Pero Yo Sé,,Tango,Ángel Vargas,Víctor,78rpm,69911,39694,Azucena Maizani,Azucena Maizani,,40-43 Initial Orquesta,Ángel D'Agostino,Francisco De Lorenzo,"Alfredo Attadía, Ismael Spitalnik, Miguel Bonano","Benjamin Holgado Barrios, Bernardo Weber, Vicente Russo","Piano, Bass, 3 Bandoneons, 3 Violins"
Ángel D'Agostino,Orquesta Ángel D'Agostino,10/15/1942,De Salto y Carta,,Tango,Ángel Vargas,Víctor,78rpm,84001,39746,Alberto Acuña,José De Cicco,,40-43 Initial Orquesta,Ángel D'Agostino,Francisco De Lorenzo,"Alfredo Attadía, Ismael Spitalnik, Miguel Bonano","Benjamin Holgado Barrios, Bernardo Weber, Vicente Russo","Piano, Bass, 3 Bandoneons, 3 Violins"
Ángel D'Agostino,Orquesta Ángel D'Agostino,10/15/1942,La Chiflada,El Silbido,Tango,Instrumental,Víctor,78rpm,84002,39746,Juan Bazán,,,40-43 Initial Orquesta,Ángel D'Agostino,Francisco De Lorenzo,"Alfredo Attadía, Ismael Spitalnik, Miguel Bonano","Benjamin Holgado Barrios, Bernardo Weber, Vicente Russo","Piano, Bass, 3 Bandoneons, 3 Violins"
Ángel D'Agostino,Orquesta Ángel D'Agostino,10/29/1942,Noviecita Mía,,Tango,Ángel Vargas,Víctor,78rpm,84031,39769,Antonio Polito,Antonio Polito,,40-43 Initial Orquesta,Ángel D'Agostino,Francisco De Lorenzo,"Alfredo Attadía, Ismael Spitalnik, Miguel Bonano","Benjamin Holgado Barrios, Bernardo Weber, Vicente Russo","Piano, Bass, 3 Bandoneons, 3 Violins"
Ángel D'Agostino,Orquesta Ángel D'Agostino,10/29/1942,Oiga Mozo,,Tango,Ángel Vargas,Víctor,78rpm,84032,39769,Héctor Varela,Alberto Nery,,40-43 Initial Orquesta,Ángel D'Agostino,Francisco De Lorenzo,"Alfredo Attadía, Ismael Spitalnik, Miguel Bonano","Benjamin Holgado Barrios, Bernardo Weber, Vicente Russo","Piano, Bass, 3 Bandoneons, 3 Violins"
Ángel D'Agostino,Orquesta Ángel D'Agostino,11/17/1942,Así Me Gusta a Mí,,Milonga,Ángel Vargas,Víctor,78rpm,84059,39785,Ángel D'Agostino,José Bazán,,40-43 Initial Orquesta,Ángel D'Agostino,Francisco De Lorenzo,"Alfredo Attadía, Ismael Spitalnik, Miguel Bonano","Benjamin Holgado Barrios, Bernardo Weber, Vicente Russo","Piano, Bass, 3 Bandoneons, 3 Violins"
Ángel D'Agostino,Orquesta Ángel D'Agostino,11/17/1942,Llora Vida Mía,,Tango,Ángel Vargas,Víctor,78rpm,84059,39785,Rosendo Luna,Rosendo Luna,,40-43 Initial Orquesta,Ángel D'Agostino,Francisco De Lorenzo,"Alfredo Attadía, Ismael Spitalnik, Miguel Bonano","Benjamin Holgado Barrios, Bernardo Weber, Vicente Russo","Piano, Bass, 3 Bandoneons, 3 Violins"
Ángel D'Agostino,Orquesta Ángel D'Agostino,11/17/1942,Yo Tengo una Novia,,Vals,Ángel Vargas,Víctor,78rpm,84060,39841,"Rosendo Pesoa, Diego Centeno",Héctor Marcó,,40-43 Initial Orquesta,Ángel D'Agostino,Francisco De Lorenzo,"Alfredo Attadía, Ismael Spitalnik, Miguel Bonano","Benjamin Holgado Barrios, Bernardo Weber, Vicente Russo","Piano, Bass, 3 Bandoneons, 3 Violins"
Ángel D'Agostino,Orquesta Ángel D'Agostino,12/14/1942,Todo Terminó,,Tango,Ángel Vargas,Víctor,78rpm,84189,39817,"Alfredo Attadía, Ismael Spitalnik",Mario Soto,,40-43 Initial Orquesta,Ángel D'Agostino,Francisco De Lorenzo,"Alfredo Attadía, Ismael Spitalnik, Miguel Bonano","Benjamin Holgado Barrios, Bernardo Weber, Vicente Russo","Piano, Bass, 3 Bandoneons, 3 Violins"
Ángel D'Agostino,Orquesta Ángel D'Agostino,12/30/1942,Barrio De Tango,,Tango,Ángel Vargas,Víctor,78rpm,84223,39841,Aníbal Troilo,Homero Manzi,,40-43 Initial Orquesta,Ángel D'Agostino,Francisco De Lorenzo,"Alfredo Attadía, Ismael Spitalnik, Miguel Bonano","Benjamin Holgado Barrios, Bernardo Weber, Vicente Russo","Piano, Bass, 3 Bandoneons, 3 Violins"
Ángel D'Agostino,Orquesta Ángel D'Agostino,12/30/1942,Ninguna,,Tango,Ángel Vargas,Víctor,78rpm,84222,39817,Raúl Siro,Homero Manzi,,40-43 Initial Orquesta,Ángel D'Agostino,Francisco De Lorenzo,"Alfredo Attadía, Ismael Spitalnik, Miguel Bonano","Benjamin Holgado Barrios, Bernardo Weber, Vicente Russo","Piano, Bass, 3 Bandoneons, 3 Violins"
Ángel D'Agostino,Orquesta Ángel D'Agostino,3/12/1943,El Trece,El 13,Tango,Ángel Vargas,Víctor,78rpm,84252,60-0018,Alberico Spátola,Ángel Villoldo,,40-43 Initial Orquesta,Ángel D'Agostino,Francisco De Lorenzo,"Alfredo Attadía, Ismael Spitalnik, Miguel Bonano","Benjamin Holgado Barrios, Bernardo Weber, Vicente Russo","Piano, Bass, 3 Bandoneons, 3 Violins"
Ángel D'Agostino,Orquesta Ángel D'Agostino,3/12/1943,En Lo de Laura,,Milonga,Ángel Vargas,Víctor,78rpm,84253,60-0018,Antonio Polito,Enrique Cadícamo,,40-43 Initial Orquesta,Ángel D'Agostino,Francisco De Lorenzo,"Alfredo Attadía, Ismael Spitalnik, Miguel Bonano","Benjamin Holgado Barrios, Bernardo Weber, Vicente Russo","Piano, Bass, 3 Bandoneons, 3 Violins"
Ángel D'Agostino,Orquesta Ángel D'Agostino,3/23/1943,El Porteñito,,Milonga,Ángel Vargas,Víctor,78rpm,84270,60-0037,Ángel Villoldo,Ángel Villoldo,,40-43 Initial Orquesta,Ángel D'Agostino,Francisco De Lorenzo,"Alfredo Attadía, Ismael Spitalnik, Miguel Bonano","Benjamin Holgado Barrios, Bernardo Weber, Vicente Russo","Piano, Bass, 3 Bandoneons, 3 Violins"
Ángel D'Agostino,Orquesta Ángel D'Agostino,3/20/1943,No Creas,,Tango,Ángel Vargas,Víctor,78rpm,84269,60-0037,Benjamín Barrio,Luis Castiñeira,,40-43 Initial Orquesta,Ángel D'Agostino,Francisco De Lorenzo,"Alfredo Attadía, Ismael Spitalnik, Miguel Bonano","Benjamin Holgado Barrios, Bernardo Weber, Vicente Russo","Piano, Bass, 3 Bandoneons, 3 Violins"
Ángel D'Agostino,Orquesta Ángel D'Agostino,4/30/1943,Madre Hay Una Sola,,Tango,Ángel Vargas,Víctor,78rpm,84321,60-0066,Agustín Bardi,José De La Vega,,40-43 Initial Orquesta,Ángel D'Agostino,Francisco De Lorenzo,"Alfredo Attadía, Ismael Spitalnik, Miguel Bonano","Benjamin Holgado Barrios, Bernardo Weber, Vicente Russo","Piano, Bass, 3 Bandoneons, 3 Violins"
Ángel D'Agostino,Orquesta Ángel D'Agostino,4/30/1943,Me Llaman Tango,,Tango,Ángel Vargas,Víctor,78rpm,84322,60-0066,Emilio De Caro,Mario Soto,,40-43 Initial Orquesta,Ángel D'Agostino,Francisco De Lorenzo,"Alfredo Attadía, Ismael Spitalnik, Miguel Bonano","Benjamin Holgado Barrios, Bernardo Weber, Vicente Russo","Piano, Bass, 3 Bandoneons, 3 Violins"
Ángel D'Agostino,Orquesta Ángel D'Agostino,6/10/1943,El Trompito,,Tango,Ángel Vargas,Víctor,78rpm,77001,60-0102,Rosendo Luna,Rosendo Luna,,40-43 Initial Orquesta,Ángel D'Agostino,Francisco De Lorenzo,"Alfredo Attadía, Ismael Spitalnik, Miguel Bonano","Benjamin Holgado Barrios, Bernardo Weber, Vicente Russo","Piano, Bass, 3 Bandoneons, 3 Violins"
Ángel D'Agostino,Orquesta Ángel D'Agostino,6/10/1943,Tomo y Obligo,,Tango,Ángel Vargas,Víctor,78rpm,77002,60-0102,Carlos Gardel,Manuel Romero,,40-43 Initial Orquesta,Ángel D'Agostino,Francisco De Lorenzo,"Alfredo Attadía, Ismael Spitalnik, Miguel Bonano","Benjamin Holgado Barrios, Bernardo Weber, Vicente Russo","Piano, Bass, 3 Bandoneons, 3 Violins"
Ángel D'Agostino,Orquesta Ángel D'Agostino,8/10/1943,A Las Siete En El Café,A las 7 en el Café,Tango,Raúl Aldao,Víctor,78rpm,77138,60-0133,Armando Baliotti,Santiago Adamini,,43-46 Del Piano 1st Bando,Ángel D'Agostino,Romeo Molo,"Eduardo Del Piano, Salvador Cascone, Domingo Mattío, Alberto García, Mariano Rodas, Jacinto Nieves","Mario Perini, Victor Felice, Alberto Del Bagno, Alberto Del Monaco","Piano, Bass, 6 Bandoneons, 4 Violins"
Ángel D'Agostino,Orquesta Ángel D'Agostino,8/10/1943,Ronda de Tango,Ronda del Tango,Tango,Raúl Aldao,Víctor,78rpm,77139,60-0133,Martín Podestá,Martín Podestá,Eduardo Del Piano,43-46 Del Piano 1st Bando,Ángel D'Agostino,Romeo Molo,"Eduardo Del Piano, Salvador Cascone, Domingo Mattío, Alberto García, Mariano Rodas, Jacinto Nieves","Mario Perini, Victor Felice, Alberto Del Bagno, Alberto Del Monaco","Piano, Bass, 6 Bandoneons, 4 Violins"
Ángel D'Agostino,Orquesta Ángel D'Agostino,8/10/1943,Y Te Dejé Partir,,Tango,Raúl Aldao,Víctor,78rpm,77140,60-0204,"Ángel D'Agostino, Alfredo Attadía",José Contursi,Eduardo Del Piano,43-46 Del Piano 1st Bando,Ángel D'Agostino,Romeo Molo,"Eduardo Del Piano, Salvador Cascone, Domingo Mattío, Alberto García, Mariano Rodas, Jacinto Nieves","Mario Perini, Victor Felice, Alberto Del Bagno, Alberto Del Monaco","Piano, Bass, 6 Bandoneons, 4 Violins"
Ángel D'Agostino,Orquesta Ángel D'Agostino,9/9/1943,Cardo Azul,El Cardo Azul,Tango,Ángel Vargas,Víctor,78rpm,77207,60-0193,"Carlos Gardel, José Razzano","Carlos Gardel, José Razzano",Eduardo Del Piano,43-46 Del Piano 1st Bando,Ángel D'Agostino,Romeo Molo,"Eduardo Del Piano, Salvador Cascone, Domingo Mattío, Alberto García, Mariano Rodas, Jacinto Nieves","Mario Perini, Victor Felice, Alberto Del Bagno, Alberto Del Monaco","Piano, Bass, 6 Bandoneons, 4 Violins"
Ángel D'Agostino,Orquesta Ángel D'Agostino,9/3/1943,Qué Lento Corre El Tren,,Tango,Ángel Vargas,Víctor,78rpm,77208,60-0204,Alfredo De Ángelis,Carmelo Volpe,Eduardo Del Piano,43-46 Del Piano 1st Bando,Ángel D'Agostino,Romeo Molo,"Eduardo Del Piano, Salvador Cascone, Domingo Mattío, Alberto García, Mariano Rodas, Jacinto Nieves","Mario Perini, Victor Felice, Alberto Del Bagno, Alberto Del Monaco","Piano, Bass, 6 Bandoneons, 4 Violins"
Ángel D'Agostino,Orquesta Ángel D'Agostino,9/9/1943,Un Tango Argentino,,Tango,Ángel Vargas,Víctor,78rpm,77206,60-0193,Carmelo Santiago,Carmelo Santiago,Eduardo Del Piano,43-46 Del Piano 1st Bando,Ángel D'Agostino,Romeo Molo,"Eduardo Del Piano, Salvador Cascone, Domingo Mattío, Alberto García, Mariano Rodas, Jacinto Nieves","Mario Perini, Victor Felice, Alberto Del Bagno, Alberto Del Monaco","Piano, Bass, 6 Bandoneons, 4 Violins"
Ángel D'Agostino,Orquesta Ángel D'Agostino,9/9/1943,Cardo Azul,El Cardo Azul,Tango,Ángel Vargas,Víctor,78rpm,77207,60-0193,"Carlos Gardel, José Razzano","Carlos Gardel, José Razzano",Eduardo Del Piano,43-46 Del Piano 1st Bando,Ángel D'Agostino,Romeo Molo,"Eduardo Del Piano, Salvador Cascone, Domingo Mattío, Alberto García, Mariano Rodas, Jacinto Nieves","Mario Perini, Victor Felice, Alberto Del Bagno, Alberto Del Monaco","Piano, Bass, 6 Bandoneons, 4 Violins"
Ángel D'Agostino,Orquesta Ángel D'Agostino,9/3/1943,Qué Lento Corre El Tren,,Tango,Ángel Vargas,Víctor,78rpm,77208,60-0204,Alfredo De Ángelis,Carmelo Volpe,Eduardo Del Piano,43-46 Del Piano 1st Bando,Ángel D'Agostino,Romeo Molo,"Eduardo Del Piano, Salvador Cascone, Domingo Mattío, Alberto García, Mariano Rodas, Jacinto Nieves","Mario Perini, Victor Felice, Alberto Del Bagno, Alberto Del Monaco","Piano, Bass, 6 Bandoneons, 4 Violins"
Ángel D'Agostino,Orquesta Ángel D'Agostino,9/9/1943,Un Tango Argentino,,Tango,Ángel Vargas,Víctor,78rpm,77206,60-0193,Carmelo Santiago,Carmelo Santiago,Eduardo Del Piano,43-46 Del Piano 1st Bando,Ángel D'Agostino,Romeo Molo,"Eduardo Del Piano, Salvador Cascone, Domingo Mattío, Alberto García, Mariano Rodas, Jacinto Nieves","Mario Perini, Victor Felice, Alberto Del Bagno, Alberto Del Monaco","Piano, Bass, 6 Bandoneons, 4 Violins"
Ángel D'Agostino,Orquesta Ángel D'Agostino,11/15/1943,Cantando Olvidaré,,Tango,Ángel Vargas,Víctor,78rpm,77379,60-0265,"Ángel D'Agostino, Alfredo Attadía",Jesús Blanco,Eduardo Del Piano,43-46 Del Piano 1st Bando,Ángel D'Agostino,Romeo Molo,"Eduardo Del Piano, Salvador Cascone, Domingo Mattío, Alberto García, Mariano Rodas, Jacinto Nieves","Mario Perini, Victor Felice, Alberto Del Bagno, Alberto Del Monaco","Piano, Bass, 6 Bandoneons, 4 Violins"
Ángel D'Agostino,Orquesta Ángel D'Agostino,11/15/1943,El Cornetín del Tranvía,,Tango,Ángel Vargas,Víctor,78rpm,77380,60-0312,Antonio Arona,Armando Tagini,Eduardo Del Piano,43-46 Del Piano 1st Bando,Ángel D'Agostino,Romeo Molo,"Eduardo Del Piano, Salvador Cascone, Domingo Mattío, Alberto García, Mariano Rodas, Jacinto Nieves","Mario Perini, Victor Felice, Alberto Del Bagno, Alberto Del Monaco","Piano, Bass, 6 Bandoneons, 4 Violins"
Ángel D'Agostino,Orquesta Ángel D'Agostino,11/15/1943,La Carreta,,Tango,Ángel Vargas,Víctor,78rpm,77378,60-0265,"José Servidio, Luis Servidio",Francisco Jiménez,Eduardo Del Piano,43-46 Del Piano 1st Bando,Ángel D'Agostino,Romeo Molo,"Eduardo Del Piano, Salvador Cascone, Domingo Mattío, Alberto García, Mariano Rodas, Jacinto Nieves","Mario Perini, Victor Felice, Alberto Del Bagno, Alberto Del Monaco","Piano, Bass, 6 Bandoneons, 4 Violins"
Ángel D'Agostino,Orquesta Ángel D'Agostino,12/5/1943,De Pura Cepa,,Tango,Instrumental,Víctor,78rpm,77443,60-0376,Roberto Firpo,Benjamín Lara,Eduardo Del Piano,43-46 Del Piano 1st Bando,Ángel D'Agostino,Romeo Molo,"Eduardo Del Piano, Salvador Cascone, Domingo Mattío, Alberto García, Mariano Rodas, Jacinto Nieves","Mario Perini, Victor Felice, Alberto Del Bagno, Alberto Del Monaco","Piano, Bass, 6 Bandoneons, 4 Violins"
Ángel D'Agostino,Orquesta Ángel D'Agostino,12/5/1943,Gran Muñeca,,Tango,Instrumental,Víctor,78rpm,77442,60-0312,Alfredo Bevilacqua,Antonio Polito,Eduardo Del Piano,43-46 Del Piano 1st Bando,Ángel D'Agostino,Romeo Molo,"Eduardo Del Piano, Salvador Cascone, Domingo Mattío, Alberto García, Mariano Rodas, Jacinto Nieves","Mario Perini, Victor Felice, Alberto Del Bagno, Alberto Del Monaco","Piano, Bass, 6 Bandoneons, 4 Violins"
Ángel D'Agostino,Orquesta Ángel D'Agostino,12/5/1943,De Pura Cepa,,Tango,Instrumental,Víctor,78rpm,77443,60-0376,Roberto Firpo,Benjamín Lara,Eduardo Del Piano,43-46 Del Piano 1st Bando,Ángel D'Agostino,Romeo Molo,"Eduardo Del Piano, Salvador Cascone, Domingo Mattío, Alberto García, Mariano Rodas, Jacinto Nieves","Mario Perini, Victor Felice, Alberto Del Bagno, Alberto Del Monaco","Piano, Bass, 6 Bandoneons, 4 Violins"
Ángel D'Agostino,Orquesta Ángel D'Agostino,1/31/1944,Esta Noche en Buenos Aires,,Tango,Ángel Vargas,Víctor,78rpm,79524,60-0348,"Ángel D'Agostino, Eduardo Del Piano",Avlis,Eduardo Del Piano,43-46 Del Piano 1st Bando,Ángel D'Agostino,Romeo Molo,"Eduardo Del Piano, Salvador Cascone, Domingo Mattío, Alberto García, Mariano Rodas, Jacinto Nieves","Mario Perini, Victor Felice, Alberto Del Bagno, Alberto Del Monaco","Piano, Bass, 6 Bandoneons, 4 Violins"
Ángel D'Agostino,Orquesta Ángel D'Agostino,1/31/1944,Quién Tuviera Dieciocho Años,Quien Tuviera 18 Años,Tango,Ángel Vargas,Víctor,78rpm,79523,60-0348,Guillermo Barbieri,Guillermo Barbieri,Eduardo Del Piano,43-46 Del Piano 1st Bando,Ángel D'Agostino,Romeo Molo,"Eduardo Del Piano, Salvador Cascone, Domingo Mattío, Alberto García, Mariano Rodas, Jacinto Nieves","Mario Perini, Victor Felice, Alberto Del Bagno, Alberto Del Monaco","Piano, Bass, 6 Bandoneons, 4 Violins"
Ángel D'Agostino,Orquesta Ángel D'Agostino,3/9/1944,El Espejo de Tus Ojos,,Vals,Ángel Vargas,Víctor,78rpm,79546,60-0420,Mario Perini,Ángel Vargas,Eduardo Del Piano,43-46 Del Piano 1st Bando,Ángel D'Agostino,Romeo Molo,"Eduardo Del Piano, Salvador Cascone, Domingo Mattío, Alberto García, Mariano Rodas, Jacinto Nieves","Mario Perini, Victor Felice, Alberto Del Bagno, Alberto Del Monaco","Piano, Bass, 6 Bandoneons, 4 Violins"
Ángel D'Agostino,Orquesta Ángel D'Agostino,3/9/1944,Mano Blanca,Manoblanca,Tango,Ángel Vargas,Víctor,78rpm,79547,60-0376,Arturo De Bassi,Homero Manzi,Eduardo Del Piano,43-46 Del Piano 1st Bando,Ángel D'Agostino,Romeo Molo,"Eduardo Del Piano, Salvador Cascone, Domingo Mattío, Alberto García, Mariano Rodas, Jacinto Nieves","Mario Perini, Victor Felice, Alberto Del Bagno, Alberto Del Monaco","Piano, Bass, 6 Bandoneons, 4 Violins"
Ángel D'Agostino,Orquesta Ángel D'Agostino,4/5/1944,Así Era el Tango,,Tango,Ángel Vargas,Víctor,78rpm,79615,60-0420,Fernando Montoni,Juan Guichandut,Eduardo Del Piano,43-46 Del Piano 1st Bando,Ángel D'Agostino,Romeo Molo,"Eduardo Del Piano, Salvador Cascone, Domingo Mattío, Alberto García, Mariano Rodas, Jacinto Nieves","Mario Perini, Victor Felice, Alberto Del Bagno, Alberto Del Monaco","Piano, Bass, 6 Bandoneons, 4 Violins"
Ángel D'Agostino,Orquesta Ángel D'Agostino,4/5/1944,Como El Hornero,,Tango,Ángel Vargas,Víctor,78rpm,79617,60-0404,Manuel Sucher,José Rótulo,Eduardo Del Piano,43-46 Del Piano 1st Bando,Ángel D'Agostino,Romeo Molo,"Eduardo Del Piano, Salvador Cascone, Domingo Mattío, Alberto García, Mariano Rodas, Jacinto Nieves","Mario Perini, Victor Felice, Alberto Del Bagno, Alberto Del Monaco","Piano, Bass, 6 Bandoneons, 4 Violins"
Ángel D'Agostino,Orquesta Ángel D'Agostino,4/5/1944,Más Solo Que Nunca,,Tango,Ángel Vargas,Víctor,78rpm,79616,60-0404,Francisco Leone,Enrique Dizeo,Eduardo Del Piano,43-46 Del Piano 1st Bando,Ángel D'Agostino,Romeo Molo,"Eduardo Del Piano, Salvador Cascone, Domingo Mattío, Alberto García, Mariano Rodas, Jacinto Nieves","Mario Perini, Victor Felice, Alberto Del Bagno, Alberto Del Monaco","Piano, Bass, 6 Bandoneons, 4 Violins"
Ángel D'Agostino,Orquesta Ángel D'Agostino,5/25/1944,El Poncho Del Olvido,Me Dejaste,Tango,Ángel Vargas,Víctor,78rpm,79711,60-0447,Adolfo Avilés,Enrique Maroni,Eduardo Del Piano,43-46 Del Piano 1st Bando,Ángel D'Agostino,Romeo Molo,"Eduardo Del Piano, Salvador Cascone, Domingo Mattío, Alberto García, Mariano Rodas, Jacinto Nieves","Mario Perini, Victor Felice, Alberto Del Bagno, Alberto Del Monaco","Piano, Bass, 6 Bandoneons, 4 Violins"
Ángel D'Agostino,Orquesta Ángel D'Agostino,5/26/1944,Su Carta No Llegó,,Tango,Ángel Vargas,Víctor,78rpm,79710,60-0447,Raúl Siro,Homero Manzi,Eduardo Del Piano,43-46 Del Piano 1st Bando,Ángel D'Agostino,Romeo Molo,"Eduardo Del Piano, Salvador Cascone, Domingo Mattío, Alberto García, Mariano Rodas, Jacinto Nieves","Mario Perini, Victor Felice, Alberto Del Bagno, Alberto Del Monaco","Piano, Bass, 6 Bandoneons, 4 Violins"
Ángel D'Agostino,Orquesta Ángel D'Agostino,5/25/1944,El Poncho Del Olvido,Me Dejaste,Tango,Ángel Vargas,Víctor,78rpm,79711,60-0447,Adolfo Avilés,Enrique Maroni,Eduardo Del Piano,43-46 Del Piano 1st Bando,Ángel D'Agostino,Romeo Molo,"Eduardo Del Piano, Salvador Cascone, Domingo Mattío, Alberto García, Mariano Rodas, Jacinto Nieves","Mario Perini, Victor Felice, Alberto Del Bagno, Alberto Del Monaco","Piano, Bass, 6 Bandoneons, 4 Violins"
Ángel D'Agostino,Orquesta Ángel D'Agostino,5/26/1944,Su Carta No Llegó,,Tango,Ángel Vargas,Víctor,78rpm,79710,60-0447,Raúl Siro,Homero Manzi,Eduardo Del Piano,43-46 Del Piano 1st Bando,Ángel D'Agostino,Romeo Molo,"Eduardo Del Piano, Salvador Cascone, Domingo Mattío, Alberto García, Mariano Rodas, Jacinto Nieves","Mario Perini, Victor Felice, Alberto Del Bagno, Alberto Del Monaco","Piano, Bass, 6 Bandoneons, 4 Violins"
Ángel D'Agostino,Orquesta Ángel D'Agostino,7/19/1944,Muñequita,,Tango,Ángel Vargas,Víctor,78rpm,79780,60-0493,Francisco Lomuto,Adolfo Herschel,Eduardo Del Piano,43-46 Del Piano 1st Bando,Ángel D'Agostino,Romeo Molo,"Eduardo Del Piano, Salvador Cascone, Domingo Mattío, Alberto García, Mariano Rodas, Jacinto Nieves","Mario Perini, Victor Felice, Alberto Del Bagno, Alberto Del Monaco","Piano, Bass, 6 Bandoneons, 4 Violins"
Ángel D'Agostino,Orquesta Ángel D'Agostino,7/19/1944,Todos Te Quieren,,Milonga,Instrumental,Víctor,78rpm,79781,60-0493,José Felipetti,Carlos Waiss,Eduardo Del Piano,43-46 Del Piano 1st Bando,Ángel D'Agostino,Romeo Molo,"Eduardo Del Piano, Salvador Cascone, Domingo Mattío, Alberto García, Mariano Rodas, Jacinto Nieves","Mario Perini, Victor Felice, Alberto Del Bagno, Alberto Del Monaco","Piano, Bass, 6 Bandoneons, 4 Violins"
Ángel D'Agostino,Orquesta Ángel D'Agostino,8/8/1944,La Última Cita,,Tango,Ángel Vargas,Víctor,78rpm,79807,60-0512,Agustín Bardi,Francisco Jiménez,Eduardo Del Piano,43-46 Del Piano 1st Bando,Ángel D'Agostino,Romeo Molo,"Eduardo Del Piano, Salvador Cascone, Domingo Mattío, Alberto García, Mariano Rodas, Jacinto Nieves","Mario Perini, Victor Felice, Alberto Del Bagno, Alberto Del Monaco","Piano, Bass, 6 Bandoneons, 4 Violins"
Ángel D'Agostino,Orquesta Ángel D'Agostino,8/8/1944,Mi Viejo Barrio,,Tango,Ángel Vargas,Víctor,78rpm,79806,60-0512,Víctor D'Amario,Francisco Lío,Eduardo Del Piano,43-46 Del Piano 1st Bando,Ángel D'Agostino,Romeo Molo,"Eduardo Del Piano, Salvador Cascone, Domingo Mattío, Alberto García, Mariano Rodas, Jacinto Nieves","Mario Perini, Victor Felice, Alberto Del Bagno, Alberto Del Monaco","Piano, Bass, 6 Bandoneons, 4 Violins"
Ángel D'Agostino,Orquesta Ángel D'Agostino,9/13/1944,La Nueva Vecina,,Tango,Ángel Vargas,Víctor,78rpm,79847,60-0538,Juan Guichandut,Juan Guichandut,Eduardo Del Piano,43-46 Del Piano 1st Bando,Ángel D'Agostino,Romeo Molo,"Eduardo Del Piano, Salvador Cascone, Domingo Mattío, Alberto García, Mariano Rodas, Jacinto Nieves","Mario Perini, Victor Felice, Alberto Del Bagno, Alberto Del Monaco","Piano, Bass, 6 Bandoneons, 4 Violins"
Ángel D'Agostino,Orquesta Ángel D'Agostino,9/13/1944,Palais de Glace,,Tango,Ángel Vargas,Víctor,78rpm,79848,60-0538,Rosendo Luna,Rosendo Luna,Eduardo Del Piano,43-46 Del Piano 1st Bando,Ángel D'Agostino,Romeo Molo,"Eduardo Del Piano, Salvador Cascone, Domingo Mattío, Alberto García, Mariano Rodas, Jacinto Nieves","Mario Perini, Victor Felice, Alberto Del Bagno, Alberto Del Monaco","Piano, Bass, 6 Bandoneons, 4 Violins"
Ángel D'Agostino,Orquesta Ángel D'Agostino,11/2/1944,El Cocherito,,Tango,Ángel Vargas,Víctor,78rpm,79917,60-0569,"Ángel D'Agostino, Alfredo Attadía",Santiago Adamini,Eduardo Del Piano,43-46 Del Piano 1st Bando,Ángel D'Agostino,Romeo Molo,"Eduardo Del Piano, Salvador Cascone, Domingo Mattío, Alberto García, Mariano Rodas, Jacinto Nieves","Mario Perini, Victor Felice, Alberto Del Bagno, Alberto Del Monaco","Piano, Bass, 6 Bandoneons, 4 Violins"
Ángel D'Agostino,Orquesta Ángel D'Agostino,11/2/1944,Rosita la Santiagueña,,Tango,Ángel Vargas,Víctor,78rpm,79916,60-0569,Héctor Marcó,Héctor Marcó,Eduardo Del Piano,43-46 Del Piano 1st Bando,Ángel D'Agostino,Romeo Molo,"Eduardo Del Piano, Salvador Cascone, Domingo Mattío, Alberto García, Mariano Rodas, Jacinto Nieves","Mario Perini, Victor Felice, Alberto Del Bagno, Alberto Del Monaco","Piano, Bass, 6 Bandoneons, 4 Violins"
Ángel D'Agostino,Orquesta Ángel D'Agostino,12/5/1944,Madreselva,,Tango,Ángel Vargas,Víctor,78rpm,79967,60-0590,Francisco Canaro,Luis Amadori,Eduardo Del Piano,43-46 Del Piano 1st Bando,Ángel D'Agostino,Romeo Molo,"Eduardo Del Piano, Salvador Cascone, Domingo Mattío, Alberto García, Mariano Rodas, Jacinto Nieves","Mario Perini, Victor Felice, Alberto Del Bagno, Alberto Del Monaco","Piano, Bass, 6 Bandoneons, 4 Violins"
Ángel D'Agostino,Orquesta Ángel D'Agostino,12/5/1944,Yo Soy de Parque Patricios,Yo Soy del Parque Patricios,Tango,Ángel Vargas,Víctor,78rpm,79966,60-0590,Victor Felice,Carlos Lucero,Eduardo Del Piano,43-46 Del Piano 1st Bando,Ángel D'Agostino,Romeo Molo,"Eduardo Del Piano, Salvador Cascone, Domingo Mattío, Alberto García, Mariano Rodas, Jacinto Nieves","Mario Perini, Victor Felice, Alberto Del Bagno, Alberto Del Monaco","Piano, Bass, 6 Bandoneons, 4 Violins"
Ángel D'Agostino,Orquesta Ángel D'Agostino,3/20/1945,Cuando Se Ha Querido Mucho,,Tango,Ángel Vargas,Víctor,78rpm,80579,60-0654,Federico Leone,Enrique Dizeo,Eduardo Del Piano,43-46 Del Piano 1st Bando,Ángel D'Agostino,Romeo Molo,"Eduardo Del Piano, Salvador Cascone, Domingo Mattío, Alberto García, Mariano Rodas, Jacinto Nieves","Mario Perini, Victor Felice, Alberto Del Bagno, Alberto Del Monaco","Piano, Bass, 6 Bandoneons, 4 Violins"
Ángel D'Agostino,Orquesta Ángel D'Agostino,3/20/1945,Señores Yo Soy del Centro,,Milonga,Ángel Vargas,Víctor,78rpm,80580,60-0654,Armando Baliotti,Santiago Adamini,Eduardo Del Piano,43-46 Del Piano 1st Bando,Ángel D'Agostino,Romeo Molo,"Eduardo Del Piano, Salvador Cascone, Domingo Mattío, Alberto García, Mariano Rodas, Jacinto Nieves","Mario Perini, Victor Felice, Alberto Del Bagno, Alberto Del Monaco","Piano, Bass, 6 Bandoneons, 4 Violins"
Ángel D'Agostino,Orquesta Ángel D'Agostino,4/5/1945,El Aristócrata,El Shusheta,Tango,Ángel Vargas,Víctor,78rpm,80600,60-0664,Juan Cobián,Enrique Cadícamo,Eduardo Del Piano,43-46 Del Piano 1st Bando,Ángel D'Agostino,Romeo Molo,"Eduardo Del Piano, Salvador Cascone, Domingo Mattío, Alberto García, Mariano Rodas, Jacinto Nieves","Mario Perini, Victor Felice, Alberto Del Bagno, Alberto Del Monaco","Piano, Bass, 6 Bandoneons, 4 Violins"
Ángel D'Agostino,Orquesta Ángel D'Agostino,4/5/1945,Mentira,Mentiras,Tango,Ángel Vargas,Víctor,78rpm,80599,60-0664,Francisco Pracáníco,Celedonio Flores,Eduardo Del Piano,43-46 Del Piano 1st Bando,Ángel D'Agostino,Romeo Molo,"Eduardo Del Piano, Salvador Cascone, Domingo Mattío, Alberto García, Mariano Rodas, Jacinto Nieves","Mario Perini, Victor Felice, Alberto Del Bagno, Alberto Del Monaco","Piano, Bass, 6 Bandoneons, 4 Violins"
Ángel D'Agostino,Orquesta Ángel D'Agostino,5/21/1945,De Corte Criollo,,Tango,Instrumental,Víctor,78rpm,80654,60-0692,Eduardo Del Piano,,Eduardo Del Piano,43-46 Del Piano 1st Bando,Ángel D'Agostino,Romeo Molo,"Eduardo Del Piano, Salvador Cascone, Domingo Mattío, Alberto García, Mariano Rodas, Jacinto Nieves","Mario Perini, Victor Felice, Alberto Del Bagno, Alberto Del Monaco","Piano, Bass, 6 Bandoneons, 4 Violins"
Ángel D'Agostino,Orquesta Ángel D'Agostino,5/21/1945,Hotel Victoria,Gran Hotel Victoria,Tango,Ángel Vargas,Víctor,78rpm,80655,60-0692,Feliciano Latasa,Carlos Pesce,Eduardo Del Piano,43-46 Del Piano 1st Bando,Ángel D'Agostino,Romeo Molo,"Eduardo Del Piano, Salvador Cascone, Domingo Mattío, Alberto García, Mariano Rodas, Jacinto Nieves","Mario Perini, Victor Felice, Alberto Del Bagno, Alberto Del Monaco","Piano, Bass, 6 Bandoneons, 4 Violins"
Ángel D'Agostino,Orquesta Ángel D'Agostino,7/17/1945,Menta y Cedrón,,Tango,Ángel Vargas,Víctor,78rpm,80725,60-0733,Antonio Arona,Armando Tagini,Eduardo Del Piano,43-46 Del Piano 1st Bando,Ángel D'Agostino,Romeo Molo,"Eduardo Del Piano, Salvador Cascone, Domingo Mattío, Alberto García, Mariano Rodas, Jacinto Nieves","Mario Perini, Victor Felice, Alberto Del Bagno, Alberto Del Monaco","Piano, Bass, 6 Bandoneons, 4 Violins"
Ángel D'Agostino,Orquesta Ángel D'Agostino,7/17/1945,Porque Me Siento Feliz,,Milonga,Ángel Vargas,Víctor,78rpm,80724,60-0733,Mario Perini,Ángel Vargas,Eduardo Del Piano,43-46 Del Piano 1st Bando,Ángel D'Agostino,Romeo Molo,"Eduardo Del Piano, Salvador Cascone, Domingo Mattío, Alberto García, Mariano Rodas, Jacinto Nieves","Mario Perini, Victor Felice, Alberto Del Bagno, Alberto Del Monaco","Piano, Bass, 6 Bandoneons, 4 Violins"
Ángel D'Agostino,Orquesta Ángel D'Agostino,8/7/1945,A Quién Le Puede Importar,,Tango,Ángel Vargas,Víctor,78rpm,80758,60-0749,Mariano Mores,Enrique Cadícamo,Eduardo Del Piano,43-46 Del Piano 1st Bando,Ángel D'Agostino,Romeo Molo,"Eduardo Del Piano, Salvador Cascone, Domingo Mattío, Alberto García, Mariano Rodas, Jacinto Nieves","Mario Perini, Victor Felice, Alberto Del Bagno, Alberto Del Monaco","Piano, Bass, 6 Bandoneons, 4 Violins"
Ángel D'Agostino,Orquesta Ángel D'Agostino,8/27/1945,Bailarín de Contraseña,,Tango,Ángel Vargas,Víctor,78rpm,80780,60-0768,Victor Felice,Carlos Lucero,Eduardo Del Piano,43-46 Del Piano 1st Bando,Ángel D'Agostino,Romeo Molo,"Eduardo Del Piano, Salvador Cascone, Domingo Mattío, Alberto García, Mariano Rodas, Jacinto Nieves","Mario Perini, Victor Felice, Alberto Del Bagno, Alberto Del Monaco","Piano, Bass, 6 Bandoneons, 4 Violins"
Ángel D'Agostino,Orquesta Ángel D'Agostino,8/27/1945,Pinta Blanca,,Tango,Ángel Vargas,Víctor,78rpm,80781,60-0768,Mario Perini,Cátulo Castillo,Eduardo Del Piano,43-46 Del Piano 1st Bando,Ángel D'Agostino,Romeo Molo,"Eduardo Del Piano, Salvador Cascone, Domingo Mattío, Alberto García, Mariano Rodas, Jacinto Nieves","Mario Perini, Victor Felice, Alberto Del Bagno, Alberto Del Monaco","Piano, Bass, 6 Bandoneons, 4 Violins"
Ángel D'Agostino,Orquesta Ángel D'Agostino,10/2/1945,A Pan Y Agua,,Tango,Ángel Vargas,Víctor,78rpm,80833,60-0769,Juan Cobián,Enrique Cadícamo,Eduardo Del Piano,43-46 Del Piano 1st Bando,Ángel D'Agostino,Romeo Molo,"Eduardo Del Piano, Salvador Cascone, Domingo Mattío, Alberto García, Mariano Rodas, Jacinto Nieves","Mario Perini, Victor Felice, Alberto Del Bagno, Alberto Del Monaco","Piano, Bass, 6 Bandoneons, 4 Violins"
Ángel D'Agostino,Orquesta Ángel D'Agostino,10/2/1945,Tristeza Criolla,,Vals,Ángel Vargas,Víctor,78rpm,80834,60-0796,Ignacio Corsini,Julián De Charras,Eduardo Del Piano,43-46 Del Piano 1st Bando,Ángel D'Agostino,Romeo Molo,"Eduardo Del Piano, Salvador Cascone, Domingo Mattío, Alberto García, Mariano Rodas, Jacinto Nieves","Mario Perini, Victor Felice, Alberto Del Bagno, Alberto Del Monaco","Piano, Bass, 6 Bandoneons, 4 Violins"
Ángel D'Agostino,Orquesta Ángel D'Agostino,11/2/1945,Ave De Paso,,Tango,Ángel Vargas,Víctor,78rpm,80872,60-0821,Charlo,Enrique Cadícamo,Eduardo Del Piano,43-46 Del Piano 1st Bando,Ángel D'Agostino,Romeo Molo,"Eduardo Del Piano, Salvador Cascone, Domingo Mattío, Alberto García, Mariano Rodas, Jacinto Nieves","Mario Perini, Victor Felice, Alberto Del Bagno, Alberto Del Monaco","Piano, Bass, 6 Bandoneons, 4 Violins"
Ángel D'Agostino,Orquesta Ángel D'Agostino,11/2/1945,De Igual a Igual,,Tango,Ángel Vargas,Víctor,78rpm,80869,60-0809,Rodolfo Sciammarella,Rodolfo Sciammarella,Eduardo Del Piano,43-46 Del Piano 1st Bando,Ángel D'Agostino,Romeo Molo,"Eduardo Del Piano, Salvador Cascone, Domingo Mattío, Alberto García, Mariano Rodas, Jacinto Nieves","Mario Perini, Victor Felice, Alberto Del Bagno, Alberto Del Monaco","Piano, Bass, 6 Bandoneons, 4 Violins"
Ángel D'Agostino,Orquesta Ángel D'Agostino,11/2/1945,No Vendrá,,Tango,Ángel Vargas,Víctor,78rpm,80871,60-0821,Enrique Cadícamo,Enrique Cadícamo,Eduardo Del Piano,43-46 Del Piano 1st Bando,Ángel D'Agostino,Romeo Molo,"Eduardo Del Piano, Salvador Cascone, Domingo Mattío, Alberto García, Mariano Rodas, Jacinto Nieves","Mario Perini, Victor Felice, Alberto Del Bagno, Alberto Del Monaco","Piano, Bass, 6 Bandoneons, 4 Violins"
Ángel D'Agostino,Orquesta Ángel D'Agostino,11/2/1945,Rondando Tu Esquina,,Tango,Ángel Vargas,Víctor,78rpm,80870,60-0809,Charlo,Enrique Cadícamo,Eduardo Del Piano,43-46 Del Piano 1st Bando,Ángel D'Agostino,Romeo Molo,"Eduardo Del Piano, Salvador Cascone, Domingo Mattío, Alberto García, Mariano Rodas, Jacinto Nieves","Mario Perini, Victor Felice, Alberto Del Bagno, Alberto Del Monaco","Piano, Bass, 6 Bandoneons, 4 Violins"
Ángel D'Agostino,Orquesta Ángel D'Agostino,2/8/1946,Serpentinas De Esperanza,,Tango,Ángel Vargas,Víctor,78rpm,82001,60-0883,José Canet,Afner Gatti,Eduardo Del Piano,43-46 Del Piano 1st Bando,Ángel D'Agostino,Romeo Molo,"Eduardo Del Piano, Salvador Cascone, Domingo Mattío, Alberto García, Mariano Rodas, Jacinto Nieves","Mario Perini, Victor Felice, Alberto Del Bagno, Alberto Del Monaco","Piano, Bass, 6 Bandoneons, 4 Violins"
Ángel D'Agostino,Orquesta Ángel D'Agostino,3/29/1946,Destellos,,Tango,Ángel Vargas,Víctor,78rpm,82053,60-0911,Francisco Canaro,Juan Caruso,Eduardo Del Piano,43-46 Del Piano 1st Bando,Ángel D'Agostino,Romeo Molo,"Eduardo Del Piano, Salvador Cascone, Domingo Mattío, Alberto García, Mariano Rodas, Jacinto Nieves","Mario Perini, Victor Felice, Alberto Del Bagno, Alberto Del Monaco","Piano, Bass, 6 Bandoneons, 4 Violins"
Ángel D'Agostino,Orquesta Ángel D'Agostino,3/29/1946,Racing Club,,Tango,Instrumental,Víctor,78rpm,82052,60-0911,Vicente Greco,Ernesto Temes,Eduardo Del Piano,43-46 Del Piano 1st Bando,Ángel D'Agostino,Romeo Molo,"Eduardo Del Piano, Salvador Cascone, Domingo Mattío, Alberto García, Mariano Rodas, Jacinto Nieves","Mario Perini, Victor Felice, Alberto Del Bagno, Alberto Del Monaco","Piano, Bass, 6 Bandoneons, 4 Violins"
Ángel D'Agostino,Orquesta Ángel D'Agostino,7/12/1946,Con Sabor a Tango,,Tango,Instrumental,Víctor,78rpm,82215,60-0991,Eduardo Del Piano,,Eduardo Del Piano,43-46 Del Piano 1st Bando,Ángel D'Agostino,Romeo Molo,"Eduardo Del Piano, Salvador Cascone, Domingo Mattío, Alberto García, Mariano Rodas, Jacinto Nieves","Mario Perini, Victor Felice, Alberto Del Bagno, Alberto Del Monaco","Piano, Bass, 6 Bandoneons, 4 Violins"
Ángel D'Agostino,Orquesta Ángel D'Agostino,7/12/1946,El Morocho y el Oriental,Gardel-razzano,Milonga,Ángel Vargas,Víctor,78rpm,82214,60-0991,Ángel D'Agostino,Enrique Cadícamo,Eduardo Del Piano,43-46 Del Piano 1st Bando,Ángel D'Agostino,Romeo Molo,"Eduardo Del Piano, Salvador Cascone, Domingo Mattío, Alberto García, Mariano Rodas, Jacinto Nieves","Mario Perini, Victor Felice, Alberto Del Bagno, Alberto Del Monaco","Piano, Bass, 6 Bandoneons, 4 Violins"
Ángel D'Agostino,Orquesta Ángel D'Agostino,9/10/1946,Camino Del Tucumán,,Tango,Ángel Vargas,Víctor,78rpm,82336,60-1044,"José Razzano, Cátulo Castillo","José Razzano, Cátulo Castillo",Eduardo Del Piano,43-46 Del Piano 1st Bando,Ángel D'Agostino,Romeo Molo,"Eduardo Del Piano, Salvador Cascone, Domingo Mattío, Alberto García, Mariano Rodas, Jacinto Nieves","Mario Perini, Victor Felice, Alberto Del Bagno, Alberto Del Monaco","Piano, Bass, 6 Bandoneons, 4 Violins"
Ángel D'Agostino,Orquesta Ángel D'Agostino,9/10/1946,Demasiado Tarde,,Tango,Ángel Vargas,Víctor,78rpm,82335,60-1044,Francisco Tróppoli,Agustín Delamónica,Eduardo Del Piano,43-46 Del Piano 1st Bando,Ángel D'Agostino,Romeo Molo,"Eduardo Del Piano, Salvador Cascone, Domingo Mattío, Alberto García, Mariano Rodas, Jacinto Nieves","Mario Perini, Victor Felice, Alberto Del Bagno, Alberto Del Monaco","Piano, Bass, 6 Bandoneons, 4 Violins"
Ángel D'Agostino,Orquesta Ángel D'Agostino,6/10/1947,Alma De Bohemio,,Tango,Tino García,Víctor,78rpm,83476,60-1350,Roberto Firpo,Juan Caruso,Eduardo Del Piano,47-63 Post Vargas,Ángel D'Agostino,Romeo Molo,"Máximo Mori, Salvador Cascone, Domingo Mattío, Alberto García, Mariano Rodas, Jacinto Nieves","Mario Perini, Victor Felice, Alberto Del Bagno, Alberto Del Monaco","Piano, Bass, 6 Bandoneons, 4 Violins"
Ángel D'Agostino,Orquesta Ángel D'Agostino,6/10/1947,Era en Otro Buenos Aires,,Tango,Tino García,Víctor,78rpm,83477,60-1350,Fernando Montoni,Horacio Sanguinetti,Eduardo Del Piano,47-63 Post Vargas,Ángel D'Agostino,Romeo Molo,"Máximo Mori, Salvador Cascone, Domingo Mattío, Alberto García, Mariano Rodas, Jacinto Nieves","Mario Perini, Victor Felice, Alberto Del Bagno, Alberto Del Monaco","Piano, Bass, 6 Bandoneons, 4 Violins"
Ángel D'Agostino,Orquesta Ángel D'Agostino,12/18/1951,Carnavales de Mi Vida,Mosca Muerta,Tango,Tino García,Víctor,Micro,94444,60-0203,Juan Cobián,Enrique Cadícamo,Víctor Braña,47-63 Post Vargas,Ángel D'Agostino,Vicente Sicarretta,"Juan Miguel Rodríguez, Santiago Coppola, Atilio Carral, Jacinto Nieves, Miguel Fernández, Manuel Daponte, Ernesto Baffa","Víctor Braña, Carlos Arnaiz, Claudio González, José Votti, Armando Andrade, Victorio Casagrande (Viola)","Piano, Bass, 7 Bandoneons, 5 Violins, Viola"
Ángel D'Agostino,Orquesta Ángel D'Agostino,12/18/1951,El Trece,El 13,Tango,Tino García,Víctor,Micro,94443,60-0203,Alberico Spátola,Ángel Villoldo,Víctor Braña,47-63 Post Vargas,Ángel D'Agostino,Vicente Sicarretta,"Juan Miguel Rodríguez, Santiago Coppola, Atilio Carral, Jacinto Nieves, Miguel Fernández, Manuel Daponte, Ernesto Baffa","Víctor Braña, Carlos Arnaiz, Claudio González, José Votti, Armando Andrade, Victorio Casagrande (Viola)","Piano, Bass, 7 Bandoneons, 5 Violins, Viola"
Ángel D'Agostino,Orquesta Ángel D'Agostino,1/24/1952,Bailarín Compadrito,,Tango,Tino García,Víctor,Micro,94801,68-0230,Miguel Bucino,Miguel Bucino,Víctor Braña,47-63 Post Vargas,Ángel D'Agostino,Vicente Sicarretta,"Juan Miguel Rodríguez, Santiago Coppola, Atilio Carral, Jacinto Nieves, Miguel Fernández, Manuel Daponte, Ernesto Baffa","Víctor Braña, Carlos Arnaiz, Claudio González, José Votti, Armando Andrade, Victorio Casagrande (Viola)","Piano, Bass, 7 Bandoneons, 5 Violins, Viola"
Ángel D'Agostino,Orquesta Ángel D'Agostino,1/24/1952,Mi Distinguida Pebeta,,Tango,Rubén Cané,Víctor,Micro,94802,68-0230,Juan Guichandut,Horacio Sanguinetti,Víctor Braña,47-63 Post Vargas,Ángel D'Agostino,Vicente Sicarretta,"Juan Miguel Rodríguez, Santiago Coppola, Atilio Carral, Jacinto Nieves, Miguel Fernández, Manuel Daponte, Ernesto Baffa","Víctor Braña, Carlos Arnaiz, Claudio González, José Votti, Armando Andrade, Victorio Casagrande (Viola)","Piano, Bass, 7 Bandoneons, 5 Violins, Viola"
Ángel D'Agostino,Orquesta Ángel D'Agostino,7/24/1952,Argañaraz,Aquellas Farras,Tango,Tino García,Víctor,Micro,,68-0346 SO-0013,Roberto Firpo,Enrique Cadícamo,Víctor Braña,47-63 Post Vargas,Ángel D'Agostino,Vicente Sicarretta,"Juan Miguel Rodríguez, Santiago Coppola, Atilio Carral, Jacinto Nieves, Miguel Fernández, Manuel Daponte, Ernesto Baffa","Víctor Braña, Carlos Arnaiz, Claudio González, José Votti, Armando Andrade, Victorio Casagrande (Viola)","Piano, Bass, 7 Bandoneons, 5 Violins, Viola"
Ángel D'Agostino,Orquesta Ángel D'Agostino,7/24/1952,Café de Barracas,No,Tango,Tino García,Víctor,Micro,,68-0346 SO-0012,Eduardo Arolas,Enrique Cadícamo,Víctor Braña,47-63 Post Vargas,Ángel D'Agostino,Vicente Sicarretta,"Juan Miguel Rodríguez, Santiago Coppola, Atilio Carral, Jacinto Nieves, Miguel Fernández, Manuel Daponte, Ernesto Baffa","Víctor Braña, Carlos Arnaiz, Claudio González, José Votti, Armando Andrade, Victorio Casagrande (Viola)","Piano, Bass, 7 Bandoneons, 5 Violins, Viola"
Ángel D'Agostino,Orquesta Ángel D'Agostino,8/20/1952,Abransen las Pulperías,,Tango,Tino García,Víctor,Micro,,68-0376 SO-0066,"Ángel D'Agostino, Alfredo Attadía",Héctor Marcó,Víctor Braña,47-63 Post Vargas,Ángel D'Agostino,Vicente Sicarretta,"Juan Miguel Rodríguez, Santiago Coppola, Atilio Carral, Jacinto Nieves, Miguel Fernández, Manuel Daponte, Ernesto Baffa","Víctor Braña, Carlos Arnaiz, Claudio González, José Votti, Armando Andrade, Victorio Casagrande (Viola)","Piano, Bass, 7 Bandoneons, 5 Violins, Viola"
Ángel D'Agostino,Orquesta Ángel D'Agostino,8/20/1952,La Cumparsita,Si Supieras,Tango,Tino García,Víctor,Micro,,68-0376 SO-0066,Gerardo Rodríguez,"Pascual Contursi, Enrique Maroni",Víctor Braña,47-63 Post Vargas,Ángel D'Agostino,Vicente Sicarretta,"Juan Miguel Rodríguez, Santiago Coppola, Atilio Carral, Jacinto Nieves, Miguel Fernández, Manuel Daponte, Ernesto Baffa","Víctor Braña, Carlos Arnaiz, Claudio González, José Votti, Armando Andrade, Victorio Casagrande (Viola)","Piano, Bass, 7 Bandoneons, 5 Violins, Viola"
Ángel D'Agostino,Orquesta Ángel D'Agostino,10/31/1952,Pico de Oro,,Tango,Tino García,Víctor,Micro,,68-0455 SO-0212,Juan Cobián,Enrique Cadícamo,Víctor Braña,47-63 Post Vargas,Ángel D'Agostino,Vicente Sicarretta,"Juan Miguel Rodríguez, Santiago Coppola, Atilio Carral, Jacinto Nieves, Miguel Fernández, Manuel Daponte, Ernesto Baffa","Víctor Braña, Carlos Arnaiz, Claudio González, José Votti, Armando Andrade, Victorio Casagrande (Viola)","Piano, Bass, 7 Bandoneons, 5 Violins, Viola"
Ángel D'Agostino,Orquesta Ángel D'Agostino,10/31/1952,Un Copetín,,Tango,Rubén Cané,Víctor,Micro,,68-0455 SO-0213,Juan Maglio,José Fernández,Víctor Braña,47-63 Post Vargas,Ángel D'Agostino,Vicente Sicarretta,"Juan Miguel Rodríguez, Santiago Coppola, Atilio Carral, Jacinto Nieves, Miguel Fernández, Manuel Daponte, Ernesto Baffa","Víctor Braña, Carlos Arnaiz, Claudio González, José Votti, Armando Andrade, Victorio Casagrande (Viola)","Piano, Bass, 7 Bandoneons, 5 Violins, Viola"
Ángel D'Agostino,Orquesta Ángel D'Agostino,2/2/1953,Cascabelito,,Tango,Ricardo Ruiz,Víctor,Micro,,68-0592 SO-0383,José Bohr,Juan Caruso,Máximo Mori,47-63 Post Vargas,Ángel D'Agostino,Vicente Sicarretta,"Máximo Mori, Juan Miguel Rodríguez, Santiago Coppola, Atilio Carral, Jacinto Nieves, Miguel Fernández, Manuel Daponte, Ernesto Baffa","Carlos Arnaiz, Víctor Braña, Claudio González, José Votti, Armando Andrade, Victorio Casagrande (Viola)","Piano, Bass, 8 Bandoneons, 5 Violins, Viola"
Ángel D'Agostino,Orquesta Ángel D'Agostino,2/2/1953,Esquinas Porteñas,,Vals,Rubén Cané,Víctor,Micro,,68-0591 SO-0384,Sebastián Piana,Homero Manzi,Máximo Mori,47-63 Post Vargas,Ángel D'Agostino,Vicente Sicarretta,"Máximo Mori, Juan Miguel Rodríguez, Santiago Coppola, Atilio Carral, Jacinto Nieves, Miguel Fernández, Manuel Daponte, Ernesto Baffa","Carlos Arnaiz, Víctor Braña, Claudio González, José Votti, Armando Andrade, Victorio Casagrande (Viola)","Piano, Bass, 8 Bandoneons, 5 Violins, Viola"
Ángel D'Agostino,Orquesta Ángel D'Agostino,2/2/1953,No Aflojés,,Tango,Rubén Cané,Víctor,Micro,,68-0592 SO-0386,"Pedro Maffía, Sebastián Piana",Mario Battistella,Máximo Mori,47-63 Post Vargas,Ángel D'Agostino,Vicente Sicarretta,"Máximo Mori, Juan Miguel Rodríguez, Santiago Coppola, Atilio Carral, Jacinto Nieves, Miguel Fernández, Manuel Daponte, Ernesto Baffa","Carlos Arnaiz, Víctor Braña, Claudio González, José Votti, Armando Andrade, Victorio Casagrande (Viola)","Piano, Bass, 8 Bandoneons, 5 Violins, Viola"
Ángel D'Agostino,Orquesta Ángel D'Agostino,2/2/1953,Polvorín,,Tango,Rubén Cané,Víctor,Micro,,68-0592 SO-0385,José Martínez,Manuel Romero,Máximo Mori,47-63 Post Vargas,Ángel D'Agostino,Vicente Sicarretta,"Máximo Mori, Juan Miguel Rodríguez, Santiago Coppola, Atilio Carral, Jacinto Nieves, Miguel Fernández, Manuel Daponte, Ernesto Baffa","Carlos Arnaiz, Víctor Braña, Claudio González, José Votti, Armando Andrade, Victorio Casagrande (Viola)","Piano, Bass, 8 Bandoneons, 5 Violins, Viola"
Ángel D'Agostino,Orquesta Ángel D'Agostino,8/10/1953,Gil a Rayas,,Tango,Instrumental,Víctor,Micro,,68-0974 SO-0974,Juan Guyot,Rafael Herraiz,Máximo Mori,47-63 Post Vargas,Ángel D'Agostino,Vicente Sicarretta,"Máximo Mori, Juan Miguel Rodríguez, Santiago Coppola, Atilio Carral, Jacinto Nieves, Miguel Fernández, Manuel Daponte, Ernesto Baffa","Carlos Arnaiz, Víctor Braña, Claudio González, José Votti, Armando Andrade, Victorio Casagrande (Viola)","Piano, Bass, 8 Bandoneons, 5 Violins, Viola"
Ángel D'Agostino,Orquesta Ángel D'Agostino,8/10/1953,Se Llamaba Eduardo Arolas,Adiós Arolas,Tango,Rubén Cané,Víctor,Micro,,68-0974 SO-1085,Ángel D'Agostino,Enrique Cadícamo,Máximo Mori,47-63 Post Vargas,Ángel D'Agostino,Vicente Sicarretta,"Máximo Mori, Juan Miguel Rodríguez, Santiago Coppola, Atilio Carral, Jacinto Nieves, Miguel Fernández, Manuel Daponte, Ernesto Baffa","Carlos Arnaiz, Víctor Braña, Claudio González, José Votti, Armando Andrade, Victorio Casagrande (Viola)","Piano, Bass, 8 Bandoneons, 5 Violins, Viola"
Ángel D'Agostino,Orquesta Ángel D'Agostino,9/3/1953,El Cocherito,,Tango,Rubén Cané,Víctor,Micro,,68-1054 SO-1621,"Ángel D'Agostino, Alfredo Attadía",Santiago Adamini,Máximo Mori,47-63 Post Vargas,Ángel D'Agostino,Vicente Sicarretta,"Máximo Mori, Juan Miguel Rodríguez, Santiago Coppola, Atilio Carral, Jacinto Nieves, Miguel Fernández, Manuel Daponte, Ernesto Baffa","Carlos Arnaiz, Víctor Braña, Claudio González, José Votti, Armando Andrade, Victorio Casagrande (Viola)","Piano, Bass, 8 Bandoneons, 5 Violins, Viola"
Ángel D'Agostino,Orquesta Ángel D'Agostino,9/3/1953,Muchacho,,Tango,Rubén Cané,Víctor,Micro,,68-1054 SO-1622,Edgardo Donato,Celedonio Flores,Máximo Mori,47-63 Post Vargas,Ángel D'Agostino,Vicente Sicarretta,"Máximo Mori, Juan Miguel Rodríguez, Santiago Coppola, Atilio Carral, Jacinto Nieves, Miguel Fernández, Manuel Daponte, Ernesto Baffa","Carlos Arnaiz, Víctor Braña, Claudio González, José Votti, Armando Andrade, Victorio Casagrande (Viola)","Piano, Bass, 8 Bandoneons, 5 Violins, Viola"
Ángel D'Agostino,Orquesta Ángel D'Agostino,1/26/1954,La Sonámbula,,Tango,Instrumental,Víctor,Tape,,68-1475 SO-1943,Pascual Cardarópoli,,Máximo Mori,47-63 Post Vargas,Ángel D'Agostino,Vicente Sicarretta,"Máximo Mori, Juan Miguel Rodríguez, Santiago Coppola, Atilio Carral, Jacinto Nieves, Miguel Fernández, Manuel Daponte, Ernesto Baffa","Carlos Arnaiz, Víctor Braña, Claudio González, José Votti, Armando Andrade, Victorio Casagrande (Viola)","Piano, Bass, 8 Bandoneons, 5 Violins, Viola"
Ángel D'Agostino,Orquesta Ángel D'Agostino,1/26/1954,Tiento Crudo,,Milonga,Tino García y Rubén Cané con palabras De Victor Braña,Víctor,Tape,,68-1475 SO-1942,Víctor Braña,Enrique Gaudino,Máximo Mori,47-63 Post Vargas,Ángel D'Agostino,Vicente Sicarretta,"Máximo Mori, Juan Miguel Rodríguez, Santiago Coppola, Atilio Carral, Jacinto Nieves, Miguel Fernández, Manuel Daponte, Ernesto Baffa","Carlos Arnaiz, Víctor Braña, Claudio González, José Votti, Armando Andrade, Victorio Casagrande (Viola)","Piano, Bass, 8 Bandoneons, 5 Violins, Viola"
Ángel D'Agostino,Orquesta Ángel D'Agostino,2/19/1954,Carnaval De Mi Barrio,,Tango,Tino García y Rubén Cané,Víctor,Tape,,68-1516 SO-1986,Luis Rubistein,Luis Rubistein,Máximo Mori,47-63 Post Vargas,Ángel D'Agostino,Vicente Sicarretta,"Máximo Mori, Juan Miguel Rodríguez, Santiago Coppola, Atilio Carral, Jacinto Nieves, Miguel Fernández, Manuel Daponte, Ernesto Baffa","Carlos Arnaiz, Víctor Braña, Claudio González, José Votti, Armando Andrade, Victorio Casagrande (Viola)","Piano, Bass, 8 Bandoneons, 5 Violins, Viola"
Ángel D'Agostino,Orquesta Ángel D'Agostino,2/19/1954,Cómo Querés que Te Quiera,,Tango,Tino García,Víctor,Tape,,68-1516 SO-1987,Héctor Marcó,Héctor Marcó,Máximo Mori,47-63 Post Vargas,Ángel D'Agostino,Vicente Sicarretta,"Máximo Mori, Juan Miguel Rodríguez, Santiago Coppola, Atilio Carral, Jacinto Nieves, Miguel Fernández, Manuel Daponte, Ernesto Baffa","Carlos Arnaiz, Víctor Braña, Claudio González, José Votti, Armando Andrade, Victorio Casagrande (Viola)","Piano, Bass, 8 Bandoneons, 5 Violins, Viola"
Ángel D'Agostino,Orquesta Ángel D'Agostino,8/16/1955,Café Domínguez,,Tango,glosas por Julián Centeya,Víctor,Tape,,68-2214 SO-4130,Ángel D'Agostino,Enrique Cadícamo,Máximo Mori,47-63 Post Vargas,Ángel D'Agostino,Vicente Sicarretta,"Máximo Mori, Juan Miguel Rodríguez, Santiago Coppola, Atilio Carral, Jacinto Nieves, Miguel Fernández, Manuel Daponte, Ernesto Baffa","Carlos Arnaiz, Víctor Braña, Claudio González, José Votti, Armando Andrade, Victorio Casagrande (Viola)","Piano, Bass, 8 Bandoneons, 5 Violins, Viola"
Ángel D'Agostino,Orquesta Ángel D'Agostino,8/16/1955,Ella,,Vals,Tino García,Víctor,Tape,,68-2214 SO-4131,José Jiménez,José Jiménez,Máximo Mori,47-63 Post Vargas,Ángel D'Agostino,Vicente Sicarretta,"Máximo Mori, Juan Miguel Rodríguez, Santiago Coppola, Atilio Carral, Jacinto Nieves, Miguel Fernández, Manuel Daponte, Ernesto Baffa","Carlos Arnaiz, Víctor Braña, Claudio González, José Votti, Armando Andrade, Victorio Casagrande (Viola)","Piano, Bass, 8 Bandoneons, 5 Violins, Viola"
Ángel D'Agostino,Orquesta Ángel D'Agostino,4/25/1959,La Barranca,,Tango,Tino García,Víctor,Tape,,1A-1761 KAAB-1008,Charlo,Enrique Cadícamo,Máximo Mori,47-63 Post Vargas,Ángel D'Agostino,Vicente Sicarretta,"Máximo Mori, Juan Miguel Rodríguez, Santiago Coppola, Atilio Carral, Jacinto Nieves, Miguel Fernández, Manuel Daponte, Ernesto Baffa","Claudio González, José Votti, Armando Andrade, Victorio Casagrande (Viola)","Piano, Bass, 8 Bandoneons, 3 Violins, Viola"
Ángel D'Agostino,Orquesta Ángel D'Agostino,4/25/1959,La Violetera,,Tango,Roberto Alvar,Víctor,Tape,,1A-1809 KAAB-1009,Anselmo Aieta,Francisco Jiménez,Máximo Mori,47-63 Post Vargas,Ángel D'Agostino,Vicente Sicarretta,"Máximo Mori, Juan Miguel Rodríguez, Santiago Coppola, Atilio Carral, Jacinto Nieves, Miguel Fernández, Manuel Daponte, Ernesto Baffa",,"Piano, Bass, 8 Bandoneons"
Ángel D'Agostino,Orquesta Ángel D'Agostino,4/25/1959,La Barranca,,Tango,Tino García,Víctor,Tape,,1A-1761 KAAB-1008,Charlo,Enrique Cadícamo,Máximo Mori,47-63 Post Vargas,Ángel D'Agostino,Vicente Sicarretta,"Máximo Mori, Juan Miguel Rodríguez, Santiago Coppola, Atilio Carral, Jacinto Nieves, Miguel Fernández, Manuel Daponte, Ernesto Baffa",,"Piano, Bass, 8 Bandoneons"
Ángel D'Agostino,Orquesta Ángel D'Agostino,4/25/1959,La Violetera,,Tango,Roberto Alvar,Víctor,Tape,,1A-1809 KAAB-1009,Anselmo Aieta,Francisco Jiménez,Máximo Mori,47-63 Post Vargas,Ángel D'Agostino,Vicente Sicarretta,"Máximo Mori, Juan Miguel Rodríguez, Santiago Coppola, Atilio Carral, Jacinto Nieves, Miguel Fernández, Manuel Daponte, Ernesto Baffa",,"Piano, Bass, 8 Bandoneons"
Ángel D'Agostino,Orquesta Ángel D'Agostino,9/16/1959,Corazón Cobarde,,Tango,Tino García,Víctor,Tape,,1A-1809 KAAB-1240,Carlos Zárate,Elizardo Vilas,Máximo Mori,47-63 Post Vargas,Ángel D'Agostino,Vicente Sicarretta,"Máximo Mori, Juan Miguel Rodríguez, Santiago Coppola, Atilio Carral, Jacinto Nieves, Miguel Fernández, Manuel Daponte, Ernesto Baffa",,"Piano, Bass, 8 Bandoneons"
Ángel D'Agostino,Orquesta Ángel D'Agostino,9/16/1959,Ángel Vargas,El Ruiseñor,Tango,Roberto Alvar,Víctor,Tape,,1A-1809 KAAB-1239,"Ángel D'Agostino, Eduardo Pereyra, Enrique Cadícamo","Ángel D'Agostino, Eduardo Pereyra, Enrique Cadícamo",Máximo Mori,47-63 Post Vargas,Ángel D'Agostino,Vicente Sicarretta,"Máximo Mori, Juan Miguel Rodríguez, Santiago Coppola, Atilio Carral, Jacinto Nieves, Miguel Fernández, Manuel Daponte, Ernesto Baffa",,"Piano, Bass, 8 Bandoneons"
Ángel D'Agostino,Orquesta Ángel D'Agostino,1962,El Bar De Rosendo,,Tango,Tino García,Víctor,Tape,,1502 PS-61003,Ángel D'Agostino,Enrique Cadícamo,Máximo Mori,47-63 Post Vargas,Ángel D'Agostino,Vicente Sicarretta,"Máximo Mori, Juan Miguel Rodríguez, Santiago Coppola, Atilio Carral, Jacinto Nieves, Miguel Fernández, Manuel Daponte, Ernesto Baffa",,"Piano, Bass, 8 Bandoneons"
Ángel D'Agostino,Orquesta Ángel D'Agostino,1962,Gerardo Matos Rodríguez,,Tango,Tino García,Víctor,Tape,,1502 PS-61002,Pablo Hechím,Raúl Rosales,Máximo Mori,47-63 Post Vargas,Ángel D'Agostino,Vicente Sicarretta,"Máximo Mori, Juan Miguel Rodríguez, Santiago Coppola, Atilio Carral, Jacinto Nieves, Miguel Fernández, Manuel Daponte, Ernesto Baffa",,"Piano, Bass, 8 Bandoneons"
Ángel D'Agostino,Orquesta Ángel D'Agostino,5/6/1962,Mi Viejo Buenos Aires,,Tango,Tino García,Víctor,Tape,,AVS-4422 MAAB-3816,Carlos Minotti,Agustín Minotti,Máximo Mori,47-63 Post Vargas,Ángel D'Agostino,Vicente Sicarretta,"Máximo Mori, Juan Miguel Rodríguez, Santiago Coppola, Atilio Carral, Jacinto Nieves, Miguel Fernández, Manuel Daponte, Ernesto Baffa",,"Piano, Bass, 8 Bandoneons"
Ángel D'Agostino,Orquesta Ángel D'Agostino,1962,Yo Soy el Tango Señores,,Tango,Roberto Alvar,Víctor,Tape,,1502 PS-61002,Roberto Prechi,Raúl Gramajo,Máximo Mori,47-63 Post Vargas,Ángel D'Agostino,Vicente Sicarretta,"Máximo Mori, Juan Miguel Rodríguez, Santiago Coppola, Atilio Carral, Jacinto Nieves, Miguel Fernández, Manuel Daponte, Ernesto Baffa",,"Piano, Bass, 8 Bandoneons"
Ángel D'Agostino,Orquesta Ángel D'Agostino,5/6/1962,Gil a Rayas,,Tango,Instrumental,Víctor,Tape,,AVL-3493 MAAB-3817,Juan Guyot,Rafael Herraiz,Máximo Mori,47-63 Post Vargas,Ángel D'Agostino,Vicente Sicarretta,"Máximo Mori, Juan Miguel Rodríguez, Santiago Coppola, Atilio Carral, Jacinto Nieves, Miguel Fernández, Manuel Daponte, Ernesto Baffa",,"Piano, Bass, 8 Bandoneons"
Ángel D'Agostino,Orquesta Ángel D'Agostino,5/6/1962,Mi Viejo Buenos Aires,,Tango,Tino García,Víctor,Tape,,AVS-4422 MAAB-3816,Carlos Minotti,Agustín Minotti,Máximo Mori,47-63 Post Vargas,Ángel D'Agostino,Vicente Sicarretta,"Máximo Mori, Juan Miguel Rodríguez, Santiago Coppola, Atilio Carral, Jacinto Nieves, Miguel Fernández, Manuel Daponte, Ernesto Baffa",,"Piano, Bass, 8 Bandoneons"
Ángel D'Agostino,Orquesta Ángel D'Agostino,5/20/1963,Mi Chiquita,,Tango,Raúl Lavié,Víctor,Tape,,AVL-3486 MAAB-3838,Ángel D'Agostino,Enrique Cadícamo,Máximo Mori,47-63 Post Vargas,Ángel D'Agostino,Vicente Sicarretta,"Máximo Mori, Juan Miguel Rodríguez, Santiago Coppola, Atilio Carral, Jacinto Nieves, Miguel Fernández, Manuel Daponte, Ernesto Baffa",,"Piano, Bass, 8 Bandoneons"
Ángel D'Agostino,Orquesta Ángel D'Agostino,5/20/1963,Yo Te Canto Buenos Aires,,Tango,Raúl Lavié,Víctor,Tape,,AVL-3486 MAAB-3839,Héctor Varela,Carlos Waiss,Máximo Mori,47-63 Post Vargas,Ángel D'Agostino,Vicente Sicarretta,"Máximo Mori, Juan Miguel Rodríguez, Santiago Coppola, Atilio Carral, Jacinto Nieves, Miguel Fernández, Manuel Daponte, Ernesto Baffa",,"Piano, Bass, 8 Bandoneons"
