Bandleader,Orchestra,Date,Title,AltTitle,Genre,Singer,Label,Master,Matrix,Disc,Composer,Author,Arranger,Grouping,Pianist,Bassist,Bandoneons,Strings,Lineup
Armando Pontier,Orquesta Armando Pontier,1955-08-10,La Viruta,,Tango,Instrumental,Víctor,,,,Vicente Greco,,,55-57 Víctor,Ángel Cichetti,Fernando Cabarcos,"Armando Pontier, Nicolás Paracino, Antonio Roscini, Ángel Digiovanni","Alberto Del Bagno, José Sarmiento, Ernesto Gianni, Pedro Desret","Piano, Bass, 4 Bandoneons, 4 Violins"
Armando Pontier,Orquesta Armando Pontier,1955-08-10,Llorando la Carta,,Tango,Julio Sosa,Víctor,,,,Juan Fulginiti,Juan Fulginiti,,55-57 Víctor,Ángel Cichetti,Fernando Cabarcos,"Armando Pontier, Nicolás Paracino, Antonio Roscini, Ángel Digiovanni","Alberto Del Bagno, José Sarmiento, Ernesto Gianni, Pedro Desret","Piano, Bass, 4 Bandoneons, 4 Violins"
Armando Pontier,Orquesta Armando Pontier,1955-09-13,La Cumparsita,Si Supieras,Tango,Instrumental,Víctor,,,,Gerardo Rodríguez,"Pascual Contursi, Enrique Maroni, Gerardo Rodríguez",,55-57 Víctor,Ángel Cichetti,Fernando Cabarcos,"Armando Pontier, Nicolás Paracino, Antonio Roscini, Ángel Digiovanni","Alberto Del Bagno, José Sarmiento, Ernesto Gianni, Pedro Desret","Piano, Bass, 4 Bandoneons, 4 Violins"
Armando Pontier,Orquesta Armando Pontier,1955-09-13,Lágrimas de Sangre,,Tango,Roberto Florio,Víctor,,,,Roberto Giménez,Roberto Giménez,,55-57 Víctor,Ángel Cichetti,Fernando Cabarcos,"Armando Pontier, Nicolás Paracino, Antonio Roscini, Ángel Digiovanni","Alberto Del Bagno, José Sarmiento, Ernesto Gianni, Pedro Desret","Piano, Bass, 4 Bandoneons, 4 Violins"
Armando Pontier,Orquesta Armando Pontier,1955-10-04,El Apronte,,Tango,Instrumental,Víctor,,,,Roberto Firpo,,,55-57 Víctor,Ángel Cichetti,Fernando Cabarcos,"Armando Pontier, Nicolás Paracino, Antonio Roscini, Ángel Digiovanni","Alberto Del Bagno, José Sarmiento, Ernesto Gianni, Pedro Desret","Piano, Bass, 4 Bandoneons, 4 Violins"
Armando Pontier,Orquesta Armando Pontier,1955-10-04,Quién Hubiera Dicho,,Tango,Julio Sosa,Víctor,,,,Rodolfo Sciammarella,Luis Amadori,,55-57 Víctor,Ángel Cichetti,Fernando Cabarcos,"Armando Pontier, Nicolás Paracino, Antonio Roscini, Ángel Digiovanni","Alberto Del Bagno, José Sarmiento, Ernesto Gianni, Pedro Desret","Piano, Bass, 4 Bandoneons, 4 Violins"
Armando Pontier,Orquesta Armando Pontier,1955-10-27,A Tus Pies Bailarín,,Tango,Instrumental,Víctor,,,,Armando Pontier,,,55-57 Víctor,Ángel Cichetti,Fernando Cabarcos,"Armando Pontier, Nicolás Paracino, Antonio Roscini, Ángel Digiovanni","Alberto Del Bagno, José Sarmiento, Ernesto Gianni, Pedro Desret","Piano, Bass, 4 Bandoneons, 4 Violins"
Armando Pontier,Orquesta Armando Pontier,1955-10-27,Padrino Pelao,,Tango,Julio Sosa,Víctor,,,,Enrique Delfino,Julio Cantuarias,,55-57 Víctor,Ángel Cichetti,Fernando Cabarcos,"Armando Pontier, Nicolás Paracino, Antonio Roscini, Ángel Digiovanni","Alberto Del Bagno, José Sarmiento, Ernesto Gianni, Pedro Desret","Piano, Bass, 4 Bandoneons, 4 Violins"
Armando Pontier,Orquesta Armando Pontier,1956,El Bulín de la Calle Ayacucho,En Vivo,Tango,Julio Sosa,Víctor,,,,"José Servidio, Luis Servidio",Celedonio Flores,,55-57 Víctor,Ángel Cichetti,Fernando Cabarcos,"Armando Pontier, Nicolás Paracino, Antonio Roscini, Ángel Digiovanni","Alberto Del Bagno, José Sarmiento, Ernesto Gianni, Pedro Desret","Piano, Bass, 4 Bandoneons, 4 Violins"
Armando Pontier,Orquesta Armando Pontier,1956,La Pifiada,,Tango,Instrumental,Víctor,,,,Ángel Cicchietti,,,55-57 Víctor,Ángel Cichetti,Fernando Cabarcos,"Armando Pontier, Nicolás Paracino, Antonio Roscini, Ángel Digiovanni","Alberto Del Bagno, José Sarmiento, Ernesto Gianni, Pedro Desret","Piano, Bass, 4 Bandoneons, 4 Violins"
Armando Pontier,Orquesta Armando Pontier,1956,No Te Engañes Corazón,,Tango,Roberto Florio,Víctor,,,,Rodolfo Sciammarella,Rodolfo Sciammarella,,55-57 Víctor,Ángel Cichetti,Fernando Cabarcos,"Armando Pontier, Nicolás Paracino, Antonio Roscini, Ángel Digiovanni","Alberto Del Bagno, José Sarmiento, Ernesto Gianni, Pedro Desret","Piano, Bass, 4 Bandoneons, 4 Violins"
Armando Pontier,Orquesta Armando Pontier,1956-01-18,El Rosal de los Cerros,,Tango,Julio Sosa,Víctor,,,,Eduardo Bonessi,José De Cicco,,55-57 Víctor,Ángel Cichetti,Fernando Cabarcos,"Armando Pontier, Nicolás Paracino, Antonio Roscini, Ángel Digiovanni","Alberto Del Bagno, José Sarmiento, Ernesto Gianni, Pedro Desret","Piano, Bass, 4 Bandoneons, 4 Violins"
Armando Pontier,Orquesta Armando Pontier,1956-01-18,Pura Clase,,Tango,Instrumental,Víctor,,,,Adolfo Rosquellas,,,55-57 Víctor,Ángel Cichetti,Fernando Cabarcos,"Armando Pontier, Nicolás Paracino, Antonio Roscini, Ángel Digiovanni","Alberto Del Bagno, José Sarmiento, Ernesto Gianni, Pedro Desret","Piano, Bass, 4 Bandoneons, 4 Violins"
Armando Pontier,Orquesta Armando Pontier,1956-01-20,En el Corsito del Barrio,,Milonga,Julio Sosa,Víctor,,,,"Abel Aznar, Reinaldo Yiso","Abel Aznar, Reinaldo Yiso",,55-57 Víctor,Ángel Cichetti,Fernando Cabarcos,"Armando Pontier, Nicolás Paracino, Antonio Roscini, Ángel Digiovanni","Alberto Del Bagno, José Sarmiento, Ernesto Gianni, Pedro Desret","Piano, Bass, 4 Bandoneons, 4 Violins"
Armando Pontier,Orquesta Armando Pontier,1956-01-20,Quemá Esas Cartas,,Vals,Roberto Florio,Víctor,,,,Alberto Cosentino,Juan López,,55-57 Víctor,Ángel Cichetti,Fernando Cabarcos,"Armando Pontier, Nicolás Paracino, Antonio Roscini, Ángel Digiovanni","Alberto Del Bagno, José Sarmiento, Ernesto Gianni, Pedro Desret","Piano, Bass, 4 Bandoneons, 4 Violins"
Armando Pontier,Orquesta Armando Pontier,1956-04-13,Repuntando,,Tango,Instrumental,Víctor,,,,"Juan Salomone, Nicolás Paracino",Juan Salomone,,55-57 Víctor,Ángel Cichetti,Fernando Cabarcos,"Armando Pontier, Nicolás Paracino, Antonio Roscini, Ángel Digiovanni","Alberto Del Bagno, José Sarmiento, Ernesto Gianni, Pedro Desret","Piano, Bass, 4 Bandoneons, 4 Violins"
Armando Pontier,Orquesta Armando Pontier,1956-04-13,Tiempos Viejos,Te Acordás Hermano,Tango,Julio Sosa,Víctor,,,,Francisco Canaro,Manuel Romero,,55-57 Víctor,Ángel Cichetti,Fernando Cabarcos,"Armando Pontier, Nicolás Paracino, Antonio Roscini, Ángel Digiovanni","Alberto Del Bagno, José Sarmiento, Ernesto Gianni, Pedro Desret","Piano, Bass, 4 Bandoneons, 4 Violins"
Armando Pontier,Orquesta Armando Pontier,1956-07-31,Dónde Estás Corazón,,Tango,Oscar Ferrari,Víctor,,,,Augusto Berto,Luis Serrano,,55-57 Víctor,Ángel Cichetti,Fernando Cabarcos,"Armando Pontier, Nicolás Paracino, Antonio Roscini, Ángel Digiovanni","Alberto Del Bagno, José Sarmiento, Ernesto Gianni, Pedro Desret","Piano, Bass, 4 Bandoneons, 4 Violins"
Armando Pontier,Orquesta Armando Pontier,1956-07-31,Fuegos Artificiales,,Tango,Instrumental,Víctor,,,,"Roberto Firpo, Eduardo Arolas",,,55-57 Víctor,Ángel Cichetti,Fernando Cabarcos,"Armando Pontier, Nicolás Paracino, Antonio Roscini, Ángel Digiovanni","Alberto Del Bagno, José Sarmiento, Ernesto Gianni, Pedro Desret","Piano, Bass, 4 Bandoneons, 4 Violins"
Armando Pontier,Orquesta Armando Pontier,1956-08-09,Papas Calientes,,Tango,Instrumental,Víctor,,,,Eduardo Arolas,Héctor Polito,,55-57 Víctor,Ángel Cichetti,Fernando Cabarcos,"Armando Pontier, Nicolás Paracino, Antonio Roscini, Ángel Digiovanni","Alberto Del Bagno, José Sarmiento, Ernesto Gianni, Pedro Desret","Piano, Bass, 4 Bandoneons, 4 Violins"
Armando Pontier,Orquesta Armando Pontier,1956-08-15,La Cachila,,Tango,Instrumental,Víctor,,,,Eduardo Arolas,Héctor Polito,,55-57 Víctor,Ángel Cichetti,Fernando Cabarcos,"Armando Pontier, Nicolás Paracino, Antonio Roscini, Ángel Digiovanni","Alberto Del Bagno, José Sarmiento, Ernesto Gianni, Pedro Desret","Piano, Bass, 4 Bandoneons, 4 Violins"
Armando Pontier,Orquesta Armando Pontier,1956-10-17,Buenos Aires,,Tango,Oscar Ferrari,Víctor,,,,Manuel Jovés,Manuel Romero,,55-57 Víctor,Ángel Cichetti,Fernando Cabarcos,"Armando Pontier, Nicolás Paracino, Antonio Roscini, Ángel Digiovanni","Alberto Del Bagno, José Sarmiento, Ernesto Gianni, Pedro Desret","Piano, Bass, 4 Bandoneons, 4 Violins"
Armando Pontier,Orquesta Armando Pontier,1956-10-17,Silbando,,Tango,Julio Sosa,Víctor,,,,"Cátulo Castillo, Sebastián Piana",José Castillo,,55-57 Víctor,Ángel Cichetti,Fernando Cabarcos,"Armando Pontier, Nicolás Paracino, Antonio Roscini, Ángel Digiovanni","Alberto Del Bagno, José Sarmiento, Ernesto Gianni, Pedro Desret","Piano, Bass, 4 Bandoneons, 4 Violins"
Armando Pontier,Orquesta Armando Pontier,1957,El Mismo Final,,Tango,Julio Sosa,Víctor,,,,Armando Pontier,Federico Silva,,55-57 Víctor,Ángel Cichetti,Fernando Cabarcos,"Armando Pontier, Nicolás Paracino, Antonio Roscini, Ángel Digiovanni","Alberto Del Bagno, José Sarmiento, Ernesto Gianni, Pedro Desret","Piano, Bass, 4 Bandoneons, 4 Violins"
Armando Pontier,Orquesta Armando Pontier,1957-02-07,Martingala,,Milonga,Julio Sosa,Víctor,,,,Miguel Bucino,Miguel Bucino,,55-57 Víctor,Ángel Cichetti,Fernando Cabarcos,"Armando Pontier, Nicolás Paracino, Antonio Roscini, Ángel Digiovanni","Alberto Del Bagno, José Sarmiento, Ernesto Gianni, Pedro Desret","Piano, Bass, 4 Bandoneons, 4 Violins"
Armando Pontier,Orquesta Armando Pontier,1957-02-07,Quedémonos Aquí,,Tango,Oscar Ferrari,Víctor,,,,Héctor Stamponi,Homero Expósito,,55-57 Víctor,Ángel Cichetti,Fernando Cabarcos,"Armando Pontier, Nicolás Paracino, Antonio Roscini, Ángel Digiovanni","Alberto Del Bagno, José Sarmiento, Ernesto Gianni, Pedro Desret","Piano, Bass, 4 Bandoneons, 4 Violins"
Armando Pontier,Orquesta Armando Pontier,1957-06-14,El Recodo,,Tango,Julio Sosa,Víctor,,,,Alejandro Junnissi,Armando Tagini,,55-57 Víctor,Ángel Cichetti,Fernando Cabarcos,"Armando Pontier, Nicolás Paracino, Antonio Roscini, Ángel Digiovanni","Alberto Del Bagno, José Sarmiento, Ernesto Gianni, Pedro Desret","Piano, Bass, 4 Bandoneons, 4 Violins"
Armando Pontier,Orquesta Armando Pontier,1957-06-25,A la Gran Muñeca,,Tango,Instrumental,Columbia,,,,Jesús Ventura,Miguel Osés,,57-61 Columbia,Ángel Cichetti,Fernando Cabarcos,"Armando Pontier, Nicolás Paracino, Antonio Roscini, Ángel Digiovanni","Alberto Del Bagno, José Sarmiento, Ernesto Gianni, Pedro Desret","Piano, Bass, 4 Bandoneons, 4 Violins"
Armando Pontier,Orquesta Armando Pontier,1957-06-25,Estas Cosas de la Vida,,Tango,Julio Sosa,Columbia,,,,Arturo Gallucci,Reinaldo Yiso,,57-61 Columbia,Ángel Cichetti,Fernando Cabarcos,"Armando Pontier, Nicolás Paracino, Antonio Roscini, Ángel Digiovanni","Alberto Del Bagno, José Sarmiento, Ernesto Gianni, Pedro Desret","Piano, Bass, 4 Bandoneons, 4 Violins"
Armando Pontier,Orquesta Armando Pontier,1957-07-22,Bésame Mi Amor,,Tango,Oscar Ferrari,Columbia,,,,Enrique Lomuto,Oscar Rubens,,57-61 Columbia,Ángel Cichetti,Fernando Cabarcos,"Armando Pontier, Nicolás Paracino, Antonio Roscini, Ángel Digiovanni","Alberto Del Bagno, José Sarmiento, Ernesto Gianni, Pedro Desret","Piano, Bass, 4 Bandoneons, 4 Violins"
Armando Pontier,Orquesta Armando Pontier,1957-07-22,La Gayola,La Cárcel,Tango,Julio Sosa,Columbia,,,,Rafael Tuegols,Armando Tagini,,57-61 Columbia,Ángel Cichetti,Fernando Cabarcos,"Armando Pontier, Nicolás Paracino, Antonio Roscini, Ángel Digiovanni","Alberto Del Bagno, José Sarmiento, Ernesto Gianni, Pedro Desret","Piano, Bass, 4 Bandoneons, 4 Violins"
Armando Pontier,Orquesta Armando Pontier,1957-08-05,Caminito,,Tango,Oscar Ferrari,Columbia,,,,Juan Filiberto,Gabino Peñaloza,,57-61 Columbia,Ángel Cichetti,Fernando Cabarcos,"Armando Pontier, Nicolás Paracino, Antonio Roscini, Ángel Digiovanni","Alberto Del Bagno, José Sarmiento, Ernesto Gianni, Pedro Desret","Piano, Bass, 4 Bandoneons, 4 Violins"
Armando Pontier,Orquesta Armando Pontier,1957-08-05,Nunca Es Tarde,Todavía Estás a Tiempo,Tango,Julio Sosa,Columbia,,,,Eduardo Pereyra,Celedonio Flores,,57-61 Columbia,Ángel Cichetti,Fernando Cabarcos,"Armando Pontier, Nicolás Paracino, Antonio Roscini, Ángel Digiovanni","Alberto Del Bagno, José Sarmiento, Ernesto Gianni, Pedro Desret","Piano, Bass, 4 Bandoneons, 4 Violins"
Armando Pontier,Orquesta Armando Pontier,1957-08-07,Barrio Pobre,,Tango,Julio Sosa,Columbia,,,,Vicente Belvedere,Francisco Jiménez,,57-61 Columbia,Ángel Cichetti,Fernando Cabarcos,"Armando Pontier, Nicolás Paracino, Antonio Roscini, Ángel Digiovanni","Alberto Del Bagno, José Sarmiento, Ernesto Gianni, Pedro Desret","Piano, Bass, 4 Bandoneons, 4 Violins"
Armando Pontier,Orquesta Armando Pontier,1957-08-07,Derecho Viejo,,Tango,Instrumental,Columbia,,,,Eduardo Arolas,Gabriel Clausi,,57-61 Columbia,Ángel Cichetti,Fernando Cabarcos,"Armando Pontier, Nicolás Paracino, Antonio Roscini, Ángel Digiovanni","Alberto Del Bagno, José Sarmiento, Ernesto Gianni, Pedro Desret","Piano, Bass, 4 Bandoneons, 4 Violins"
Armando Pontier,Orquesta Armando Pontier,1957-08-09,Barrio Pobre,,Tango,Julio Sosa,Columbia,,,,Vicente Belvedere,Francisco Jiménez,,57-61 Columbia,Ángel Cichetti,Fernando Cabarcos,"Armando Pontier, Nicolás Paracino, Antonio Roscini, Ángel Digiovanni","Alberto Del Bagno, José Sarmiento, Ernesto Gianni, Pedro Desret","Piano, Bass, 4 Bandoneons, 4 Violins"
Armando Pontier,Orquesta Armando Pontier,1957-08-09,Brindis de Sangre,,Tango,Julio Sosa,Columbia,,,,Abel Fleury,José Suarez,,57-61 Columbia,Ángel Cichetti,Fernando Cabarcos,"Armando Pontier, Nicolás Paracino, Antonio Roscini, Ángel Digiovanni","Alberto Del Bagno, José Sarmiento, Ernesto Gianni, Pedro Desret","Piano, Bass, 4 Bandoneons, 4 Violins"
Armando Pontier,Orquesta Armando Pontier,1957-08-09,El Entrerriano,El Entrerriano,Tango,Instrumental,Columbia,,,,Anselmo Mendizábal,Ernesto Amor,,57-61 Columbia,Ángel Cichetti,Fernando Cabarcos,"Armando Pontier, Nicolás Paracino, Antonio Roscini, Ángel Digiovanni","Alberto Del Bagno, José Sarmiento, Ernesto Gianni, Pedro Desret","Piano, Bass, 4 Bandoneons, 4 Violins"
Armando Pontier,Orquesta Armando Pontier,1957-08-09,El Torito,,Tango,Instrumental,Columbia,,,,Ángel Villoldo,"Carlos Pesce, Antonio Polito",,57-61 Columbia,Ángel Cichetti,Fernando Cabarcos,"Armando Pontier, Nicolás Paracino, Antonio Roscini, Ángel Digiovanni","Alberto Del Bagno, José Sarmiento, Ernesto Gianni, Pedro Desret","Piano, Bass, 4 Bandoneons, 4 Violins"
Armando Pontier,Orquesta Armando Pontier,1957-08-28,Abuelito,,Tango,Julio Sosa,Columbia,,,,Alberto Laporte,"Eduardo Trongé, Carlos Cabral",,57-61 Columbia,Ángel Cichetti,Fernando Cabarcos,"Armando Pontier, Nicolás Paracino, Antonio Roscini, Ángel Digiovanni","Alberto Del Bagno, José Sarmiento, Ernesto Gianni, Pedro Desret","Piano, Bass, 4 Bandoneons, 4 Violins"
Armando Pontier,Orquesta Armando Pontier,1957-08-28,Olga,,Vals,Instrumental,Columbia,,,,Francisco Peña,,,57-61 Columbia,Ángel Cichetti,Fernando Cabarcos,"Armando Pontier, Nicolás Paracino, Antonio Roscini, Ángel Digiovanni","Alberto Del Bagno, José Sarmiento, Ernesto Gianni, Pedro Desret","Piano, Bass, 4 Bandoneons, 4 Violins"
Armando Pontier,Orquesta Armando Pontier,1957-08-29,Abuelito,,Tango,Julio Sosa,Columbia,,,,Alberto Laporte,"Eduardo Trongé, Carlos Cabral",,57-61 Columbia,Ángel Cichetti,Fernando Cabarcos,"Armando Pontier, Nicolás Paracino, Antonio Roscini, Ángel Digiovanni","Alberto Del Bagno, José Sarmiento, Ernesto Gianni, Pedro Desret","Piano, Bass, 4 Bandoneons, 4 Violins"
Armando Pontier,Orquesta Armando Pontier,1957-08-29,Olga,,Vals,Instrumental,Columbia,,,,Francisco Peña,,,57-61 Columbia,Ángel Cichetti,Fernando Cabarcos,"Armando Pontier, Nicolás Paracino, Antonio Roscini, Ángel Digiovanni","Alberto Del Bagno, José Sarmiento, Ernesto Gianni, Pedro Desret","Piano, Bass, 4 Bandoneons, 4 Violins"
Armando Pontier,Orquesta Armando Pontier,1957-09-25,Uno,,Tango,Julio Sosa,Columbia,,,,Mariano Mores,Enrique Discépolo,,57-61 Columbia,Ángel Cichetti,Fernando Cabarcos,"Armando Pontier, Nicolás Paracino, Antonio Roscini, Ángel Digiovanni","Alberto Del Bagno, José Sarmiento, Ernesto Gianni, Pedro Desret","Piano, Bass, 4 Bandoneons, 4 Violins"
Armando Pontier,Orquesta Armando Pontier,1957-09-25,Venganza,,Tango,Oscar Ferrari,Columbia,,,,Luis Rubistein,Luis Rubistein,,57-61 Columbia,Ángel Cichetti,Fernando Cabarcos,"Armando Pontier, Nicolás Paracino, Antonio Roscini, Ángel Digiovanni","Alberto Del Bagno, José Sarmiento, Ernesto Gianni, Pedro Desret","Piano, Bass, 4 Bandoneons, 4 Violins"
Armando Pontier,Orquesta Armando Pontier,1957-09-30,El Torito,,Milonga,Instrumental,Columbia,,,,Ángel Villoldo,"Carlos Pesce, Antonio Polito",,57-61 Columbia,Ángel Cichetti,Fernando Cabarcos,"Armando Pontier, Nicolás Paracino, Antonio Roscini, Ángel Digiovanni","Alberto Del Bagno, José Sarmiento, Ernesto Gianni, Pedro Desret","Piano, Bass, 4 Bandoneons, 4 Violins"
Armando Pontier,Orquesta Armando Pontier,1957-09-30,Zorro Gris,,Tango,Instrumental,Columbia,,,,Rafael Tuegols,Francisco Jiménez,,57-61 Columbia,Ángel Cichetti,Fernando Cabarcos,"Armando Pontier, Nicolás Paracino, Antonio Roscini, Ángel Digiovanni","Alberto Del Bagno, José Sarmiento, Ernesto Gianni, Pedro Desret","Piano, Bass, 4 Bandoneons, 4 Violins"
Armando Pontier,Orquesta Armando Pontier,1958-02-25,Cambalache,,Tango,Julio Sosa,Columbia,,,,Enrique Discépolo,Enrique Discépolo,,57-61 Columbia,Ángel Cichetti,Fernando Cabarcos,"Armando Pontier, Nicolás Paracino, Antonio Roscini, Ángel Digiovanni","Alberto Del Bagno, José Sarmiento, Ernesto Gianni, Pedro Desret","Piano, Bass, 4 Bandoneons, 4 Violins"
Armando Pontier,Orquesta Armando Pontier,1958-02-25,Qué Me Importa Tu Pasado,,Tango,Julio Sosa,Columbia,,,,Retama,Roberto Giménez,,57-61 Columbia,Ángel Cichetti,Fernando Cabarcos,"Armando Pontier, Nicolás Paracino, Antonio Roscini, Ángel Digiovanni","Alberto Del Bagno, José Sarmiento, Ernesto Gianni, Pedro Desret","Piano, Bass, 4 Bandoneons, 4 Violins"
Armando Pontier,Orquesta Armando Pontier,1958-05-16,Guapo y Varón,,Tango,Julio Sosa,Columbia,,,,Enrique Delfino,Manuel Romero,,57-61 Columbia,Ángel Cichetti,Fernando Cabarcos,"Armando Pontier, Nicolás Paracino, Antonio Roscini, Ángel Digiovanni","Alberto Del Bagno, José Sarmiento, Ernesto Gianni, Pedro Desret","Piano, Bass, 4 Bandoneons, 4 Violins"
Armando Pontier,Orquesta Armando Pontier,1958-05-16,Sentimiento Gaucho,,Tango,Oscar Ferrari,Columbia,,,,"Francisco Canaro, Rafael Canaro",Juan Caruso,,57-61 Columbia,Ángel Cichetti,Fernando Cabarcos,"Armando Pontier, Nicolás Paracino, Antonio Roscini, Ángel Digiovanni","Alberto Del Bagno, José Sarmiento, Ernesto Gianni, Pedro Desret","Piano, Bass, 4 Bandoneons, 4 Violins"
Armando Pontier,Orquesta Armando Pontier,1958-06-03,Che Papusa Oí,,Tango,Julio Sosa,Columbia,,,,Gerardo Rodríguez,Enrique Cadícamo,,57-61 Columbia,Ángel Cichetti,Fernando Cabarcos,"Armando Pontier, Nicolás Paracino, Antonio Roscini, Ángel Digiovanni","Alberto Del Bagno, José Sarmiento, Ernesto Gianni, Pedro Desret","Piano, Bass, 4 Bandoneons, 4 Violins"
Armando Pontier,Orquesta Armando Pontier,1958-06-03,Ojos Negros,Dark Eyes,Tango,Instrumental,Columbia,,,,"Vicente Greco, Ernesto Temes",Pedro Córdoba,,57-61 Columbia,Ángel Cichetti,Fernando Cabarcos,"Armando Pontier, Nicolás Paracino, Antonio Roscini, Ángel Digiovanni","Alberto Del Bagno, José Sarmiento, Ernesto Gianni, Pedro Desret","Piano, Bass, 4 Bandoneons, 4 Violins"
Armando Pontier,Orquesta Armando Pontier,1958-06-12,El Marne,,Tango,Instrumental,Columbia,,,,Eduardo Arolas,Gabriel Clausi,,57-61 Columbia,Ángel Cichetti,Fernando Cabarcos,"Armando Pontier, Nicolás Paracino, Antonio Roscini, Ángel Digiovanni","Alberto Del Bagno, José Sarmiento, Ernesto Gianni, Pedro Desret","Piano, Bass, 4 Bandoneons, 4 Violins"
Armando Pontier,Orquesta Armando Pontier,1958-06-12,Tengo Miedo,,Tango,Julio Sosa,Columbia,,,,José Aguilar,Celedonio Flores,,57-61 Columbia,Ángel Cichetti,Fernando Cabarcos,"Armando Pontier, Nicolás Paracino, Antonio Roscini, Ángel Digiovanni","Alberto Del Bagno, José Sarmiento, Ernesto Gianni, Pedro Desret","Piano, Bass, 4 Bandoneons, 4 Violins"
Armando Pontier,Orquesta Armando Pontier,1958-07-03,Confesión,,Tango,Julio Sosa,Columbia,,,,Enrique Discépolo,"Enrique Discépolo, Luis Amadori",,57-61 Columbia,Ángel Cichetti,Fernando Cabarcos,"Armando Pontier, Nicolás Paracino, Antonio Roscini, Ángel Digiovanni","Alberto Del Bagno, José Sarmiento, Ernesto Gianni, Pedro Desret","Piano, Bass, 4 Bandoneons, 4 Violins"
Armando Pontier,Orquesta Armando Pontier,1958-07-04,Confesión,,Tango,Julio Sosa,Columbia,,,,Enrique Discépolo,"Enrique Discépolo, Luis Amadori",,57-61 Columbia,Ángel Cichetti,Fernando Cabarcos,"Armando Pontier, Nicolás Paracino, Antonio Roscini, Ángel Digiovanni","Alberto Del Bagno, José Sarmiento, Ernesto Gianni, Pedro Desret","Piano, Bass, 4 Bandoneons, 4 Violins"
Armando Pontier,Orquesta Armando Pontier,1958-07-04,El Choclo,Kiss Of Fire,Tango,Instrumental,Columbia,,,,Ángel Villoldo,"Juan Catán, Enrique Discépolo",,57-61 Columbia,Ángel Cichetti,Fernando Cabarcos,"Armando Pontier, Nicolás Paracino, Antonio Roscini, Ángel Digiovanni","Alberto Del Bagno, José Sarmiento, Ernesto Gianni, Pedro Desret","Piano, Bass, 4 Bandoneons, 4 Violins"
Armando Pontier,Orquesta Armando Pontier,1958-07-15,El Pañuelito,,Tango,Oscar Ferrari,Columbia,,,,Juan Filiberto,Gabino Peñaloza,,57-61 Columbia,Ángel Cichetti,Fernando Cabarcos,"Armando Pontier, Nicolás Paracino, Antonio Roscini, Ángel Digiovanni","Alberto Del Bagno, José Sarmiento, Ernesto Gianni, Pedro Desret","Piano, Bass, 4 Bandoneons, 4 Violins"
Armando Pontier,Orquesta Armando Pontier,1958-07-15,Taquito Militar,,Milonga,Instrumental,Columbia,,,,Mariano Mores,,,57-61 Columbia,Ángel Cichetti,Fernando Cabarcos,"Armando Pontier, Nicolás Paracino, Antonio Roscini, Ángel Digiovanni","Alberto Del Bagno, José Sarmiento, Ernesto Gianni, Pedro Desret","Piano, Bass, 4 Bandoneons, 4 Violins"
Armando Pontier,Orquesta Armando Pontier,1958-08-12,El Amanecer,,Tango,Instrumental,Columbia,,,,Roberto Firpo,,,57-61 Columbia,Ángel Cichetti,Fernando Cabarcos,"Armando Pontier, Nicolás Paracino, Antonio Roscini, Ángel Digiovanni","Alberto Del Bagno, José Sarmiento, Ernesto Gianni, Pedro Desret","Piano, Bass, 4 Bandoneons, 4 Violins"
Armando Pontier,Orquesta Armando Pontier,1958-08-12,La Casita de Mis Viejos,La Casita de Mis Padres,Tango,Julio Sosa,Columbia,,,,Juan Cobián,Enrique Cadícamo,,57-61 Columbia,Ángel Cichetti,Fernando Cabarcos,"Armando Pontier, Nicolás Paracino, Antonio Roscini, Ángel Digiovanni","Alberto Del Bagno, José Sarmiento, Ernesto Gianni, Pedro Desret","Piano, Bass, 4 Bandoneons, 4 Violins"
Armando Pontier,Orquesta Armando Pontier,1958-09-16,Adoración,,Vals,Oscar Ferrari,Columbia,,,,Ramón Argüello,Pedro Pidoto,,57-61 Columbia,Ángel Cichetti,Fernando Cabarcos,"Armando Pontier, Nicolás Paracino, Antonio Roscini, Ángel Digiovanni","Alberto Del Bagno, José Sarmiento, Ernesto Gianni, Pedro Desret","Piano, Bass, 4 Bandoneons, 4 Violins"
Armando Pontier,Orquesta Armando Pontier,1958-09-16,Enfunda la Mangolina,,Tango,Julio Sosa,Columbia,,,,Francisco Pracánico,Horacio Mansilla,,57-61 Columbia,Ángel Cichetti,Fernando Cabarcos,"Armando Pontier, Nicolás Paracino, Antonio Roscini, Ángel Digiovanni","Alberto Del Bagno, José Sarmiento, Ernesto Gianni, Pedro Desret","Piano, Bass, 4 Bandoneons, 4 Violins"
Armando Pontier,Orquesta Armando Pontier,1958-09-16,Enfundá la Mandolina,,Tango,Julio Sosa,Columbia,,,,Francisco Pracánico,Horacio Mansilla,,57-61 Columbia,Ángel Cichetti,Fernando Cabarcos,"Armando Pontier, Nicolás Paracino, Antonio Roscini, Ángel Digiovanni","Alberto Del Bagno, José Sarmiento, Ernesto Gianni, Pedro Desret","Piano, Bass, 4 Bandoneons, 4 Violins"
Armando Pontier,Orquesta Armando Pontier,1958-09-16,Guapo y Varón,,Tango,Julio Sosa,Columbia,,,,Enrique Delfino,Manuel Romero,,57-61 Columbia,Ángel Cichetti,Fernando Cabarcos,"Armando Pontier, Nicolás Paracino, Antonio Roscini, Ángel Digiovanni","Alberto Del Bagno, José Sarmiento, Ernesto Gianni, Pedro Desret","Piano, Bass, 4 Bandoneons, 4 Violins"
Armando Pontier,Orquesta Armando Pontier,1959-01-08,Galleguita,,Tango,Oscar Ferrari,Columbia,,,,Horacio Pettorossi,Alfredo Navarrine,,57-61 Columbia,Ángel Cichetti,Fernando Cabarcos,"Armando Pontier, Nicolás Paracino, Antonio Roscini, Ángel Digiovanni","Alberto Del Bagno, José Sarmiento, Ernesto Gianni, Pedro Desret","Piano, Bass, 4 Bandoneons, 4 Violins"
Armando Pontier,Orquesta Armando Pontier,1959-06-26,Al Mundo Le Falta un Tornillo,,Tango,Julio Sosa,Columbia,,,,José Aguilar,Enrique Cadícamo,,57-61 Columbia,Ángel Cichetti,Fernando Cabarcos,"Armando Pontier, Nicolás Paracino, Antonio Roscini, Ángel Digiovanni","Alberto Del Bagno, José Sarmiento, Ernesto Gianni, Pedro Desret","Piano, Bass, 4 Bandoneons, 4 Violins"
Armando Pontier,Orquesta Armando Pontier,1959-06-26,Margó,,Tango,Julio Sosa,Columbia,,,,Armando Pontier,Homero Expósito,,57-61 Columbia,Ángel Cichetti,Fernando Cabarcos,"Armando Pontier, Nicolás Paracino, Antonio Roscini, Ángel Digiovanni","Alberto Del Bagno, José Sarmiento, Ernesto Gianni, Pedro Desret","Piano, Bass, 4 Bandoneons, 4 Violins"
Armando Pontier,Orquesta Armando Pontier,1960-04-28,Araca París,,Tango,Julio Sosa,Columbia,,,,Ramón Collazo,Carlos Lenzi,,57-61 Columbia,Ángel Cichetti,Fernando Cabarcos,"Armando Pontier, Nicolás Paracino, Antonio Roscini, Ángel Digiovanni","Alberto Del Bagno, José Sarmiento, Ernesto Gianni, Pedro Desret","Piano, Bass, 4 Bandoneons, 4 Violins"
Armando Pontier,Orquesta Armando Pontier,1960-04-28,La Última Lágrima,,Tango,Oscar Ferrari,Columbia,,,,Armando Pontier,Eugenio Majúl,,57-61 Columbia,Ángel Cichetti,Fernando Cabarcos,"Armando Pontier, Nicolás Paracino, Antonio Roscini, Ángel Digiovanni","Alberto Del Bagno, José Sarmiento, Ernesto Gianni, Pedro Desret","Piano, Bass, 4 Bandoneons, 4 Violins"
Armando Pontier,Orquesta Armando Pontier,1960-06-14,Camouflage,Camuflaje,Tango,Julio Sosa,Columbia,,,,Enrique Francini,José García,,57-61 Columbia,Ángel Cichetti,Fernando Cabarcos,"Armando Pontier, Nicolás Paracino, Antonio Roscini, Ángel Digiovanni","Alberto Del Bagno, José Sarmiento, Ernesto Gianni, Pedro Desret","Piano, Bass, 4 Bandoneons, 4 Violins"
Armando Pontier,Orquesta Armando Pontier,1960-06-14,El Vals Soñador,,Vals,Oscar Ferrari,Columbia,,,,Armando Pontier,Oscar Rubens,,57-61 Columbia,Ángel Cichetti,Fernando Cabarcos,"Armando Pontier, Nicolás Paracino, Antonio Roscini, Ángel Digiovanni","Alberto Del Bagno, José Sarmiento, Ernesto Gianni, Pedro Desret","Piano, Bass, 4 Bandoneons, 4 Violins"
Armando Pontier,Orquesta Armando Pontier,1960-06-21,Al Compás del Corazón,Late un Corazón,Tango,Julio Sosa,Columbia,,,,Domingo Federico,Homero Expósito,,57-61 Columbia,Ángel Cichetti,Fernando Cabarcos,"Armando Pontier, Nicolás Paracino, Antonio Roscini, Ángel Digiovanni","Alberto Del Bagno, José Sarmiento, Ernesto Gianni, Pedro Desret","Piano, Bass, 4 Bandoneons, 4 Violins"
Armando Pontier,Orquesta Armando Pontier,1960-06-21,Milongueando en el 40,Milongueando en el Cuarenta,Tango,Instrumental,Columbia,,,,Armando Pontier,,,57-61 Columbia,Ángel Cichetti,Fernando Cabarcos,"Armando Pontier, Nicolás Paracino, Antonio Roscini, Ángel Digiovanni","Alberto Del Bagno, José Sarmiento, Ernesto Gianni, Pedro Desret","Piano, Bass, 4 Bandoneons, 4 Violins"
Armando Pontier,Orquesta Armando Pontier,1960-06-28,Cada Día Te Extraño Más,,Tango,Oscar Ferrari,Columbia,,,,Armando Pontier,Carlos Bahr,,57-61 Columbia,Ángel Cichetti,Fernando Cabarcos,"Armando Pontier, Nicolás Paracino, Antonio Roscini, Ángel Digiovanni","Alberto Del Bagno, José Sarmiento, Ernesto Gianni, Pedro Desret","Piano, Bass, 4 Bandoneons, 4 Violins"
Armando Pontier,Orquesta Armando Pontier,1960-06-28,No Te Apures Carablanca,No Te Apures Carablanca,Tango,Julio Sosa,Columbia,,,,Roberto Garza,Carlos Bahr,,57-61 Columbia,Ángel Cichetti,Fernando Cabarcos,"Armando Pontier, Nicolás Paracino, Antonio Roscini, Ángel Digiovanni","Alberto Del Bagno, José Sarmiento, Ernesto Gianni, Pedro Desret","Piano, Bass, 4 Bandoneons, 4 Violins"
Armando Pontier,Orquesta Armando Pontier,1960-07-01,Como Dos Extraños,,Tango,Oscar Ferrari,Columbia,,,,Pedro Laurenz,José Contursi,,57-61 Columbia,Ángel Cichetti,Fernando Cabarcos,"Armando Pontier, Nicolás Paracino, Antonio Roscini, Ángel Digiovanni","Alberto Del Bagno, José Sarmiento, Ernesto Gianni, Pedro Desret","Piano, Bass, 4 Bandoneons, 4 Violins"
Armando Pontier,Orquesta Armando Pontier,1960-07-01,Corazón No Le Hagas Caso,,Tango,Julio Sosa,Columbia,,,,Armando Pontier,Carlos Bahr,,57-61 Columbia,Ángel Cichetti,Fernando Cabarcos,"Armando Pontier, Nicolás Paracino, Antonio Roscini, Ángel Digiovanni","Alberto Del Bagno, José Sarmiento, Ernesto Gianni, Pedro Desret","Piano, Bass, 4 Bandoneons, 4 Violins"
Armando Pontier,Orquesta Armando Pontier,1960-07-01,Toda Mi Vida,,Tango,Julio Sosa,Columbia,,,,Aníbal Troilo,José Contursi,,57-61 Columbia,Ángel Cichetti,Fernando Cabarcos,"Armando Pontier, Nicolás Paracino, Antonio Roscini, Ángel Digiovanni","Alberto Del Bagno, José Sarmiento, Ernesto Gianni, Pedro Desret","Piano, Bass, 4 Bandoneons, 4 Violins"
Armando Pontier,Orquesta Armando Pontier,1960-07-07,Como Dos Extraños,,Tango,Oscar Ferrari,Columbia,,,,Pedro Laurenz,José Contursi,,57-61 Columbia,Ángel Cichetti,Fernando Cabarcos,"Armando Pontier, Nicolás Paracino, Antonio Roscini, Ángel Digiovanni","Alberto Del Bagno, José Sarmiento, Ernesto Gianni, Pedro Desret","Piano, Bass, 4 Bandoneons, 4 Violins"
Armando Pontier,Orquesta Armando Pontier,1960-07-07,Saludos,,Tango,Instrumental,Columbia,,,,"Domingo Federico, Francisco Federico",,,57-61 Columbia,Ángel Cichetti,Fernando Cabarcos,"Armando Pontier, Nicolás Paracino, Antonio Roscini, Ángel Digiovanni","Alberto Del Bagno, José Sarmiento, Ernesto Gianni, Pedro Desret","Piano, Bass, 4 Bandoneons, 4 Violins"
Armando Pontier,Orquesta Armando Pontier,1960-07-21,Azabache,,Milonga,Julio Sosa,Columbia,,,,"Enrique Francini, Héctor Stamponi",Homero Expósito,,57-61 Columbia,Ángel Cichetti,Fernando Cabarcos,"Armando Pontier, Nicolás Paracino, Antonio Roscini, Ángel Digiovanni","Alberto Del Bagno, José Sarmiento, Ernesto Gianni, Pedro Desret","Piano, Bass, 4 Bandoneons, 4 Violins"
Armando Pontier,Orquesta Armando Pontier,1960-07-21,Verdemar,,Tango,Julio Sosa,Columbia,,,,Carlos Di Sarli,José Contursi,,57-61 Columbia,Ángel Cichetti,Fernando Cabarcos,"Armando Pontier, Nicolás Paracino, Antonio Roscini, Ángel Digiovanni","Alberto Del Bagno, José Sarmiento, Ernesto Gianni, Pedro Desret","Piano, Bass, 4 Bandoneons, 4 Violins"
Armando Pontier,Orquesta Armando Pontier,1961-06-08,Locura Locura,,Tango,Héctor Darío,Columbia,,,,Manuel Sucher,Roberto Cantoral,,57-61 Columbia,Ángel Cichetti,Fernando Cabarcos,"Armando Pontier, Nicolás Paracino, Antonio Roscini, Ángel Digiovanni","Alberto Del Bagno, José Sarmiento, Ernesto Gianni, Pedro Desret","Piano, Bass, 4 Bandoneons, 4 Violins"
Armando Pontier,Orquesta Armando Pontier,1961-06-08,Negra María,,Milonga,Carlos Maidana,Columbia,,,,Lucio Demare,Homero Manzi,,57-61 Columbia,Ángel Cichetti,Fernando Cabarcos,"Armando Pontier, Nicolás Paracino, Antonio Roscini, Ángel Digiovanni","Alberto Del Bagno, José Sarmiento, Ernesto Gianni, Pedro Desret","Piano, Bass, 4 Bandoneons, 4 Violins"
Armando Pontier,Orquesta Armando Pontier,1961-11-23,Clavel del Aire,,Tango,Roberto Rufino,Columbia,,,,Juan Filiberto,Fernando Valdés,,57-61 Columbia,Ángel Cichetti,Fernando Cabarcos,"Armando Pontier, Nicolás Paracino, Antonio Roscini, Ángel Digiovanni","Alberto Del Bagno, José Sarmiento, Ernesto Gianni, Pedro Desret","Piano, Bass, 4 Bandoneons, 4 Violins"
Armando Pontier,Orquesta Armando Pontier,1962-04-12,Buen Amigo,,Tango,Instrumental,Víctor,,,,Julio De Caro,Juan Catán,,61-66 Serenata + Victor,Ángel Cichetti,Fernando Cabarcos,"Armando Pontier, Nicolás Paracino, Antonio Roscini, Ángel Digiovanni","Alberto Del Bagno, José Sarmiento, Ernesto Gianni, Pedro Desret","Piano, Bass, 4 Bandoneons, 4 Violins"
Armando Pontier,Orquesta Armando Pontier,1962-04-12,De Gran Copete,,Tango,Instrumental,Víctor,,,,"Nicolás Paracino, Juan Salomone",,,61-66 Serenata + Victor,Ángel Cichetti,Fernando Cabarcos,"Armando Pontier, Nicolás Paracino, Antonio Roscini, Ángel Digiovanni","Alberto Del Bagno, José Sarmiento, Ernesto Gianni, Pedro Desret","Piano, Bass, 4 Bandoneons, 4 Violins"
Armando Pontier,Orquesta Armando Pontier,1962-04-27,Cristal,,Tango,Héctor Darío,Víctor,,,,Mariano Mores,José Contursi,,61-66 Serenata + Victor,Ángel Cichetti,Fernando Cabarcos,"Armando Pontier, Nicolás Paracino, Antonio Roscini, Ángel Digiovanni","Alberto Del Bagno, José Sarmiento, Ernesto Gianni, Pedro Desret","Piano, Bass, 4 Bandoneons, 4 Violins"
Armando Pontier,Orquesta Armando Pontier,1962-04-27,Luto Blanco,,Tango,Roberto Rufino,Víctor,,,,Armando Pontier,Alberto Martínez,,61-66 Serenata + Victor,Ángel Cichetti,Fernando Cabarcos,"Armando Pontier, Nicolás Paracino, Antonio Roscini, Ángel Digiovanni","Alberto Del Bagno, José Sarmiento, Ernesto Gianni, Pedro Desret","Piano, Bass, 4 Bandoneons, 4 Violins"
Armando Pontier,Orquesta Armando Pontier,1962-05-15,Cuartito Azul,,Tango,Roberto Rufino,Víctor,,,,Mariano Mores,Mario Battistella,,61-66 Serenata + Victor,Ángel Cichetti,Fernando Cabarcos,"Armando Pontier, Nicolás Paracino, Antonio Roscini, Ángel Digiovanni","Alberto Del Bagno, José Sarmiento, Ernesto Gianni, Pedro Desret","Piano, Bass, 4 Bandoneons, 4 Violins"
Armando Pontier,Orquesta Armando Pontier,1962-05-15,Quiero Verte una Vez Más,Viejo Gaucho,Tango,Héctor Darío,Víctor,,,,Mario Canaro,José Contursi,,61-66 Serenata + Victor,Ángel Cichetti,Fernando Cabarcos,"Armando Pontier, Nicolás Paracino, Antonio Roscini, Ángel Digiovanni","Alberto Del Bagno, José Sarmiento, Ernesto Gianni, Pedro Desret","Piano, Bass, 4 Bandoneons, 4 Violins"
Armando Pontier,Orquesta Armando Pontier,1963,Cuando Tu Amor Regrese,,Tango,Héctor Darío,Serenata,,,,Alberto Podestá,Leopoldo Vélez,,61-66 Serenata + Victor,Ángel Cichetti,Fernando Cabarcos,"Armando Pontier, Nicolás Paracino, Antonio Roscini, Ángel Digiovanni","Alberto Del Bagno, José Sarmiento, Ernesto Gianni, Pedro Desret","Piano, Bass, 4 Bandoneons, 4 Violins"
Armando Pontier,Orquesta Armando Pontier,1963,El Tigre,,Tango,Instrumental,Serenata,,,,Francisco Canaro,,,61-66 Serenata + Victor,Ángel Cichetti,Fernando Cabarcos,"Armando Pontier, Nicolás Paracino, Antonio Roscini, Ángel Digiovanni","Alberto Del Bagno, José Sarmiento, Ernesto Gianni, Pedro Desret","Piano, Bass, 4 Bandoneons, 4 Violins"
Armando Pontier,Orquesta Armando Pontier,1963,Nuestras Cosas,,Tango,Alberto Podestá,Serenata,,,,"Rubén Fuentes, Alberto Cervantes","Rubén Fuentes, Alberto Cervantes",,61-66 Serenata + Victor,Ángel Cichetti,Fernando Cabarcos,"Armando Pontier, Nicolás Paracino, Antonio Roscini, Ángel Digiovanni","Alberto Del Bagno, José Sarmiento, Ernesto Gianni, Pedro Desret","Piano, Bass, 4 Bandoneons, 4 Violins"
Armando Pontier,Orquesta Armando Pontier,1963,Para el Recuerdo,A Fiore,Tango,Instrumental,Serenata,,,,Manuel Sucher,,,61-66 Serenata + Victor,Ángel Cichetti,Fernando Cabarcos,"Armando Pontier, Nicolás Paracino, Antonio Roscini, Ángel Digiovanni","Alberto Del Bagno, José Sarmiento, Ernesto Gianni, Pedro Desret","Piano, Bass, 4 Bandoneons, 4 Violins"
Armando Pontier,Orquesta Armando Pontier,1963,Qué Falta Que Me Hacés,,Tango,Alberto Podestá,Serenata,,,,"Armando Pontier, Miguel Caló, Federico Silva","Armando Pontier, Miguel Caló, Federico Silva",,61-66 Serenata + Victor,Ángel Cichetti,Fernando Cabarcos,"Armando Pontier, Nicolás Paracino, Antonio Roscini, Ángel Digiovanni","Alberto Del Bagno, José Sarmiento, Ernesto Gianni, Pedro Desret","Piano, Bass, 4 Bandoneons, 4 Violins"
Armando Pontier,Orquesta Armando Pontier,1963,River,,Tango,,Serenata,,,,Leopoldo Vélez,Leopoldo Vélez,,61-66 Serenata + Victor,Ángel Cichetti,Fernando Cabarcos,"Armando Pontier, Nicolás Paracino, Antonio Roscini, Ángel Digiovanni","Alberto Del Bagno, José Sarmiento, Ernesto Gianni, Pedro Desret","Piano, Bass, 4 Bandoneons, 4 Violins"
Armando Pontier,Orquesta Armando Pontier,1963,Tabaco,,Tango,Héctor Darío,Serenata,,,,Armando Pontier,José Contursi,,61-66 Serenata + Victor,Ángel Cichetti,Fernando Cabarcos,"Armando Pontier, Nicolás Paracino, Antonio Roscini, Ángel Digiovanni","Alberto Del Bagno, José Sarmiento, Ernesto Gianni, Pedro Desret","Piano, Bass, 4 Bandoneons, 4 Violins"
Armando Pontier,Orquesta Armando Pontier,1963,Tarzan Carrizo,,Tango,Alberto Podestá,Serenata,,,,Leopoldo Vélez,Leopoldo Vélez,,61-66 Serenata + Victor,Ángel Cichetti,Fernando Cabarcos,"Armando Pontier, Nicolás Paracino, Antonio Roscini, Ángel Digiovanni","Alberto Del Bagno, José Sarmiento, Ernesto Gianni, Pedro Desret","Piano, Bass, 4 Bandoneons, 4 Violins"
Armando Pontier,Orquesta Armando Pontier,1964,Cuando Tu Amor Regrese,,Tango,Héctor Darío,Serenata,,,,Alberto Podestá,Leopoldo Vélez,,61-66 Serenata + Victor,Ángel Cichetti,Fernando Cabarcos,"Armando Pontier, Nicolás Paracino, Antonio Roscini, Ángel Digiovanni","Alberto Del Bagno, José Sarmiento, Ernesto Gianni, Pedro Desret","Piano, Bass, 4 Bandoneons, 4 Violins"
Armando Pontier,Orquesta Armando Pontier,1964,Qué Falta Que Me Hacés,,Tango,Alberto Podestá,Serenata,,,,"Armando Pontier, Miguel Caló, Federico Silva","Armando Pontier, Miguel Caló, Federico Silva",,61-66 Serenata + Victor,Ángel Cichetti,Fernando Cabarcos,"Armando Pontier, Nicolás Paracino, Antonio Roscini, Ángel Digiovanni","Alberto Del Bagno, José Sarmiento, Ernesto Gianni, Pedro Desret","Piano, Bass, 4 Bandoneons, 4 Violins"
Armando Pontier,Orquesta Armando Pontier,1964-07-30,Chiqué,El Elegante,Tango,Instrumental,Serenata,,,,Ricardo Brignolo,Ricardo Brignolo,,61-66 Serenata + Victor,Ángel Cichetti,Fernando Cabarcos,"Armando Pontier, Nicolás Paracino, Antonio Roscini, Ángel Digiovanni","Alberto Del Bagno, José Sarmiento, Ernesto Gianni, Pedro Desret","Piano, Bass, 4 Bandoneons, 4 Violins"
Armando Pontier,Orquesta Armando Pontier,1964-07-30,El Entrerriano,El Entrerriano,Tango,Instrumental,Serenata,,,,Anselmo Mendizábal,Ernesto Amor,,61-66 Serenata + Victor,Ángel Cichetti,Fernando Cabarcos,"Armando Pontier, Nicolás Paracino, Antonio Roscini, Ángel Digiovanni","Alberto Del Bagno, José Sarmiento, Ernesto Gianni, Pedro Desret","Piano, Bass, 4 Bandoneons, 4 Violins"
Armando Pontier,Orquesta Armando Pontier,1964-07-30,La Cumparsita,Si Supieras,Tango,Instrumental,Serenata,,,,Gerardo Rodríguez,"Pascual Contursi, Enrique Maroni, Gerardo Rodríguez",,61-66 Serenata + Victor,Ángel Cichetti,Fernando Cabarcos,"Armando Pontier, Nicolás Paracino, Antonio Roscini, Ángel Digiovanni","Alberto Del Bagno, José Sarmiento, Ernesto Gianni, Pedro Desret","Piano, Bass, 4 Bandoneons, 4 Violins"
Armando Pontier,Orquesta Armando Pontier,1964-07-30,Poema de Arrabal,,Tango,Instrumental,Serenata,,,,Armando Pontier,,,61-66 Serenata + Victor,Ángel Cichetti,Fernando Cabarcos,"Armando Pontier, Nicolás Paracino, Antonio Roscini, Ángel Digiovanni","Alberto Del Bagno, José Sarmiento, Ernesto Gianni, Pedro Desret","Piano, Bass, 4 Bandoneons, 4 Violins"
Armando Pontier,Orquesta Armando Pontier,1964-08-10,Derecho Viejo,,Tango,Instrumental,Serenata,,,,Eduardo Arolas,Gabriel Clausi,,61-66 Serenata + Victor,Ángel Cichetti,Fernando Cabarcos,"Armando Pontier, Nicolás Paracino, Antonio Roscini, Ángel Digiovanni","Alberto Del Bagno, José Sarmiento, Ernesto Gianni, Pedro Desret","Piano, Bass, 4 Bandoneons, 4 Violins"
Armando Pontier,Orquesta Armando Pontier,1964-08-10,El Amanecer,,Tango,Instrumental,Serenata,,,,Roberto Firpo,,,61-66 Serenata + Victor,Ángel Cichetti,Fernando Cabarcos,"Armando Pontier, Nicolás Paracino, Antonio Roscini, Ángel Digiovanni","Alberto Del Bagno, José Sarmiento, Ernesto Gianni, Pedro Desret","Piano, Bass, 4 Bandoneons, 4 Violins"
Armando Pontier,Orquesta Armando Pontier,1964-08-12,De Gran Copete,,Tango,Instrumental,Serenata,,,,"Nicolás Paracino, Juan Salomone",,,61-66 Serenata + Victor,Ángel Cichetti,Fernando Cabarcos,"Armando Pontier, Nicolás Paracino, Antonio Roscini, Ángel Digiovanni","Alberto Del Bagno, José Sarmiento, Ernesto Gianni, Pedro Desret","Piano, Bass, 4 Bandoneons, 4 Violins"
Armando Pontier,Orquesta Armando Pontier,1964-08-12,La Viruta,,Tango,Instrumental,Serenata,,,,Vicente Greco,,,61-66 Serenata + Victor,Ángel Cichetti,Fernando Cabarcos,"Armando Pontier, Nicolás Paracino, Antonio Roscini, Ángel Digiovanni","Alberto Del Bagno, José Sarmiento, Ernesto Gianni, Pedro Desret","Piano, Bass, 4 Bandoneons, 4 Violins"
Armando Pontier,Orquesta Armando Pontier,1964-08-31,Jueves,,Tango,Instrumental,Serenata,,,,"Rafael Rossi, Udelino Toranzo",,,61-66 Serenata + Victor,Ángel Cichetti,Fernando Cabarcos,"Armando Pontier, Nicolás Paracino, Antonio Roscini, Ángel Digiovanni","Alberto Del Bagno, José Sarmiento, Ernesto Gianni, Pedro Desret","Piano, Bass, 4 Bandoneons, 4 Violins"
Armando Pontier,Orquesta Armando Pontier,1964-08-31,Papas Calientes,,Tango,Instrumental,Serenata,,,,Eduardo Arolas,Héctor Polito,,61-66 Serenata + Victor,Ángel Cichetti,Fernando Cabarcos,"Armando Pontier, Nicolás Paracino, Antonio Roscini, Ángel Digiovanni","Alberto Del Bagno, José Sarmiento, Ernesto Gianni, Pedro Desret","Piano, Bass, 4 Bandoneons, 4 Violins"
Armando Pontier,Orquesta Armando Pontier,1964-09-03,A los Amigos,,Tango,Instrumental,Serenata,,,,Armando Pontier,,,61-66 Serenata + Victor,Ángel Cichetti,Fernando Cabarcos,"Armando Pontier, Nicolás Paracino, Antonio Roscini, Ángel Digiovanni","Alberto Del Bagno, José Sarmiento, Ernesto Gianni, Pedro Desret","Piano, Bass, 4 Bandoneons, 4 Violins"
Armando Pontier,Orquesta Armando Pontier,1964-09-03,Fuegos Artificiales,,Tango,Instrumental,Serenata,,,,"Roberto Firpo, Eduardo Arolas",,,61-66 Serenata + Victor,Ángel Cichetti,Fernando Cabarcos,"Armando Pontier, Nicolás Paracino, Antonio Roscini, Ángel Digiovanni","Alberto Del Bagno, José Sarmiento, Ernesto Gianni, Pedro Desret","Piano, Bass, 4 Bandoneons, 4 Violins"
Armando Pontier,Orquesta Armando Pontier,1964-09-07,A Tus Pies Bailarín,,Tango,Instrumental,Serenata,,,,Armando Pontier,,,61-66 Serenata + Victor,Ángel Cichetti,Fernando Cabarcos,"Armando Pontier, Nicolás Paracino, Antonio Roscini, Ángel Digiovanni","Alberto Del Bagno, José Sarmiento, Ernesto Gianni, Pedro Desret","Piano, Bass, 4 Bandoneons, 4 Violins"
Armando Pontier,Orquesta Armando Pontier,1964-09-07,Ojos Negros,Dark Eyes,Tango,Instrumental,Serenata,,,,"Vicente Greco, Ernesto Temes",Pedro Córdoba,,61-66 Serenata + Victor,Ángel Cichetti,Fernando Cabarcos,"Armando Pontier, Nicolás Paracino, Antonio Roscini, Ángel Digiovanni","Alberto Del Bagno, José Sarmiento, Ernesto Gianni, Pedro Desret","Piano, Bass, 4 Bandoneons, 4 Violins"
Armando Pontier,Orquesta Armando Pontier,1964-12-06,El Puente,,Tango,Héctor Darío,Serenata,,,,Armando Pontier,Federico Silva,,61-66 Serenata + Victor,Ángel Cichetti,Fernando Cabarcos,"Armando Pontier, Nicolás Paracino, Antonio Roscini, Ángel Digiovanni","Alberto Del Bagno, José Sarmiento, Ernesto Gianni, Pedro Desret","Piano, Bass, 4 Bandoneons, 4 Violins"
Armando Pontier,Orquesta Armando Pontier,1964-12-06,Es Nuestra Despedida,,Tango,Alberto Podestá,Serenata,,,,Armando Pontier,Federico Silva,,61-66 Serenata + Victor,Ángel Cichetti,Fernando Cabarcos,"Armando Pontier, Nicolás Paracino, Antonio Roscini, Ángel Digiovanni","Alberto Del Bagno, José Sarmiento, Ernesto Gianni, Pedro Desret","Piano, Bass, 4 Bandoneons, 4 Violins"
Armando Pontier,Orquesta Armando Pontier,1965,Aerotango,,Tango,Instrumental,Serenata,,,,Fernando Cabarcos,,,61-66 Serenata + Victor,Ángel Cichetti,Fernando Cabarcos,"Armando Pontier, Nicolás Paracino, Antonio Roscini, Ángel Digiovanni","Alberto Del Bagno, José Sarmiento, Ernesto Gianni, Pedro Desret","Piano, Bass, 4 Bandoneons, 4 Violins"
Armando Pontier,Orquesta Armando Pontier,1965,Catun,,Milonga,Héctor Darío,Serenata,,,,Ángel Cichetti,Ángel Di Rosa,,61-66 Serenata + Victor,Ángel Cichetti,Fernando Cabarcos,"Armando Pontier, Nicolás Paracino, Antonio Roscini, Ángel Digiovanni","Alberto Del Bagno, José Sarmiento, Ernesto Gianni, Pedro Desret","Piano, Bass, 4 Bandoneons, 4 Violins"
Armando Pontier,Orquesta Armando Pontier,1965,Dedita,,Tango,Instrumental,Serenata,,,,Astor Piazzolla,,,61-66 Serenata + Victor,Ángel Cichetti,Fernando Cabarcos,"Armando Pontier, Nicolás Paracino, Antonio Roscini, Ángel Digiovanni","Alberto Del Bagno, José Sarmiento, Ernesto Gianni, Pedro Desret","Piano, Bass, 4 Bandoneons, 4 Violins"
Armando Pontier,Orquesta Armando Pontier,1965,Desconocidos,,Tango,Héctor Darío,Serenata,,,,Luis Stazo,Federico Silva,,61-66 Serenata + Victor,Ángel Cichetti,Fernando Cabarcos,"Armando Pontier, Nicolás Paracino, Antonio Roscini, Ángel Digiovanni","Alberto Del Bagno, José Sarmiento, Ernesto Gianni, Pedro Desret","Piano, Bass, 4 Bandoneons, 4 Violins"
Armando Pontier,Orquesta Armando Pontier,1965,Duelo Criollo,,Tango,Héctor Darío,Serenata,,,,Juan Rezzano,Lito Bayardo,,61-66 Serenata + Victor,Ángel Cichetti,Fernando Cabarcos,"Armando Pontier, Nicolás Paracino, Antonio Roscini, Ángel Digiovanni","Alberto Del Bagno, José Sarmiento, Ernesto Gianni, Pedro Desret","Piano, Bass, 4 Bandoneons, 4 Violins"
Armando Pontier,Orquesta Armando Pontier,1965,El Embajador,,Tango,Instrumental,Serenata,,,,Armando Pontier,,,61-66 Serenata + Victor,Ángel Cichetti,Fernando Cabarcos,"Armando Pontier, Nicolás Paracino, Antonio Roscini, Ángel Digiovanni","Alberto Del Bagno, José Sarmiento, Ernesto Gianni, Pedro Desret","Piano, Bass, 4 Bandoneons, 4 Violins"
Armando Pontier,Orquesta Armando Pontier,1965,El Pensamiento,,Tango,Instrumental,Serenata,,,,José Martínez,Francisco Jiménez,,61-66 Serenata + Victor,Ángel Cichetti,Fernando Cabarcos,"Armando Pontier, Nicolás Paracino, Antonio Roscini, Ángel Digiovanni","Alberto Del Bagno, José Sarmiento, Ernesto Gianni, Pedro Desret","Piano, Bass, 4 Bandoneons, 4 Violins"
Armando Pontier,Orquesta Armando Pontier,1965,Pecado,,Tango,Alberto Podestá,Serenata,,,,"Enrique Francini, Armando Pontier",Carlos Bahr,,61-66 Serenata + Victor,Ángel Cichetti,Fernando Cabarcos,"Armando Pontier, Nicolás Paracino, Antonio Roscini, Ángel Digiovanni","Alberto Del Bagno, José Sarmiento, Ernesto Gianni, Pedro Desret","Piano, Bass, 4 Bandoneons, 4 Violins"
Armando Pontier,Orquesta Armando Pontier,1965,Quemá Esas Cartas,,Vals,Alberto Podestá,Serenata,,,,Alberto Cosentino,Juan López,,61-66 Serenata + Victor,Ángel Cichetti,Fernando Cabarcos,"Armando Pontier, Nicolás Paracino, Antonio Roscini, Ángel Digiovanni","Alberto Del Bagno, José Sarmiento, Ernesto Gianni, Pedro Desret","Piano, Bass, 4 Bandoneons, 4 Violins"
Armando Pontier,Orquesta Armando Pontier,1965,Sueños Al Mar,,Tango,Héctor Darío,Serenata,,,,José Dames,Homero Manzi,,61-66 Serenata + Victor,Ángel Cichetti,Fernando Cabarcos,"Armando Pontier, Nicolás Paracino, Antonio Roscini, Ángel Digiovanni","Alberto Del Bagno, José Sarmiento, Ernesto Gianni, Pedro Desret","Piano, Bass, 4 Bandoneons, 4 Violins"
Armando Pontier,Orquesta Armando Pontier,1965,Te Siento Así,,Tango,Alberto Podestá,Serenata,,,,Héctor Stamponi,Trinidad Quintana,,61-66 Serenata + Victor,Ángel Cichetti,Fernando Cabarcos,"Armando Pontier, Nicolás Paracino, Antonio Roscini, Ángel Digiovanni","Alberto Del Bagno, José Sarmiento, Ernesto Gianni, Pedro Desret","Piano, Bass, 4 Bandoneons, 4 Violins"
Armando Pontier,Orquesta Armando Pontier,1965,Tu Nombre Nada Más,Tu Nombre y Nada Más,Tango,Alberto Podestá,Serenata,,,,Lucio Demare,Rodolfo Taboada,,61-66 Serenata + Victor,Ángel Cichetti,Fernando Cabarcos,"Armando Pontier, Nicolás Paracino, Antonio Roscini, Ángel Digiovanni","Alberto Del Bagno, José Sarmiento, Ernesto Gianni, Pedro Desret","Piano, Bass, 4 Bandoneons, 4 Violins"
Armando Pontier,Orquesta Armando Pontier,1965-01-15,El Tigre,,Tango,Instrumental,Serenata,,,,Francisco Canaro,,,61-66 Serenata + Victor,Ángel Cichetti,Fernando Cabarcos,"Armando Pontier, Nicolás Paracino, Antonio Roscini, Ángel Digiovanni","Alberto Del Bagno, José Sarmiento, Ernesto Gianni, Pedro Desret","Piano, Bass, 4 Bandoneons, 4 Violins"
Armando Pontier,Orquesta Armando Pontier,1965-01-15,Madreselva,,Tango,Alberto Podestá,Serenata,,,,Francisco Canaro,Luis Amadori,,61-66 Serenata + Victor,Ángel Cichetti,Fernando Cabarcos,"Armando Pontier, Nicolás Paracino, Antonio Roscini, Ángel Digiovanni","Alberto Del Bagno, José Sarmiento, Ernesto Gianni, Pedro Desret","Piano, Bass, 4 Bandoneons, 4 Violins"
Armando Pontier,Orquesta Armando Pontier,1966-11-25,Amigaso,Amigazo,Tango,Néstor Real,Embassy,,,,Juan Filiberto,"Francisco Brancatti, Juan Velich",,61-66 Serenata + Victor,Ángel Cichetti,Fernando Cabarcos,"Armando Pontier, Nicolás Paracino, Antonio Roscini, Ángel Digiovanni","Alberto Del Bagno, José Sarmiento, Ernesto Gianni, Pedro Desret","Piano, Bass, 4 Bandoneons, 4 Violins"
Armando Pontier,Orquesta Armando Pontier,1966-11-25,Extraño,,Tango,Instrumental,Víctor,,,,Armando Pontier,,,66-73 Víctor final,Ángel Cichetti,Fernando Cabarcos,"Armando Pontier, Nicolás Paracino, Antonio Roscini, Ángel Digiovanni","Alberto Del Bagno, José Sarmiento, Ernesto Gianni, Pedro Desret","Piano, Bass, 4 Bandoneons, 4 Violins"
Armando Pontier,Orquesta Armando Pontier,1966-11-25,Para Siempre,,Tango,Héctor Darío,Víctor,,,,Armando Pontier,Federico Silva,,66-73 Víctor final,Ángel Cichetti,Fernando Cabarcos,"Armando Pontier, Nicolás Paracino, Antonio Roscini, Ángel Digiovanni","Alberto Del Bagno, José Sarmiento, Ernesto Gianni, Pedro Desret","Piano, Bass, 4 Bandoneons, 4 Violins"
Armando Pontier,Orquesta Armando Pontier,1966-11-29,El Africano,,Tango,Instrumental,Víctor,,,,Eduardo Pereyra,Francisco Lío,,66-73 Víctor final,Ángel Cichetti,Fernando Cabarcos,"Armando Pontier, Nicolás Paracino, Antonio Roscini, Ángel Digiovanni","Alberto Del Bagno, José Sarmiento, Ernesto Gianni, Pedro Desret","Piano, Bass, 4 Bandoneons, 4 Violins"
Armando Pontier,,1966-12-06,Carrousel,,Vals,,Víctor,,,,Armando Pontier,Federico Silva,,66-73 Víctor final,Ángel Cichetti,Fernando Cabarcos,"Armando Pontier, Nicolás Paracino, Antonio Roscini, Ángel Digiovanni","Alberto Del Bagno, José Sarmiento, Ernesto Gianni, Pedro Desret","Piano, Bass, 4 Bandoneons, 4 Violins"
Armando Pontier,Orquesta Armando Pontier,1966-12-06,Una Fija,Glorias de Ayer,Tango,Instrumental,Víctor,,,,Ángel Villoldo,"Antonio Polito, Carlos Pesce",,66-73 Víctor final,Ángel Cichetti,Fernando Cabarcos,"Armando Pontier, Nicolás Paracino, Antonio Roscini, Ángel Digiovanni","Alberto Del Bagno, José Sarmiento, Ernesto Gianni, Pedro Desret","Piano, Bass, 4 Bandoneons, 4 Violins"
Armando Pontier,Orquesta Armando Pontier,1966-12-15,La Última Curda,,Tango,Roberto Goyeneche,Víctor,,,,Aníbal Troilo,Cátulo Castillo,,66-73 Víctor final,Ángel Cichetti,Fernando Cabarcos,"Armando Pontier, Nicolás Paracino, Antonio Roscini, Ángel Digiovanni","Alberto Del Bagno, José Sarmiento, Ernesto Gianni, Pedro Desret","Piano, Bass, 4 Bandoneons, 4 Violins"
Armando Pontier,,1966-12-15,Madame Ivonne,Madame Yvonne,Tango,,Víctor,,,,Eduardo Pereyra,Enrique Cadícamo,,66-73 Víctor final,Ángel Cichetti,Fernando Cabarcos,"Armando Pontier, Nicolás Paracino, Antonio Roscini, Ángel Digiovanni","Alberto Del Bagno, José Sarmiento, Ernesto Gianni, Pedro Desret","Piano, Bass, 4 Bandoneons, 4 Violins"
Armando Pontier,,1966-12-15,Mi Canción de Ausencia,,Tango,,Víctor,,,,Roberto Pansera,Roberto Lambertucci,,66-73 Víctor final,Ángel Cichetti,Fernando Cabarcos,"Armando Pontier, Nicolás Paracino, Antonio Roscini, Ángel Digiovanni","Alberto Del Bagno, José Sarmiento, Ernesto Gianni, Pedro Desret","Piano, Bass, 4 Bandoneons, 4 Violins"
Armando Pontier,,1966-12-16,Carrousel,,Vals,,Víctor,,,,Armando Pontier,Federico Silva,,66-73 Víctor final,Ángel Cichetti,Fernando Cabarcos,"Armando Pontier, Nicolás Paracino, Antonio Roscini, Ángel Digiovanni","Alberto Del Bagno, José Sarmiento, Ernesto Gianni, Pedro Desret","Piano, Bass, 4 Bandoneons, 4 Violins"
Armando Pontier,Orquesta Armando Pontier,1966-12-16,El Africano,,Tango,Instrumental,Víctor,,,,Eduardo Pereyra,Francisco Lío,,66-73 Víctor final,Ángel Cichetti,Fernando Cabarcos,"Armando Pontier, Nicolás Paracino, Antonio Roscini, Ángel Digiovanni","Alberto Del Bagno, José Sarmiento, Ernesto Gianni, Pedro Desret","Piano, Bass, 4 Bandoneons, 4 Violins"
Armando Pontier,,1966-12-16,Mi Canción de Ausencia,,Tango,,Víctor,,,,Roberto Pansera,Roberto Lambertucci,,66-73 Víctor final,Ángel Cichetti,Fernando Cabarcos,"Armando Pontier, Nicolás Paracino, Antonio Roscini, Ángel Digiovanni","Alberto Del Bagno, José Sarmiento, Ernesto Gianni, Pedro Desret","Piano, Bass, 4 Bandoneons, 4 Violins"
Armando Pontier,Orquesta Armando Pontier,1966-12-16,Pimienta,Pimient,Tango,Instrumental,Víctor,,,,Osvaldo Fresedo,,,66-73 Víctor final,Ángel Cichetti,Fernando Cabarcos,"Armando Pontier, Nicolás Paracino, Antonio Roscini, Ángel Digiovanni","Alberto Del Bagno, José Sarmiento, Ernesto Gianni, Pedro Desret","Piano, Bass, 4 Bandoneons, 4 Violins"
Armando Pontier,Orquesta Armando Pontier,1966-12-16,Una Fija,Glorias de Ayer,Tango,Instrumental,Víctor,,,,Ángel Villoldo,"Antonio Polito, Carlos Pesce",,66-73 Víctor final,Ángel Cichetti,Fernando Cabarcos,"Armando Pontier, Nicolás Paracino, Antonio Roscini, Ángel Digiovanni","Alberto Del Bagno, José Sarmiento, Ernesto Gianni, Pedro Desret","Piano, Bass, 4 Bandoneons, 4 Violins"
Armando Pontier,Orquesta Armando Pontier,1966-12-22,La Novia Ausente,,Tango,Roberto Goyeneche,Víctor,,,,Guillermo Barbieri,Enrique Cadícamo,,66-73 Víctor final,Ángel Cichetti,Fernando Cabarcos,"Armando Pontier, Nicolás Paracino, Antonio Roscini, Ángel Digiovanni","Alberto Del Bagno, José Sarmiento, Ernesto Gianni, Pedro Desret","Piano, Bass, 4 Bandoneons, 4 Violins"
Armando Pontier,Orquesta Armando Pontier,1966-12-22,Miedo,,Tango,Roberto Goyeneche,Víctor,,,,"Julio Porter, Roberto Pansera",Ángel Cortese,,66-73 Víctor final,Ángel Cichetti,Fernando Cabarcos,"Armando Pontier, Nicolás Paracino, Antonio Roscini, Ángel Digiovanni","Alberto Del Bagno, José Sarmiento, Ernesto Gianni, Pedro Desret","Piano, Bass, 4 Bandoneons, 4 Violins"
Armando Pontier,Orquesta Armando Pontier,1966-12-23,Extraño,,Tango,Instrumental,Víctor,,,,Armando Pontier,,,66-73 Víctor final,Ángel Cichetti,Fernando Cabarcos,"Armando Pontier, Nicolás Paracino, Antonio Roscini, Ángel Digiovanni","Alberto Del Bagno, José Sarmiento, Ernesto Gianni, Pedro Desret","Piano, Bass, 4 Bandoneons, 4 Violins"
Armando Pontier,Orquesta Armando Pontier,1966-12-23,Gallo Ciego,,Tango,Instrumental,Víctor,,,,Agustín Bardi,,,66-73 Víctor final,Ángel Cichetti,Fernando Cabarcos,"Armando Pontier, Nicolás Paracino, Antonio Roscini, Ángel Digiovanni","Alberto Del Bagno, José Sarmiento, Ernesto Gianni, Pedro Desret","Piano, Bass, 4 Bandoneons, 4 Violins"
Armando Pontier,,1966-12-23,Madame Ivonne,Madame Yvonne,Tango,,Víctor,,,,Eduardo Pereyra,Enrique Cadícamo,,66-73 Víctor final,Ángel Cichetti,Fernando Cabarcos,"Armando Pontier, Nicolás Paracino, Antonio Roscini, Ángel Digiovanni","Alberto Del Bagno, José Sarmiento, Ernesto Gianni, Pedro Desret","Piano, Bass, 4 Bandoneons, 4 Violins"
Armando Pontier,Orquesta Armando Pontier,1966-12-23,Tinta Verde,,Tango,Instrumental,Víctor,,,,Agustín Bardi,,,66-73 Víctor final,Ángel Cichetti,Fernando Cabarcos,"Armando Pontier, Nicolás Paracino, Antonio Roscini, Ángel Digiovanni","Alberto Del Bagno, José Sarmiento, Ernesto Gianni, Pedro Desret","Piano, Bass, 4 Bandoneons, 4 Violins"
Armando Pontier,Orquesta Armando Pontier,1967,A Media Luz,,Tango,Néstor Real,Víctor,,,,Edgardo Donato,Carlos Lenzi,,66-73 Víctor final,Ángel Cichetti,Fernando Cabarcos,"Armando Pontier, Nicolás Paracino, Antonio Roscini, Ángel Digiovanni","Alberto Del Bagno, José Sarmiento, Ernesto Gianni, Pedro Desret","Piano, Bass, 4 Bandoneons, 4 Violins"
Armando Pontier,Orquesta Armando Pontier,1967,A la Guardia Vieja,,Tango,Instrumental,Víctor,,,,Armando Pontier,,,66-73 Víctor final,Ángel Cichetti,Fernando Cabarcos,"Armando Pontier, Nicolás Paracino, Antonio Roscini, Ángel Digiovanni","Alberto Del Bagno, José Sarmiento, Ernesto Gianni, Pedro Desret","Piano, Bass, 4 Bandoneons, 4 Violins"
Armando Pontier,Orquesta Armando Pontier,1967,Adiós Muchachos,,Tango,Instrumental,Víctor,,,,Julio Sanders,"César Vedani, Carol Raven",,66-73 Víctor final,Ángel Cichetti,Fernando Cabarcos,"Armando Pontier, Nicolás Paracino, Antonio Roscini, Ángel Digiovanni","Alberto Del Bagno, José Sarmiento, Ernesto Gianni, Pedro Desret","Piano, Bass, 4 Bandoneons, 4 Violins"
Armando Pontier,Orquesta Armando Pontier,1967,Caminito,,Tango,Héctor Darío,Víctor,,,,Juan Filiberto,Gabino Peñaloza,,66-73 Víctor final,Ángel Cichetti,Fernando Cabarcos,"Armando Pontier, Nicolás Paracino, Antonio Roscini, Ángel Digiovanni","Alberto Del Bagno, José Sarmiento, Ernesto Gianni, Pedro Desret","Piano, Bass, 4 Bandoneons, 4 Violins"
Armando Pontier,Orquesta Armando Pontier,1967,Canaro en París,Canaro en París,Tango,Instrumental,Víctor,,,,"Alejandro Scarpino, Juan Caldarella",José Scarpino,,66-73 Víctor final,Ángel Cichetti,Fernando Cabarcos,"Armando Pontier, Nicolás Paracino, Antonio Roscini, Ángel Digiovanni","Alberto Del Bagno, José Sarmiento, Ernesto Gianni, Pedro Desret","Piano, Bass, 4 Bandoneons, 4 Violins"
Armando Pontier,Orquesta Armando Pontier,1967,El Amanecer,,Tango,Instrumental,Víctor,,,,Roberto Firpo,,,66-73 Víctor final,Ángel Cichetti,Fernando Cabarcos,"Armando Pontier, Nicolás Paracino, Antonio Roscini, Ángel Digiovanni","Alberto Del Bagno, José Sarmiento, Ernesto Gianni, Pedro Desret","Piano, Bass, 4 Bandoneons, 4 Violins"
Armando Pontier,Orquesta Armando Pontier,1967,El Choclo,Kiss Of Fire,Tango,Instrumental,Víctor,,,,Ángel Villoldo,"Juan Catán, Enrique Discépolo",,66-73 Víctor final,Ángel Cichetti,Fernando Cabarcos,"Armando Pontier, Nicolás Paracino, Antonio Roscini, Ángel Digiovanni","Alberto Del Bagno, José Sarmiento, Ernesto Gianni, Pedro Desret","Piano, Bass, 4 Bandoneons, 4 Violins"
Armando Pontier,Orquesta Armando Pontier,1967,El Huracán,El Huracan,Tango,Instrumental,Víctor,,,,"Osvaldo Donato, Edgardo Donato",Nolo López,,66-73 Víctor final,Ángel Cichetti,Fernando Cabarcos,"Armando Pontier, Nicolás Paracino, Antonio Roscini, Ángel Digiovanni","Alberto Del Bagno, José Sarmiento, Ernesto Gianni, Pedro Desret","Piano, Bass, 4 Bandoneons, 4 Violins"
Armando Pontier,Orquesta Armando Pontier,1967,Gallo Ciego,,Tango,Instrumental,Víctor,,,,Agustín Bardi,,,66-73 Víctor final,Ángel Cichetti,Fernando Cabarcos,"Armando Pontier, Nicolás Paracino, Antonio Roscini, Ángel Digiovanni","Alberto Del Bagno, José Sarmiento, Ernesto Gianni, Pedro Desret","Piano, Bass, 4 Bandoneons, 4 Violins"
Armando Pontier,Orquesta Armando Pontier,1967,La Cumparsita,Si Supieras,Tango,Instrumental,Víctor,,,,Gerardo Rodríguez,"Pascual Contursi, Enrique Maroni, Gerardo Rodríguez",,66-73 Víctor final,Ángel Cichetti,Fernando Cabarcos,"Armando Pontier, Nicolás Paracino, Antonio Roscini, Ángel Digiovanni","Alberto Del Bagno, José Sarmiento, Ernesto Gianni, Pedro Desret","Piano, Bass, 4 Bandoneons, 4 Violins"
Armando Pontier,Orquesta Armando Pontier,1967,Quejas de Bandoneón,Quejas de Bandoneón,Tango,Instrumental,Víctor,,,,Juan Filiberto,,,66-73 Víctor final,Ángel Cichetti,Fernando Cabarcos,"Armando Pontier, Nicolás Paracino, Antonio Roscini, Ángel Digiovanni","Alberto Del Bagno, José Sarmiento, Ernesto Gianni, Pedro Desret","Piano, Bass, 4 Bandoneons, 4 Violins"
Armando Pontier,Orquesta Armando Pontier,1967,Recuerdo,,Tango,Instrumental,Víctor,,,,Osvaldo Pugliese,Eduardo Moreno,,66-73 Víctor final,Ángel Cichetti,Fernando Cabarcos,"Armando Pontier, Nicolás Paracino, Antonio Roscini, Ángel Digiovanni","Alberto Del Bagno, José Sarmiento, Ernesto Gianni, Pedro Desret","Piano, Bass, 4 Bandoneons, 4 Violins"
Armando Pontier,Orquesta Armando Pontier,1967-02-03,Amigaso,Amigazo,Tango,Néstor Real,Víctor,,,,Juan Filiberto,"Francisco Brancatti, Juan Velich",,66-73 Víctor final,Ángel Cichetti,Fernando Cabarcos,"Armando Pontier, Nicolás Paracino, Antonio Roscini, Ángel Digiovanni","Alberto Del Bagno, José Sarmiento, Ernesto Gianni, Pedro Desret","Piano, Bass, 4 Bandoneons, 4 Violins"
Armando Pontier,Orquesta Armando Pontier,1967-02-03,Dame Tiempo,,Tango,Néstor Real,Víctor,,,,"Cristóbal Ramos, Alberto Podestá",Francisco Yoni,,66-73 Víctor final,Ángel Cichetti,Fernando Cabarcos,"Armando Pontier, Nicolás Paracino, Antonio Roscini, Ángel Digiovanni","Alberto Del Bagno, José Sarmiento, Ernesto Gianni, Pedro Desret","Piano, Bass, 4 Bandoneons, 4 Violins"
Armando Pontier,Orquesta Armando Pontier,1967-02-03,Para Siempre,,Tango,Héctor Darío,Víctor,,,,Armando Pontier,Federico Silva,,66-73 Víctor final,Ángel Cichetti,Fernando Cabarcos,"Armando Pontier, Nicolás Paracino, Antonio Roscini, Ángel Digiovanni","Alberto Del Bagno, José Sarmiento, Ernesto Gianni, Pedro Desret","Piano, Bass, 4 Bandoneons, 4 Violins"
Armando Pontier,Orquesta Armando Pontier,1967-02-03,Telarañas,,Tango,Héctor Darío,Víctor,,,,Andrés Doménech,Jesús Blanco,,66-73 Víctor final,Ángel Cichetti,Fernando Cabarcos,"Armando Pontier, Nicolás Paracino, Antonio Roscini, Ángel Digiovanni","Alberto Del Bagno, José Sarmiento, Ernesto Gianni, Pedro Desret","Piano, Bass, 4 Bandoneons, 4 Violins"
Armando Pontier,Orquesta Armando Pontier,1968-04-01,Dondequiera Que Estés,,Tango,Alberto Marino,Víctor,,,,Armando Pontier,Federico Silva,,66-73 Víctor final,Ángel Cichetti,Fernando Cabarcos,"Armando Pontier, Nicolás Paracino, Antonio Roscini, Ángel Digiovanni","Alberto Del Bagno, José Sarmiento, Ernesto Gianni, Pedro Desret","Piano, Bass, 4 Bandoneons, 4 Violins"
Armando Pontier,Orquesta Armando Pontier,1968-04-01,En las Sombras,,Tango,Alberto Marino,Víctor,,,,Joaquín Mora,Manuel Meaños,,66-73 Víctor final,Ángel Cichetti,Fernando Cabarcos,"Armando Pontier, Nicolás Paracino, Antonio Roscini, Ángel Digiovanni","Alberto Del Bagno, José Sarmiento, Ernesto Gianni, Pedro Desret","Piano, Bass, 4 Bandoneons, 4 Violins"
Armando Pontier,Orquesta Armando Pontier,1968-04-01,Seguime Corazón,,Tango,Alberto Marino,Víctor,,,,Baldomero Suárez,Jesús Blanco,,66-73 Víctor final,Ángel Cichetti,Fernando Cabarcos,"Armando Pontier, Nicolás Paracino, Antonio Roscini, Ángel Digiovanni","Alberto Del Bagno, José Sarmiento, Ernesto Gianni, Pedro Desret","Piano, Bass, 4 Bandoneons, 4 Violins"
Armando Pontier,Orquesta Armando Pontier,1968-04-01,Y No Puede Ser,,Tango,Alberto Marino,Víctor,,,,Aníbal Troilo,José Contursi,,66-73 Víctor final,Ángel Cichetti,Fernando Cabarcos,"Armando Pontier, Nicolás Paracino, Antonio Roscini, Ángel Digiovanni","Alberto Del Bagno, José Sarmiento, Ernesto Gianni, Pedro Desret","Piano, Bass, 4 Bandoneons, 4 Violins"
Armando Pontier,Orquesta Armando Pontier,1968-04-17,El Recodo,,Tango,Instrumental,Víctor,,,,Alejandro Junnissi,Armando Tagini,,66-73 Víctor final,Ángel Cichetti,Fernando Cabarcos,"Armando Pontier, Nicolás Paracino, Antonio Roscini, Ángel Digiovanni","Alberto Del Bagno, José Sarmiento, Ernesto Gianni, Pedro Desret","Piano, Bass, 4 Bandoneons, 4 Violins"
Armando Pontier,Orquesta Armando Pontier,1968-04-17,Se Han Sentado las Carretas,,Tango,Instrumental,Víctor,,,,Agustín Bardi,Enrique Cadícamo,,66-73 Víctor final,Ángel Cichetti,Fernando Cabarcos,"Armando Pontier, Nicolás Paracino, Antonio Roscini, Ángel Digiovanni","Alberto Del Bagno, José Sarmiento, Ernesto Gianni, Pedro Desret","Piano, Bass, 4 Bandoneons, 4 Violins"
Armando Pontier,Orquesta Armando Pontier,1968-04-17,Yo Soy el Tango,,Tango,Jorge Durán,Víctor,,,,Domingo Federico,Homero Expósito,,66-73 Víctor final,Ángel Cichetti,Fernando Cabarcos,"Armando Pontier, Nicolás Paracino, Antonio Roscini, Ángel Digiovanni","Alberto Del Bagno, José Sarmiento, Ernesto Gianni, Pedro Desret","Piano, Bass, 4 Bandoneons, 4 Violins"
Armando Pontier,Orquesta Armando Pontier,1968-04-29,Ctv,,Tango,Instrumental,Víctor,,,,Agustín Bardi,,,66-73 Víctor final,Ángel Cichetti,Fernando Cabarcos,"Armando Pontier, Nicolás Paracino, Antonio Roscini, Ángel Digiovanni","Alberto Del Bagno, José Sarmiento, Ernesto Gianni, Pedro Desret","Piano, Bass, 4 Bandoneons, 4 Violins"
Armando Pontier,Orquesta Armando Pontier,1968-04-29,La Última,,Tango,Jorge Durán,Víctor,,,,Antonio Blanco,Julio Camilloni,,66-73 Víctor final,Ángel Cichetti,Fernando Cabarcos,"Armando Pontier, Nicolás Paracino, Antonio Roscini, Ángel Digiovanni","Alberto Del Bagno, José Sarmiento, Ernesto Gianni, Pedro Desret","Piano, Bass, 4 Bandoneons, 4 Violins"
Armando Pontier,Orquesta Armando Pontier,1968-04-29,Pa' Mí Es Igual,Siempre Amigos,Tango,Jorge Durán,Víctor,,,,"Agustín Irusta, Santiago Fugazot, Lucio Demare",Domingo Cadícamo,,66-73 Víctor final,Ángel Cichetti,Fernando Cabarcos,"Armando Pontier, Nicolás Paracino, Antonio Roscini, Ángel Digiovanni","Alberto Del Bagno, José Sarmiento, Ernesto Gianni, Pedro Desret","Piano, Bass, 4 Bandoneons, 4 Violins"
Armando Pontier,Orquesta Armando Pontier,1968-04-29,Si Se Salva el Pibe,Se Salvó el Pibe,Tango,Jorge Durán,Víctor,,,,Francisco Pracánico,Celedonio Flores,,66-73 Víctor final,Ángel Cichetti,Fernando Cabarcos,"Armando Pontier, Nicolás Paracino, Antonio Roscini, Ángel Digiovanni","Alberto Del Bagno, José Sarmiento, Ernesto Gianni, Pedro Desret","Piano, Bass, 4 Bandoneons, 4 Violins"
Armando Pontier,Orquesta Armando Pontier,1968-04-29,Tierra Adentro,,Tango,Instrumental,Víctor,,,,Julio De Caro,Atilio Supparo,,66-73 Víctor final,Ángel Cichetti,Fernando Cabarcos,"Armando Pontier, Nicolás Paracino, Antonio Roscini, Ángel Digiovanni","Alberto Del Bagno, José Sarmiento, Ernesto Gianni, Pedro Desret","Piano, Bass, 4 Bandoneons, 4 Violins"
Armando Pontier,Orquesta Armando Pontier,1968-04-29,Yo Soy el Tango,,Tango,Jorge Durán,Víctor,,,,Domingo Federico,Homero Expósito,,66-73 Víctor final,Ángel Cichetti,Fernando Cabarcos,"Armando Pontier, Nicolás Paracino, Antonio Roscini, Ángel Digiovanni","Alberto Del Bagno, José Sarmiento, Ernesto Gianni, Pedro Desret","Piano, Bass, 4 Bandoneons, 4 Violins"
Armando Pontier,Orquesta Armando Pontier,1968-05-20,Ctv,,Tango,Instrumental,Víctor,,,,Agustín Bardi,,,66-73 Víctor final,Ángel Cichetti,Fernando Cabarcos,"Armando Pontier, Nicolás Paracino, Antonio Roscini, Ángel Digiovanni","Alberto Del Bagno, José Sarmiento, Ernesto Gianni, Pedro Desret","Piano, Bass, 4 Bandoneons, 4 Violins"
Armando Pontier,Orquesta Armando Pontier,1968-05-20,Pa' Mí Es Igual,Siempre Amigos,Tango,Jorge Durán,Víctor,,,,"Agustín Irusta, Santiago Fugazot, Lucio Demare",Domingo Cadícamo,,66-73 Víctor final,Ángel Cichetti,Fernando Cabarcos,"Armando Pontier, Nicolás Paracino, Antonio Roscini, Ángel Digiovanni","Alberto Del Bagno, José Sarmiento, Ernesto Gianni, Pedro Desret","Piano, Bass, 4 Bandoneons, 4 Violins"
Armando Pontier,Orquesta Armando Pontier,1968-08-11,Barrio de Tango,,Tango,Roberto Goyeneche,Víctor,,,,Aníbal Troilo,Homero Manzi,,66-73 Víctor final,Ángel Cichetti,Fernando Cabarcos,"Armando Pontier, Nicolás Paracino, Antonio Roscini, Ángel Digiovanni","Alberto Del Bagno, José Sarmiento, Ernesto Gianni, Pedro Desret","Piano, Bass, 4 Bandoneons, 4 Violins"
Armando Pontier,,1968-09-17,Arrabal Amargo,,Tango,,Víctor,,,,Carlos Gardel,Alfredo Le Pera,,66-73 Víctor final,Ángel Cichetti,Fernando Cabarcos,"Armando Pontier, Nicolás Paracino, Antonio Roscini, Ángel Digiovanni","Alberto Del Bagno, José Sarmiento, Ernesto Gianni, Pedro Desret","Piano, Bass, 4 Bandoneons, 4 Violins"
Armando Pontier,,1968-09-17,Es Tu Imagen,,Tango,,Víctor,,,,"Alberto Harari, Roberto Goyeneche","Alberto Harari, Roberto Goyeneche",,66-73 Víctor final,Ángel Cichetti,Fernando Cabarcos,"Armando Pontier, Nicolás Paracino, Antonio Roscini, Ángel Digiovanni","Alberto Del Bagno, José Sarmiento, Ernesto Gianni, Pedro Desret","Piano, Bass, 4 Bandoneons, 4 Violins"
Armando Pontier,,1968-09-17,Soledad,,Tango,,Víctor,,,,Carlos Gardel,Alfredo Le Pera,,66-73 Víctor final,Ángel Cichetti,Fernando Cabarcos,"Armando Pontier, Nicolás Paracino, Antonio Roscini, Ángel Digiovanni","Alberto Del Bagno, José Sarmiento, Ernesto Gianni, Pedro Desret","Piano, Bass, 4 Bandoneons, 4 Violins"
Armando Pontier,,1968-09-17,Un Momento,,Vals,,Víctor,,,,Héctor Stamponi,Héctor Stamponi,,66-73 Víctor final,Ángel Cichetti,Fernando Cabarcos,"Armando Pontier, Nicolás Paracino, Antonio Roscini, Ángel Digiovanni","Alberto Del Bagno, José Sarmiento, Ernesto Gianni, Pedro Desret","Piano, Bass, 4 Bandoneons, 4 Violins"
Armando Pontier,,1968-09-17,Uno,,Tango,,Víctor,,,,Mariano Mores,Enrique Discépolo,,66-73 Víctor final,Ángel Cichetti,Fernando Cabarcos,"Armando Pontier, Nicolás Paracino, Antonio Roscini, Ángel Digiovanni","Alberto Del Bagno, José Sarmiento, Ernesto Gianni, Pedro Desret","Piano, Bass, 4 Bandoneons, 4 Violins"
Armando Pontier,,1968-09-17,Viejo Baldío,,Tango,,Víctor,,,,Roberto Grela,Víctor Lamanna,,66-73 Víctor final,Ángel Cichetti,Fernando Cabarcos,"Armando Pontier, Nicolás Paracino, Antonio Roscini, Ángel Digiovanni","Alberto Del Bagno, José Sarmiento, Ernesto Gianni, Pedro Desret","Piano, Bass, 4 Bandoneons, 4 Violins"
Armando Pontier,,1968-09-23,El Pescante,,Tango,,Víctor,,,,Sebastián Piana,Homero Manzi,,66-73 Víctor final,Ángel Cichetti,Fernando Cabarcos,"Armando Pontier, Nicolás Paracino, Antonio Roscini, Ángel Digiovanni","Alberto Del Bagno, José Sarmiento, Ernesto Gianni, Pedro Desret","Piano, Bass, 4 Bandoneons, 4 Violins"
Armando Pontier,Orquesta Armando Pontier,1968-09-23,Olvido,,Tango,Roberto Goyeneche,Víctor,,,,"Luis Rubistein, Luis Amadori","Luis Rubistein, Luis Amadori",,66-73 Víctor final,Ángel Cichetti,Fernando Cabarcos,"Armando Pontier, Nicolás Paracino, Antonio Roscini, Ángel Digiovanni","Alberto Del Bagno, José Sarmiento, Ernesto Gianni, Pedro Desret","Piano, Bass, 4 Bandoneons, 4 Violins"
Armando Pontier,Orquesta Armando Pontier,1968-09-23,Qué Fácil Es Decir,,Tango,Roberto Goyeneche,Víctor,,,,Rodolfo Sciammarella,Tabanillo,,66-73 Víctor final,Ángel Cichetti,Fernando Cabarcos,"Armando Pontier, Nicolás Paracino, Antonio Roscini, Ángel Digiovanni","Alberto Del Bagno, José Sarmiento, Ernesto Gianni, Pedro Desret","Piano, Bass, 4 Bandoneons, 4 Violins"
Armando Pontier,Orquesta Armando Pontier,1968-09-23,Solamente Ella,,Tango,Roberto Goyeneche,Víctor,,,,Lucio Demare,Homero Manzi,,66-73 Víctor final,Ángel Cichetti,Fernando Cabarcos,"Armando Pontier, Nicolás Paracino, Antonio Roscini, Ángel Digiovanni","Alberto Del Bagno, José Sarmiento, Ernesto Gianni, Pedro Desret","Piano, Bass, 4 Bandoneons, 4 Violins"
Armando Pontier,,1968-10-03,El Último Acto,,Tango,,Víctor,,,,"Novarro Chico, Mandy, Muñeca","Novarro Chico, Mandy, Muñeca",,66-73 Víctor final,Ángel Cichetti,Fernando Cabarcos,"Armando Pontier, Nicolás Paracino, Antonio Roscini, Ángel Digiovanni","Alberto Del Bagno, José Sarmiento, Ernesto Gianni, Pedro Desret","Piano, Bass, 4 Bandoneons, 4 Violins"
Armando Pontier,,1968-10-30,Zurdo,,Tango,,Víctor,,,,Armando Pontier,Federico Silva,,66-73 Víctor final,Ángel Cichetti,Fernando Cabarcos,"Armando Pontier, Nicolás Paracino, Antonio Roscini, Ángel Digiovanni","Alberto Del Bagno, José Sarmiento, Ernesto Gianni, Pedro Desret","Piano, Bass, 4 Bandoneons, 4 Violins"
Armando Pontier,,1969-08-11,Esa Es la Puerta,,Tango,,Víctor,,,,Armando Pontier,Julio Martín,,66-73 Víctor final,Ángel Cichetti,Fernando Cabarcos,"Armando Pontier, Nicolás Paracino, Antonio Roscini, Ángel Digiovanni","Alberto Del Bagno, José Sarmiento, Ernesto Gianni, Pedro Desret","Piano, Bass, 4 Bandoneons, 4 Violins"
Armando Pontier,Sexteto Armando Pontier,1969-11-18,Guardia Vieja,,Tango,Instrumental,Víctor,,,,Julio De Caro,José De Grandis,,66-73 Víctor final,Ángel Cichetti,Fernando Cabarcos,"Armando Pontier, Nicolás Paracino, Antonio Roscini, Ángel Digiovanni","Alberto Del Bagno, José Sarmiento, Ernesto Gianni, Pedro Desret","Piano, Bass, 4 Bandoneons, 4 Violins"
Armando Pontier,Sexteto Armando Pontier,1969-11-18,Inspiración,Inspiración,Tango,Instrumental,Embassy,,,,Peregrino Paulos,Luis Rubistein,,66-73 Víctor final,Ángel Cichetti,Fernando Cabarcos,"Armando Pontier, Nicolás Paracino, Antonio Roscini, Ángel Digiovanni","Alberto Del Bagno, José Sarmiento, Ernesto Gianni, Pedro Desret","Piano, Bass, 4 Bandoneons, 4 Violins"
Armando Pontier,Sexteto Armando Pontier,1969-11-18,Misa de Once,,Tango,Néstor Real,Víctor,,,,Juan Guichandut,Armando Tagini,,66-73 Víctor final,Ángel Cichetti,Fernando Cabarcos,"Armando Pontier, Nicolás Paracino, Antonio Roscini, Ángel Digiovanni","Alberto Del Bagno, José Sarmiento, Ernesto Gianni, Pedro Desret","Piano, Bass, 4 Bandoneons, 4 Violins"
Armando Pontier,Sexteto Armando Pontier,1969-11-18,Siete Mujeres,,Milonga,Néstor Real,Víctor,,,,Américo Viglione,Ernesto Cardenal,,66-73 Víctor final,Ángel Cichetti,Fernando Cabarcos,"Armando Pontier, Nicolás Paracino, Antonio Roscini, Ángel Digiovanni","Alberto Del Bagno, José Sarmiento, Ernesto Gianni, Pedro Desret","Piano, Bass, 4 Bandoneons, 4 Violins"
Armando Pontier,Orquesta Armando Pontier,1970,9 de Julio,Nueve de Julio,Tango,Instrumental,Víctor,,,,José Padula,Lito Bayardo,,66-73 Víctor final,Ángel Cichetti,Fernando Cabarcos,"Armando Pontier, Nicolás Paracino, Antonio Roscini, Ángel Digiovanni","Alberto Del Bagno, José Sarmiento, Ernesto Gianni, Pedro Desret","Piano, Bass, 4 Bandoneons, 4 Violins"
Armando Pontier,Orquesta Armando Pontier,1970,A Juan José Paz,,Tango,Instrumental,Víctor,,,,Nicolás Paracino,,,66-73 Víctor final,Ángel Cichetti,Fernando Cabarcos,"Armando Pontier, Nicolás Paracino, Antonio Roscini, Ángel Digiovanni","Alberto Del Bagno, José Sarmiento, Ernesto Gianni, Pedro Desret","Piano, Bass, 4 Bandoneons, 4 Violins"
Armando Pontier,Orquesta Armando Pontier,1970,Distrito Catorce,,Tango,Instrumental,Víctor,,,,Armando Pontier,,,66-73 Víctor final,Ángel Cichetti,Fernando Cabarcos,"Armando Pontier, Nicolás Paracino, Antonio Roscini, Ángel Digiovanni","Alberto Del Bagno, José Sarmiento, Ernesto Gianni, Pedro Desret","Piano, Bass, 4 Bandoneons, 4 Violins"
Armando Pontier,Orquesta Armando Pontier,1970,El Tigre,,Tango,Instrumental,Víctor,,,,Francisco Canaro,,,66-73 Víctor final,Ángel Cichetti,Fernando Cabarcos,"Armando Pontier, Nicolás Paracino, Antonio Roscini, Ángel Digiovanni","Alberto Del Bagno, José Sarmiento, Ernesto Gianni, Pedro Desret","Piano, Bass, 4 Bandoneons, 4 Violins"
Armando Pontier,Orquesta Armando Pontier,1970,Inspiración,Inspiración,Tango,Instrumental,Víctor,,,,Peregrino Paulos,Luis Rubistein,,66-73 Víctor final,Ángel Cichetti,Fernando Cabarcos,"Armando Pontier, Nicolás Paracino, Antonio Roscini, Ángel Digiovanni","Alberto Del Bagno, José Sarmiento, Ernesto Gianni, Pedro Desret","Piano, Bass, 4 Bandoneons, 4 Violins"
Armando Pontier,Orquesta Armando Pontier,1970,La Fortinera de Trenque Lauquen,,Milonga,Instrumental,Víctor,,,,Armando Pontier,,,66-73 Víctor final,Ángel Cichetti,Fernando Cabarcos,"Armando Pontier, Nicolás Paracino, Antonio Roscini, Ángel Digiovanni","Alberto Del Bagno, José Sarmiento, Ernesto Gianni, Pedro Desret","Piano, Bass, 4 Bandoneons, 4 Violins"
Armando Pontier,Orquesta Armando Pontier,1970,La Pared,,Tango,Néstor Real,Víctor,,,,Armando Pontier,Cátulo Castillo,,66-73 Víctor final,Ángel Cichetti,Fernando Cabarcos,"Armando Pontier, Nicolás Paracino, Antonio Roscini, Ángel Digiovanni","Alberto Del Bagno, José Sarmiento, Ernesto Gianni, Pedro Desret","Piano, Bass, 4 Bandoneons, 4 Violins"
Armando Pontier,Orquesta Armando Pontier,1970,La Serranita,,Tango,Néstor Real,Víctor,,,,Armando Pontier,Roberto Lambertucci,,66-73 Víctor final,Ángel Cichetti,Fernando Cabarcos,"Armando Pontier, Nicolás Paracino, Antonio Roscini, Ángel Digiovanni","Alberto Del Bagno, José Sarmiento, Ernesto Gianni, Pedro Desret","Piano, Bass, 4 Bandoneons, 4 Violins"
Armando Pontier,Orquesta Armando Pontier,1970,Por Ese Sueño de Amor,,Tango,Instrumental,Víctor,,,,Miguel Nijensohn,,,66-73 Víctor final,Ángel Cichetti,Fernando Cabarcos,"Armando Pontier, Nicolás Paracino, Antonio Roscini, Ángel Digiovanni","Alberto Del Bagno, José Sarmiento, Ernesto Gianni, Pedro Desret","Piano, Bass, 4 Bandoneons, 4 Violins"
Armando Pontier,Orquesta Armando Pontier,1970,Porque Soy Reo,Por Qué Soy Reo,Tango,Gloria Díaz,Víctor,,,,"Herminia De Rossano, Juan Velich, Manuel Meaños","Herminia De Rossano, Juan Velich, Manuel Meaños",,66-73 Víctor final,Ángel Cichetti,Fernando Cabarcos,"Armando Pontier, Nicolás Paracino, Antonio Roscini, Ángel Digiovanni","Alberto Del Bagno, José Sarmiento, Ernesto Gianni, Pedro Desret","Piano, Bass, 4 Bandoneons, 4 Violins"
Armando Pontier,Orquesta Armando Pontier,1970,Sangre Joven,,Tango,Instrumental,Víctor,,,,Armando Pontier,,,66-73 Víctor final,Ángel Cichetti,Fernando Cabarcos,"Armando Pontier, Nicolás Paracino, Antonio Roscini, Ángel Digiovanni","Alberto Del Bagno, José Sarmiento, Ernesto Gianni, Pedro Desret","Piano, Bass, 4 Bandoneons, 4 Violins"
Armando Pontier,Orquesta Armando Pontier,1970,Selección de Francisco Canaro,Rosa de Amor - el Chamuyo,Tango,Instrumental,Víctor,,,,Francisco Canaro,Ivo Pelay,,66-73 Víctor final,Ángel Cichetti,Fernando Cabarcos,"Armando Pontier, Nicolás Paracino, Antonio Roscini, Ángel Digiovanni","Alberto Del Bagno, José Sarmiento, Ernesto Gianni, Pedro Desret","Piano, Bass, 4 Bandoneons, 4 Violins"
Armando Pontier,Orquesta Armando Pontier,1970,Tal Vez Porque la Quiero,,Tango,Néstor Real,Víctor,,,,Armando Pontier,Roberto Lambertucci,,66-73 Víctor final,Ángel Cichetti,Fernando Cabarcos,"Armando Pontier, Nicolás Paracino, Antonio Roscini, Ángel Digiovanni","Alberto Del Bagno, José Sarmiento, Ernesto Gianni, Pedro Desret","Piano, Bass, 4 Bandoneons, 4 Violins"
Armando Pontier,Orquesta Armando Pontier,1970,Tanto Amor Sin Usar,,Tango,Néstor Real,Víctor,,,,Armando Pontier,Federico Silva,,66-73 Víctor final,Ángel Cichetti,Fernando Cabarcos,"Armando Pontier, Nicolás Paracino, Antonio Roscini, Ángel Digiovanni","Alberto Del Bagno, José Sarmiento, Ernesto Gianni, Pedro Desret","Piano, Bass, 4 Bandoneons, 4 Violins"
Armando Pontier,Orquesta Armando Pontier,1970,Una Noche Como Ésta,,Tango,Néstor Real,Víctor,,,,Armando Pontier,Federico Silva,,66-73 Víctor final,Ángel Cichetti,Fernando Cabarcos,"Armando Pontier, Nicolás Paracino, Antonio Roscini, Ángel Digiovanni","Alberto Del Bagno, José Sarmiento, Ernesto Gianni, Pedro Desret","Piano, Bass, 4 Bandoneons, 4 Violins"
Armando Pontier,Orquesta Armando Pontier,1970,Yo Soy Manuel,,Tango,Néstor Real,Víctor,,,,Miguel Nijensohn,Cátulo Castillo,,66-73 Víctor final,Ángel Cichetti,Fernando Cabarcos,"Armando Pontier, Nicolás Paracino, Antonio Roscini, Ángel Digiovanni","Alberto Del Bagno, José Sarmiento, Ernesto Gianni, Pedro Desret","Piano, Bass, 4 Bandoneons, 4 Violins"
Armando Pontier,Orquesta Armando Pontier,1970,Zorzal,,Milonga,Gloria Díaz,Víctor,,,,Dorita Zárate,Dorita Zárate,,66-73 Víctor final,Ángel Cichetti,Fernando Cabarcos,"Armando Pontier, Nicolás Paracino, Antonio Roscini, Ángel Digiovanni","Alberto Del Bagno, José Sarmiento, Ernesto Gianni, Pedro Desret","Piano, Bass, 4 Bandoneons, 4 Violins"
Armando Pontier,,1971-07-07,Corrientes y Esmeralda,,Tango,Instrumental,Víctor,,,,Francisco Pracánico,Celedonio Flores,,66-73 Víctor final,Ángel Cichetti,Fernando Cabarcos,"Armando Pontier, Nicolás Paracino, Antonio Roscini, Ángel Digiovanni","Alberto Del Bagno, José Sarmiento, Ernesto Gianni, Pedro Desret","Piano, Bass, 4 Bandoneons, 4 Violins"
Armando Pontier,Orquesta Armando Pontier,1971-07-07,La Casita de Mis Viejos,La Casita de Mis Padres,Tango,Hugo Del Carril,Víctor,,,,Juan Cobián,Enrique Cadícamo,,66-73 Víctor final,Ángel Cichetti,Fernando Cabarcos,"Armando Pontier, Nicolás Paracino, Antonio Roscini, Ángel Digiovanni","Alberto Del Bagno, José Sarmiento, Ernesto Gianni, Pedro Desret","Piano, Bass, 4 Bandoneons, 4 Violins"
Armando Pontier,Orquesta Armando Pontier,1971-07-07,Silbando,,Tango,Hugo Del Carril,Víctor,,,,"Cátulo Castillo, Sebastián Piana",José Castillo,,66-73 Víctor final,Ángel Cichetti,Fernando Cabarcos,"Armando Pontier, Nicolás Paracino, Antonio Roscini, Ángel Digiovanni","Alberto Del Bagno, José Sarmiento, Ernesto Gianni, Pedro Desret","Piano, Bass, 4 Bandoneons, 4 Violins"
Armando Pontier,,1972,Bien Criolla y Bien Porteña,,Milonga,,Víctor,,,,Armando Pontier,Homero Expósito,,66-73 Víctor final,Ángel Cichetti,Fernando Cabarcos,"Armando Pontier, Nicolás Paracino, Antonio Roscini, Ángel Digiovanni","Alberto Del Bagno, José Sarmiento, Ernesto Gianni, Pedro Desret","Piano, Bass, 4 Bandoneons, 4 Violins"
Armando Pontier,,1972,El Aguacero,Canción de la Pampa,Tango,,Víctor,,,,Cátulo Castillo,José Castillo,,66-73 Víctor final,Ángel Cichetti,Fernando Cabarcos,"Armando Pontier, Nicolás Paracino, Antonio Roscini, Ángel Digiovanni","Alberto Del Bagno, José Sarmiento, Ernesto Gianni, Pedro Desret","Piano, Bass, 4 Bandoneons, 4 Violins"
Armando Pontier,,1973,La Que Murió en París,,Tango,,Víctor,,,,Enrique Maciel,Héctor Blomberg,,66-73 Víctor final,Ángel Cichetti,Fernando Cabarcos,"Armando Pontier, Nicolás Paracino, Antonio Roscini, Ángel Digiovanni","Alberto Del Bagno, José Sarmiento, Ernesto Gianni, Pedro Desret","Piano, Bass, 4 Bandoneons, 4 Violins"
Armando Pontier,Orquesta Armando Pontier,1975,Canaro en París,Canaro en París,Tango,Instrumental,Music Hall,,,,"Alejandro Scarpino, Juan Caldarella",José Scarpino,,75-79 Music Hall + Columbia,Ángel Cichetti,Fernando Cabarcos,"Armando Pontier, Nicolás Paracino, Antonio Roscini, Ángel Digiovanni","Alberto Del Bagno, José Sarmiento, Ernesto Gianni, Pedro Desret","Piano, Bass, 4 Bandoneons, 4 Violins"
Armando Pontier,Orquesta Armando Pontier,1975,Desencanto,,Tango,Oscar Ferrari,Music Hall,,,,Enrique Discépolo,"Enrique Discépolo, Luis Amadori",,75-79 Music Hall + Columbia,Ángel Cichetti,Fernando Cabarcos,"Armando Pontier, Nicolás Paracino, Antonio Roscini, Ángel Digiovanni","Alberto Del Bagno, José Sarmiento, Ernesto Gianni, Pedro Desret","Piano, Bass, 4 Bandoneons, 4 Violins"
Armando Pontier,Orquesta Armando Pontier,1975,El Momento Señalado,,Tango,Oscar Ferrari,Music Hall,,,,Armando Pontier,Armando Pontier,,75-79 Music Hall + Columbia,Ángel Cichetti,Fernando Cabarcos,"Armando Pontier, Nicolás Paracino, Antonio Roscini, Ángel Digiovanni","Alberto Del Bagno, José Sarmiento, Ernesto Gianni, Pedro Desret","Piano, Bass, 4 Bandoneons, 4 Violins"
Armando Pontier,Orquesta Armando Pontier,1975,La Melodía de Nuestro Adiós,,Tango,Oscar Ferrari,Music Hall,,,,Fioravanti Di Cicco,Carmelo Santiago,,75-79 Music Hall + Columbia,Ángel Cichetti,Fernando Cabarcos,"Armando Pontier, Nicolás Paracino, Antonio Roscini, Ángel Digiovanni","Alberto Del Bagno, José Sarmiento, Ernesto Gianni, Pedro Desret","Piano, Bass, 4 Bandoneons, 4 Violins"
Armando Pontier,Orquesta Armando Pontier,1975,No Hables Mal De Las Mujeres,,Tango,Oscar Ferrari,Music Hall,,,,Alberto Margal,Antonio Napoli,,75-79 Music Hall + Columbia,Ángel Cichetti,Fernando Cabarcos,"Armando Pontier, Nicolás Paracino, Antonio Roscini, Ángel Digiovanni","Alberto Del Bagno, José Sarmiento, Ernesto Gianni, Pedro Desret","Piano, Bass, 4 Bandoneons, 4 Violins"
Armando Pontier,Orquesta Armando Pontier,1975,Selección de Agustín Bardi,,Tango,Instrumental,Music Hall,,,,Agustín Bardi,,,75-79 Music Hall + Columbia,Ángel Cichetti,Fernando Cabarcos,"Armando Pontier, Nicolás Paracino, Antonio Roscini, Ángel Digiovanni","Alberto Del Bagno, José Sarmiento, Ernesto Gianni, Pedro Desret","Piano, Bass, 4 Bandoneons, 4 Violins"
Armando Pontier,Orquesta Armando Pontier,1975,Tango a Japón,,Tango,Instrumental,Music Hall,,,,Armando Pontier,,,75-79 Music Hall + Columbia,Ángel Cichetti,Fernando Cabarcos,"Armando Pontier, Nicolás Paracino, Antonio Roscini, Ángel Digiovanni","Alberto Del Bagno, José Sarmiento, Ernesto Gianni, Pedro Desret","Piano, Bass, 4 Bandoneons, 4 Violins"
Armando Pontier,Orquesta Armando Pontier,1975,Venganza,,Tango,Oscar Ferrari,Music Hall,,,,Luis Rubistein,Luis Rubistein,,75-79 Music Hall + Columbia,Ángel Cichetti,Fernando Cabarcos,"Armando Pontier, Nicolás Paracino, Antonio Roscini, Ángel Digiovanni","Alberto Del Bagno, José Sarmiento, Ernesto Gianni, Pedro Desret","Piano, Bass, 4 Bandoneons, 4 Violins"
Armando Pontier,Orquesta Armando Pontier,1975,Yo Tengo una Novia,,Vals,Oscar Ferrari,Music Hall,,,,"Rosendo Pesoa, Diego Centeno",Héctor Marcó,,75-79 Music Hall + Columbia,Ángel Cichetti,Fernando Cabarcos,"Armando Pontier, Nicolás Paracino, Antonio Roscini, Ángel Digiovanni","Alberto Del Bagno, José Sarmiento, Ernesto Gianni, Pedro Desret","Piano, Bass, 4 Bandoneons, 4 Violins"
Armando Pontier,Orquesta Armando Pontier,1977,Anoche,,Tango,Carlos Casado,Music Hall,,,,Armando Pontier,Cátulo Castillo,,75-79 Music Hall + Columbia,Ángel Cichetti,Fernando Cabarcos,"Armando Pontier, Nicolás Paracino, Antonio Roscini, Ángel Digiovanni","Alberto Del Bagno, José Sarmiento, Ernesto Gianni, Pedro Desret","Piano, Bass, 4 Bandoneons, 4 Violins"
Armando Pontier,Orquesta Armando Pontier,1977,Buenos Aires,,Tango,Carlos Casado,Music Hall,,,,Manuel Jovés,Manuel Romero,,75-79 Music Hall + Columbia,Ángel Cichetti,Fernando Cabarcos,"Armando Pontier, Nicolás Paracino, Antonio Roscini, Ángel Digiovanni","Alberto Del Bagno, José Sarmiento, Ernesto Gianni, Pedro Desret","Piano, Bass, 4 Bandoneons, 4 Violins"
Armando Pontier,Orquesta Armando Pontier,1977,Clavel del Aire,,Tango,Carlos Casado,Music Hall,,,,Juan Filiberto,Fernando Valdés,,75-79 Music Hall + Columbia,Ángel Cichetti,Fernando Cabarcos,"Armando Pontier, Nicolás Paracino, Antonio Roscini, Ángel Digiovanni","Alberto Del Bagno, José Sarmiento, Ernesto Gianni, Pedro Desret","Piano, Bass, 4 Bandoneons, 4 Violins"
Armando Pontier,Orquesta Armando Pontier,1977,Cuando Tallan los Recuerdos,,Tango,Carlos Casado,Music Hall,,,,Rafael Rossi,Enrique Cadícamo,,75-79 Music Hall + Columbia,Ángel Cichetti,Fernando Cabarcos,"Armando Pontier, Nicolás Paracino, Antonio Roscini, Ángel Digiovanni","Alberto Del Bagno, José Sarmiento, Ernesto Gianni, Pedro Desret","Piano, Bass, 4 Bandoneons, 4 Violins"
Armando Pontier,Orquesta Armando Pontier,1977,Don Agustín Bardi,A Don Agustín Bardi,Tango,Instrumental,Music Hall,,,,Horacio Salgán,,,75-79 Music Hall + Columbia,Ángel Cichetti,Fernando Cabarcos,"Armando Pontier, Nicolás Paracino, Antonio Roscini, Ángel Digiovanni","Alberto Del Bagno, José Sarmiento, Ernesto Gianni, Pedro Desret","Piano, Bass, 4 Bandoneons, 4 Violins"
Armando Pontier,Orquesta Armando Pontier,1977,El Hombre Que Fue Ciudad,,Tango,Carlos Casado,Music Hall,,,,Armando Pontier,Horacio Ferrer,,75-79 Music Hall + Columbia,Ángel Cichetti,Fernando Cabarcos,"Armando Pontier, Nicolás Paracino, Antonio Roscini, Ángel Digiovanni","Alberto Del Bagno, José Sarmiento, Ernesto Gianni, Pedro Desret","Piano, Bass, 4 Bandoneons, 4 Violins"
Armando Pontier,Orquesta Armando Pontier,1977,El Llorón,,Milonga,Instrumental,Music Hall,,,,Juan Maglio,Enrique Cadícamo,,75-79 Music Hall + Columbia,Ángel Cichetti,Fernando Cabarcos,"Armando Pontier, Nicolás Paracino, Antonio Roscini, Ángel Digiovanni","Alberto Del Bagno, José Sarmiento, Ernesto Gianni, Pedro Desret","Piano, Bass, 4 Bandoneons, 4 Violins"
Armando Pontier,Orquesta Armando Pontier,1977,El Requiebro,,Milonga,Instrumental,Music Hall,,,,Pedro Sánchez,Pedro Sánchez,,75-79 Music Hall + Columbia,Ángel Cichetti,Fernando Cabarcos,"Armando Pontier, Nicolás Paracino, Antonio Roscini, Ángel Digiovanni","Alberto Del Bagno, José Sarmiento, Ernesto Gianni, Pedro Desret","Piano, Bass, 4 Bandoneons, 4 Violins"
Armando Pontier,Orquesta Armando Pontier,1977,El Rodeo,,Tango,Instrumental,Music Hall,,,,Agustín Bardi,,,75-79 Music Hall + Columbia,Ángel Cichetti,Fernando Cabarcos,"Armando Pontier, Nicolás Paracino, Antonio Roscini, Ángel Digiovanni","Alberto Del Bagno, José Sarmiento, Ernesto Gianni, Pedro Desret","Piano, Bass, 4 Bandoneons, 4 Violins"
Armando Pontier,Orquesta Armando Pontier,1977,Malandraca,,Tango,Instrumental,Music Hall,,,,Osvaldo Pugliese,,,75-79 Music Hall + Columbia,Ángel Cichetti,Fernando Cabarcos,"Armando Pontier, Nicolás Paracino, Antonio Roscini, Ángel Digiovanni","Alberto Del Bagno, José Sarmiento, Ernesto Gianni, Pedro Desret","Piano, Bass, 4 Bandoneons, 4 Violins"
Armando Pontier,Orquesta Armando Pontier,1977,Ojos Negros,Dark Eyes,Tango,Instrumental,Music Hall,,,,"Vicente Greco, Ernesto Temes",Pedro Córdoba,,75-79 Music Hall + Columbia,Ángel Cichetti,Fernando Cabarcos,"Armando Pontier, Nicolás Paracino, Antonio Roscini, Ángel Digiovanni","Alberto Del Bagno, José Sarmiento, Ernesto Gianni, Pedro Desret","Piano, Bass, 4 Bandoneons, 4 Violins"
Armando Pontier,Orquesta Armando Pontier,1977,Selección de Carlos Gardel y a Le Pera,Mi Buenos Aires Querido - Volver - el Día Que Me Quieras,Tango,Carlos Casado,Music Hall,,,,Carlos Gardel,"Alfredo Le Pera, Mario Battistella",,75-79 Music Hall + Columbia,Ángel Cichetti,Fernando Cabarcos,"Armando Pontier, Nicolás Paracino, Antonio Roscini, Ángel Digiovanni","Alberto Del Bagno, José Sarmiento, Ernesto Gianni, Pedro Desret","Piano, Bass, 4 Bandoneons, 4 Violins"
Armando Pontier,Orquesta Armando Pontier,1979-05-22,Casas Viejas,,Tango,,Columbia,,,,Francisco Canaro,Ivo Pelay,,75-79 Music Hall + Columbia,Ángel Cichetti,Fernando Cabarcos,"Armando Pontier, Nicolás Paracino, Antonio Roscini, Ángel Digiovanni","Alberto Del Bagno, José Sarmiento, Ernesto Gianni, Pedro Desret","Piano, Bass, 4 Bandoneons, 4 Violins"
Armando Pontier,Orquesta Armando Pontier,1979-05-22,Caserón de Tejas,,Vals,,Columbia,,,,Sebastián Piana,Cátulo Castillo,,75-79 Music Hall + Columbia,Ángel Cichetti,Fernando Cabarcos,"Armando Pontier, Nicolás Paracino, Antonio Roscini, Ángel Digiovanni","Alberto Del Bagno, José Sarmiento, Ernesto Gianni, Pedro Desret","Piano, Bass, 4 Bandoneons, 4 Violins"
Armando Pontier,Orquesta Armando Pontier,1979-05-22,El Encopao,,Tango,,Columbia,,,,Osvaldo Pugliese,Enrique Dizeo,,75-79 Music Hall + Columbia,Ángel Cichetti,Fernando Cabarcos,"Armando Pontier, Nicolás Paracino, Antonio Roscini, Ángel Digiovanni","Alberto Del Bagno, José Sarmiento, Ernesto Gianni, Pedro Desret","Piano, Bass, 4 Bandoneons, 4 Violins"
Armando Pontier,Orquesta Armando Pontier,1979-05-22,Mariposita,,Tango,,Columbia,,,,Anselmo Aieta,Francisco Jiménez,,75-79 Music Hall + Columbia,Ángel Cichetti,Fernando Cabarcos,"Armando Pontier, Nicolás Paracino, Antonio Roscini, Ángel Digiovanni","Alberto Del Bagno, José Sarmiento, Ernesto Gianni, Pedro Desret","Piano, Bass, 4 Bandoneons, 4 Violins"
Armando Pontier,Orquesta Armando Pontier,1979-06-05,La Noche Que Te Fuiste,,Tango,,Columbia,,,,Osmar Maderna,José Contursi,,75-79 Music Hall + Columbia,Ángel Cichetti,Fernando Cabarcos,"Armando Pontier, Nicolás Paracino, Antonio Roscini, Ángel Digiovanni","Alberto Del Bagno, José Sarmiento, Ernesto Gianni, Pedro Desret","Piano, Bass, 4 Bandoneons, 4 Violins"
Armando Pontier,Orquesta Armando Pontier,1979-06-05,No Aflojés,,Tango,,Columbia,,,,"Pedro Maffía, Sebastián Piana",Mario Battistella,,75-79 Music Hall + Columbia,Ángel Cichetti,Fernando Cabarcos,"Armando Pontier, Nicolás Paracino, Antonio Roscini, Ángel Digiovanni","Alberto Del Bagno, José Sarmiento, Ernesto Gianni, Pedro Desret","Piano, Bass, 4 Bandoneons, 4 Violins"
Armando Pontier,Orquesta Armando Pontier,1979-06-05,Preparate Pa'l Domingo,,Tango,,Columbia,,,,Guillermo Barbieri,José Rial,,75-79 Music Hall + Columbia,Ángel Cichetti,Fernando Cabarcos,"Armando Pontier, Nicolás Paracino, Antonio Roscini, Ángel Digiovanni","Alberto Del Bagno, José Sarmiento, Ernesto Gianni, Pedro Desret","Piano, Bass, 4 Bandoneons, 4 Violins"
Armando Pontier,Orquesta Armando Pontier,1979-06-05,Temblando,,Vals,,Columbia,,,,Alberto Acuña,Charrúa,,75-79 Music Hall + Columbia,Ángel Cichetti,Fernando Cabarcos,"Armando Pontier, Nicolás Paracino, Antonio Roscini, Ángel Digiovanni","Alberto Del Bagno, José Sarmiento, Ernesto Gianni, Pedro Desret","Piano, Bass, 4 Bandoneons, 4 Violins"
Armando Pontier,Orquesta Armando Pontier,1979-06-07,Araca la Cana,Araca la Cana,Tango,,Columbia,,,,Enrique Delfino,Mario Rada,,75-79 Music Hall + Columbia,Ángel Cichetti,Fernando Cabarcos,"Armando Pontier, Nicolás Paracino, Antonio Roscini, Ángel Digiovanni","Alberto Del Bagno, José Sarmiento, Ernesto Gianni, Pedro Desret","Piano, Bass, 4 Bandoneons, 4 Violins"
Armando Pontier,Orquesta Armando Pontier,1979-06-07,Carrillón de la Mercéd,Carillón de la Mercéd,Tango,,Columbia,,,,Enrique Discépolo,"Enrique Discépolo, Alfredo Le Pera",,75-79 Music Hall + Columbia,Ángel Cichetti,Fernando Cabarcos,"Armando Pontier, Nicolás Paracino, Antonio Roscini, Ángel Digiovanni","Alberto Del Bagno, José Sarmiento, Ernesto Gianni, Pedro Desret","Piano, Bass, 4 Bandoneons, 4 Violins"
Armando Pontier,Orquesta Armando Pontier,1979-06-07,Griseta,Grisetta | Grisette,Tango,,Columbia,,,,Enrique Delfino,José Castillo,,75-79 Music Hall + Columbia,Ángel Cichetti,Fernando Cabarcos,"Armando Pontier, Nicolás Paracino, Antonio Roscini, Ángel Digiovanni","Alberto Del Bagno, José Sarmiento, Ernesto Gianni, Pedro Desret","Piano, Bass, 4 Bandoneons, 4 Violins"
Armando Pontier,Orquesta Armando Pontier,1979-06-07,Margó,,Tango,,Columbia,,,,Armando Pontier,Homero Expósito,,75-79 Music Hall + Columbia,Ángel Cichetti,Fernando Cabarcos,"Armando Pontier, Nicolás Paracino, Antonio Roscini, Ángel Digiovanni","Alberto Del Bagno, José Sarmiento, Ernesto Gianni, Pedro Desret","Piano, Bass, 4 Bandoneons, 4 Violins"
