Bandleader,Orchestra,Date,Title,AltTitle,Genre,Singer,Label,Master,Composer,Author,Arranger,Grouping,Pianist,Bassist,Bandoneons,Strings,Lineup,Matrix,DiskNumber
Carlos Gardel,Carlos Gardel,1912,El almohadón,,Vals,Carlos Gardel,Columbia,Acoustic,José Betinotti,A. Cepeda,,12-26 Acoustic,,,,,,56760-1,T638
Carlos Gardel,Carlos Gardel,1912,A Mitre,,Vals,Carlos Gardel,Columbia,Acoustic,P. Vazquez,J. Etchepare,,12-26 Acoustic,,,,,,56761-1,T730
Carlos Gardel,Carlos Gardel,1917,Mi Noche Triste,,Tango,Carlos Gardel,Odeón,Acoustic,Samuel Castriota,Pascual Contursi,,12-26 Acoustic,,,,,,59,18847
Carlos Gardel,Carlos Gardel,1918,Flor De Fango,,Tango,Carlos Gardel,Odeón,Acoustic,A. Gentili,Pascual Contursi,,12-26 Acoustic,,,,,,33,18012
Carlos Gardel,Carlos Gardel,1919,Aurora,,Vals,Carlos Gardel y José Razzano,Odeón,Acoustic,"Carlos Gardel, José Razzano","Carlos Gardel, José Razzano",,12-26 Acoustic,,,,,,55,
Carlos Gardel,Carlos Gardel,1919,Ay Elena,,Vals,Carlos Gardel y José Razzano,Odeón,Acoustic,"Carlos Gardel, José Razzano","Carlos Gardel, José Razzano",,12-26 Acoustic,,,,,,56,
Carlos Gardel,Carlos Gardel,1919,Como quiere la madre a sus hijos,,Vals,Carlos Gardel,Odeón,Acoustic,José Betinotti,José Betinotti,,12-26 Acoustic,,,,,,59,
Carlos Gardel,Carlos Gardel,1919,De Vuelta Al Bulín,,Tango,Carlos Gardel,Odeón,Acoustic,J. Martinez,Pascual Contursi,,12-26 Acoustic,,,,,,170,18020
Carlos Gardel,Dúo Gardel - Razzano,1920,En vano en vano,,Vals,Carlos Gardel y José Razzano,Odeón,Acoustic,"Carlos Gardel, José Razzano","Carlos Gardel, José Razzano",,12-26 Acoustic,,,,,,221,
Carlos Gardel,Carlos Gardel,1920,Milongón,,Milonga,Carlos Gardel,Odeón,Acoustic,A. Rio,A. Rio,,12-26 Acoustic,,,,,,224,
Carlos Gardel,Carlos Gardel,1920,Ivette,,Tango,Carlos Gardel,Odeón,Acoustic,J. Martinez,Pascual Contursi,,12-26 Acoustic,,,,,,226,
Carlos Gardel,Carlos Gardel,1920,Muñequita,,Tango,Carlos Gardel,Odeón,Acoustic,Francisco Lomuto,Adolfo Herschel,,12-26 Acoustic,,,,,,262,
Carlos Gardel,Carlos Gardel,1920,Milonguita,,Tango,Carlos Gardel,Odeón,Acoustic,Enrique Delfino,Samuel Linning,,12-26 Acoustic,,,,,,326,
Carlos Gardel,Carlos Gardel,1920,Que querés con esa cara,,Tango,Carlos Gardel,Odeón,Acoustic,Eduardo Arolas,Pascual Contursi,,12-26 Acoustic,,,,,,341,
Carlos Gardel,Carlos Gardel,1920,La catedrática,,Milonga,Carlos Gardel,Odeón,Acoustic,Francisco Martino,Francisco Martino,,12-26 Acoustic,,,,,,344,
Carlos Gardel,Carlos Gardel,1920,Carne de Cabaret,,Tango,Carlos Gardel,Odeón,Acoustic,P. Lambertucci,Luis Pedro Roldan,,12-26 Acoustic,,,,,,353,
Carlos Gardel,Carlos Gardel,1920,Pobre paica,,Tango,Carlos Gardel,Odeón,Acoustic,Juan Carlos Cobián,Pascual Contursi,,12-26 Acoustic,,,,,,354,
Carlos Gardel,Dúo Gardel - Razzano,1920,Ausencia,,Vals,Carlos Gardel y José Razzano,Odeón,Acoustic,"Francisco N. Bianco, Carlos Gardel, José Razzano","Francisco N. Bianco, Carlos Gardel, José Razzano",,12-26 Acoustic,,,,,,375,
Carlos Gardel,Dúo Gardel - Razzano,1921,Margot,,Tango,Carlos Gardel,Odeón,Acoustic,J. Ricardo Soria,C. Flores,,12-26 Acoustic,,,,,,443,
Carlos Gardel,Carlos Gardel,1921,Cielito Mío,,Tango,Carlos Gardel,Odeón,Acoustic,O. Fresedo,E. Fresedo,,12-26 Acoustic,,,,,,449,
Carlos Gardel,Carlos Gardel,1921,Zorro Gris,,Tango,Carlos Gardel,Odeón,Acoustic,Rafael Tuegols,Francisco García Jiménez,,12-26 Acoustic,,,,,,453,
Carlos Gardel,Carlos Gardel,1921,El Pañuelito,,Tango,Carlos Gardel,Odeón,Acoustic,J. De D. Filiberto,G. Coria Penaloza,,12-26 Acoustic,,,,,,560,
Carlos Gardel,Carlos Gardel,1921,La percanta está triste,,Tango,Carlos Gardel,Odeón,Acoustic,Vicente Greco,Vicente Greco,,12-26 Acoustic,,,,,,571,
Carlos Gardel,Carlos Gardel,1921,Muñequita de lujo,,Tango,Carlos Gardel,Odeón,Acoustic,Enrique Delfino,P. Cordoba,,12-26 Acoustic,,,,,,682,
Carlos Gardel,Carlos Gardel,1921,Qué Has Hecho de Mi Cariño,,Tango,Carlos Gardel,Odeón,Acoustic,Juan Maglio,José González Castillo,,12-26 Acoustic,,,,,,683,
Carlos Gardel,Carlos Gardel,1921,La Copa Del Olvido,,Tango,Carlos Gardel,Odeón,Acoustic,Enrique Delfino,Alberto Vaccarezza,,12-26 Acoustic,,,,,,691,
Carlos Gardel,Carlos Gardel,1922,Contrastes,,Vals,Carlos Gardel y José Razzano,Odeón,Acoustic,"Carlos Gardel, José Razzano","Carlos Gardel, José Razzano",,12-26 Acoustic,,,,,,747,
Carlos Gardel,Carlos Gardel,1922,Un Bailongo,,Milonga,Carlos Gardel,Odeón,Acoustic,J. Ricardo Soria,A. Cepeda,,12-26 Acoustic,,,,,,748,
Carlos Gardel,Carlos Gardel,1922,El taita del arrabal,,Tango,Carlos Gardel,Odeón,Acoustic,J. Padilla,"L. Bayon Herrera, Manuel Romero",,12-26 Acoustic,,,,,,749,
Carlos Gardel,Carlos Gardel,1922,Los Indios,,Tango,Carlos Gardel,Odeón,Acoustic,Francisco Canaro,Juan Caruso,,12-26 Acoustic,,,,,,750,
Carlos Gardel,Carlos Gardel,1922,Tu Diagnóstico,,Vals,Carlos Gardel,Odeón,Acoustic,F. Bianco,José Betinotti,,12-26 Acoustic,,,,,,751,
Carlos Gardel,Carlos Gardel,1922,Las Campanas,,Vals,Carlos Gardel,Odeón,Acoustic,J. Planquette,J. Planquette,,12-26 Acoustic,,,,,,758,
Carlos Gardel,Carlos Gardel,1922,Mi Estrella,,Vals,Carlos Gardel y José Razzano,Odeón,Acoustic,S. Salinas,S. Salinas,,12-26 Acoustic,,,,,,784,
Carlos Gardel,Carlos Gardel,1922,La cartita,,Tango,Carlos Gardel,Odeón,Acoustic,Juan Filiberto,G. Penaloza,,12-26 Acoustic,,,,,,787,
Carlos Gardel,Carlos Gardel,1922,Pobre corazoncito,,Tango,Carlos Gardel,Odeón,Acoustic,Vicente Greco,Pedro Numa Córdoba,,12-26 Acoustic,,,,,,788,
Carlos Gardel,Carlos Gardel,1922,La Cautiva,,Tango,Carlos Gardel,Odeón,Acoustic,C. Geroni Flores,Pedro Numa Córdoba,,12-26 Acoustic,,,,,,789,
Carlos Gardel,Carlos Gardel,1922,La mascotita,,Tango,Carlos Gardel,Odeón,Acoustic,F. Scolatti Almeyda,J. Luque Lobos,,12-26 Acoustic,,,,,,812,
Carlos Gardel,Carlos Gardel,1922,Pobre vieja,,Tango,Carlos Gardel,Odeón,Acoustic,Roberto Goyeneche,Roberto Goyeneche,,12-26 Acoustic,,,,,,854,
Carlos Gardel,Carlos Gardel,1922,Sufra,,Tango,Carlos Gardel,Odeón,Acoustic,Francisco Canaro,Juan Caruso,,12-26 Acoustic,,,,,,873,
Carlos Gardel,Carlos Gardel,1922,La Brisa,,Tango,Carlos Gardel,Odeón,Acoustic,Francisco Canaro,Juan Caruso,,12-26 Acoustic,,,,,,913,
Carlos Gardel,Carlos Gardel,1922,Madre,,Tango,Carlos Gardel,Odeón,Acoustic,F. Pracanico,Verminio Servetto,,12-26 Acoustic,,,,,,914,
Carlos Gardel,Carlos Gardel,1922,El patotero sentimental,,Tango,Carlos Gardel,Odeón,Acoustic,Manuel Romero -Manuel Jovés,Manuel Romero -Manuel Jovés,,12-26 Acoustic,,,,,,954,
Carlos Gardel,Carlos Gardel,1922,Polvorín,,Tango,Carlos Gardel,Odeón,Acoustic,J. Martinez,Manuel Romero,,12-26 Acoustic,,,,,,977,
Carlos Gardel,Carlos Gardel,1922,La provinciana,,Tango,Carlos Gardel,Odeón,Acoustic,Manuel Jovés,Manuel Romero,,12-26 Acoustic,,,,,,978,
Carlos Gardel,Carlos Gardel,1922,El tango de la muerte,,Tango,Carlos Gardel,Odeón,Acoustic,H. Mackitons,A. Novion,,12-26 Acoustic,,,,,,991,
Carlos Gardel,Carlos Gardel,1922,Loca,,Tango,Carlos Gardel,Odeón,Acoustic,Manuel Jovés,Antonio Viérgol,,12-26 Acoustic,,,,,,1028,
Carlos Gardel,Carlos Gardel,1922,Porotita,,Tango,Carlos Gardel,Odeón,Acoustic,Enrique Delfino,Antonio Viérgol,,12-26 Acoustic,,,,,,1029,
Carlos Gardel,Carlos Gardel,1922,Camarada,,Tango,Carlos Gardel,Odeón,Acoustic,F y J. Caruso,Juan Caruso,,12-26 Acoustic,,,,,,1070,
Carlos Gardel,Carlos Gardel,1922,La Maleva,,Tango,Carlos Gardel,Odeón,Acoustic,Antonio Buglione,Mario Pardo,,12-26 Acoustic,,,,,,1080,
Carlos Gardel,Carlos Gardel,1922,Córdoba,,Tango,Carlos Gardel,Odeón,Acoustic,M. D'Errico,Juan Caruso,,12-26 Acoustic,,,,,,1104,
Carlos Gardel,Carlos Gardel,1922,Nido de Amor,,Tango,Carlos Gardel,Odeón,Acoustic,Samuel Castriota,Juan Caruso,,12-26 Acoustic,,,,,,1112,
Carlos Gardel,Carlos Gardel,1923,El Pinche,,Tango,Carlos Gardel,Odeón,Acoustic,F. y J. Canaro,Juan Caruso,,12-26 Acoustic,,,,,,1129,
Carlos Gardel,Carlos Gardel,1923,Como Los Nardos En Flor,,Tango,Carlos Gardel,Odeón,Acoustic,T. y M. Lespes,E. Viera,,12-26 Acoustic,,,,,,1130,
Carlos Gardel,Dúo Gardel - Razzano,1923,Mano A Mano,,Tango,Carlos Gardel,Odeón,Acoustic,"Carlos Gardel, José Razzano",C. Flores,,12-26 Acoustic,,,,,,1153,18234
Carlos Gardel,Carlos Gardel,1923,Rosas De Otoño,,Vals,Carlos Gardel,Odeón,Acoustic,G. Barbieri,José Rial,,12-26 Acoustic,,,,,,1154,
Carlos Gardel,Carlos Gardel,1923,La Mariposa,,Tango,Carlos Gardel,Odeón,Acoustic,P. Maffia,C. Flores,,12-26 Acoustic,,,,,,1155,18815
Carlos Gardel,Carlos Gardel,1923,Hacete tonadillera,,Tango,Carlos Gardel,Odeón,Acoustic,Ángel Greco,Ángel Greco,,12-26 Acoustic,,,,,,1156,
Carlos Gardel,Carlos Gardel,1923,La Chacarera,,Tango,Carlos Gardel,Odeón,Acoustic,"Juan Maglio, J. Servidio",Juan Caruso,,12-26 Acoustic,,,,,,1222,
Carlos Gardel,Carlos Gardel,1923,Mi Refugio,,Tango,Carlos Gardel,Odeón,Acoustic,Juan Carlos Cobián,Pedro Numa Córdoba,,12-26 Acoustic,,,,,,1223,
Carlos Gardel,Carlos Gardel,1923,El Huérfano,,Tango,Carlos Gardel,Odeón,Acoustic,A. Aieta,Francisco García Jiménez,,12-26 Acoustic,,,,,,1233,
Carlos Gardel,Carlos Gardel,1923,Buenos Aires,,Tango,Carlos Gardel,Odeón,Acoustic,Manuel Jovés,Manuel Romero,,12-26 Acoustic,,,,,,1234,
Carlos Gardel,Carlos Gardel,1923,La muchacha,,Tango,Carlos Gardel,Odeón,Acoustic,Roberto Firpo,"J. Ferreyra, L. Torre Rios",,12-26 Acoustic,,,,,,1264,
Carlos Gardel,Carlos Gardel,1923,Tendrás Que Llorar,,Vals,Carlos Gardel y José Razzano,Odeón,Acoustic,Cristino Tapia,Cristino Tapia,,12-26 Acoustic,,,,,,1309,
Carlos Gardel,Carlos Gardel,1923,Pobres Flores,,Tango,Carlos Gardel,Odeón,Acoustic,F. Pacranico,Verminio Servetto,,12-26 Acoustic,,,,,,1310,
Carlos Gardel,Carlos Gardel,1923,Una Pena,,Tango,Carlos Gardel,Odeón,Acoustic,Adolfo Rosquellas,Arturo Albert,,12-26 Acoustic,,,,,,1311,
Carlos Gardel,Carlos Gardel,1923,El Rey del Cabaret,,Tango,Carlos Gardel,Odeón,Acoustic,Enrique Delfino,Manuel Romero,,12-26 Acoustic,,,,,,1312,
Carlos Gardel,Carlos Gardel,1923,Alma Porteña,,Tango,Carlos Gardel,Odeón,Acoustic,Vicente Greco,Vicente Greco,,12-26 Acoustic,,,,,,1354,
Carlos Gardel,Carlos Gardel,1923,Viejecita mia,,Tango,Carlos Gardel,Odeón,Acoustic,Carlos Marcucci,Enrique Dizeo,,12-26 Acoustic,,,,,,1355,
Carlos Gardel,Carlos Gardel,1923,El ramito,,Tango,Carlos Gardel,Odeón,Acoustic,"Juan Filiberto, Luis Teisseire",G. Coria Penaloza,,12-26 Acoustic,,,,,,1391,
Carlos Gardel,Carlos Gardel,1923,Midinette porteña,,Tango,Carlos Gardel,Odeón,Acoustic,Rafael Tuegols,Carlos Camba,,12-26 Acoustic,,,,,,1396,
Carlos Gardel,Carlos Gardel,1923,Clarita,,Tango,Carlos Gardel,Odeón,Acoustic,Domingo Fortunato,José González Castillo,,12-26 Acoustic,,,,,,1397,
Carlos Gardel,Carlos Gardel,1923,Nubes De Humo,,Tango,Carlos Gardel,Odeón,Acoustic,Manuel Jovés,Manuel Romero,,12-26 Acoustic,,,,,,1398,
Carlos Gardel,Carlos Gardel,1923,Celeste y blanco,,Tango,Carlos Gardel,Odeón,Acoustic,Luis Teisseire,A. Kolben,,12-26 Acoustic,,,,,,1484,
Carlos Gardel,Carlos Gardel,1923,Padre Nuestro,,Tango,Carlos Gardel,Odeón,Acoustic,Enrique Delfino,Alberto Vaccarezza,,12-26 Acoustic,,,,,,1485,
Carlos Gardel,Carlos Gardel,1923,Eche otra caña pulpero,,Tango,Carlos Gardel,Odeón,Acoustic,Enrique Delfino,Alberto Vaccarezza,,12-26 Acoustic,,,,,,1486,
Carlos Gardel,Carlos Gardel,1923,Pobre Milonga,,Tango,Carlos Gardel,Odeón,Acoustic,Manuel Jovés,Manuel Romero,,12-26 Acoustic,,,,,,1487,
Carlos Gardel,Carlos Gardel,1923,Amor perdido,,Tango,Carlos Gardel,Odeón,Acoustic,Eduardo Bonessi,"Carlos Gardel, José Razzano",,12-26 Acoustic,,,,,,1568,
Carlos Gardel,Carlos Gardel,1923,Tierrita,,Tango,Carlos Gardel,Odeón,Acoustic,A. Bardi,Juan Caruso,,12-26 Acoustic,,,,,,1569,
Carlos Gardel,Carlos Gardel,1923,El Curdela,,Tango,Carlos Gardel,Odeón,Acoustic,Juan Maglio,J. Luque Lobos,,12-26 Acoustic,,,,,,1570,
Carlos Gardel,Carlos Gardel,1923,El Arroyito,,Tango,Carlos Gardel,Odeón,Acoustic,Samuel Castriota,C. Flores,,12-26 Acoustic,,,,,,1571,
Carlos Gardel,Carlos Gardel,1923,Lo que Fuiste,,Tango,Carlos Gardel,Odeón,Acoustic,Rafael Tuegols,Francisco García Jiménez,,12-26 Acoustic,,,,,,1581,
Carlos Gardel,Carlos Gardel,1923,Mentías,,Tango,Carlos Gardel,Odeón,Acoustic,Juan Filiberto,Milon Mujica,,12-26 Acoustic,,,,,,1582,
Carlos Gardel,Carlos Gardel,1923,Tierra del fuego,,Tango,Carlos Gardel,Odeón,Acoustic,Francisco Lomuto,Francisco Lomuto,,12-26 Acoustic,,,,,,1590,
Carlos Gardel,Carlos Gardel,1923,Cartitas perfumadas,,Tango,Carlos Gardel,Odeón,Acoustic,Ángel Greco,Juan Caruso,,12-26 Acoustic,,,,,,1591,
Carlos Gardel,Carlos Gardel,1923,Desengaño,,Tango,Carlos Gardel,Odeón,Acoustic,F. y J. Canaro,Juan Caruso,,12-26 Acoustic,,,,,,1592,
Carlos Gardel,Carlos Gardel,1923,Tu Vieja Ventana,,Vals,Carlos Gardel y José Razzano,Odeón,Acoustic,G. Barbieri,A. Rio,,12-26 Acoustic,,,,,,1598,
Carlos Gardel,Carlos Gardel,1923,Desdichas,,Tango,Carlos Gardel,Odeón,Acoustic,A. Gentile,Pascual Contursi,,12-26 Acoustic,,,,,,1599,
Carlos Gardel,Carlos Gardel,1923,Sobre El Pucho,,Tango,Carlos Gardel,Odeón,Acoustic,Sebastián Piana,José González Castillo,,12-26 Acoustic,,,,,,1600,
Carlos Gardel,Carlos Gardel,1924,Sacate la Caretita,,Tango,Carlos Gardel,Odeón,Acoustic,José Francisco Schumacher y Luis Cosenza,Juan Caruso,,12-26 Acoustic,,,,,,1764,
Carlos Gardel,Carlos Gardel,1924,El consentido,,Tango,Carlos Gardel,Odeón,Acoustic,Emilio Iribarne,Cancio Millán,,12-26 Acoustic,,,,,,1765,
Carlos Gardel,Carlos Gardel,1924,Príncipe,,Tango,Carlos Gardel,Odeón,Acoustic,"Rafael Tuegols, Anselmo Aieta",Francisco García Jiménez,,12-26 Acoustic,,,,,,1769,
Carlos Gardel,Carlos Gardel,1924,Sombras,,Tango,Carlos Gardel,Odeón,Acoustic,Verminio Servetto,Francisco Pracánico,,12-26 Acoustic,,,,,,1770,
Carlos Gardel,Carlos Gardel,1924,Francesita,,Tango,Carlos Gardel,Odeón,Acoustic,Enrique Delfino,Alberto Vacarezza,,12-26 Acoustic,,,,,,1771,
Carlos Gardel,Carlos Gardel,1924,Congojas,,Tango,Carlos Gardel,Odeón,Acoustic,"Juan Maglio, Pacho",Enrique Carrera Sotelo,,12-26 Acoustic,,,,,,1777,
Carlos Gardel,Carlos Gardel,1924,Desolación,,Tango,Carlos Gardel,Odeón,Acoustic,Adolfo Avilés,Eduardo Ildefonso Viera,,12-26 Acoustic,,,,,,1778,
Carlos Gardel,Carlos Gardel,1924,Se Acuerdan Muchachos,,Tango,Carlos Gardel,Odeón,Acoustic,Enrique Delfino,Pablo Marcelino Suero,,12-26 Acoustic,,,,,,1779,
Carlos Gardel,Carlos Gardel,1924,Perdóname Señor,,Tango,Carlos Gardel,Odeón,Acoustic,Francisco Pracáníco,Verminio Servetto,,12-26 Acoustic,,,,,,1780,
Carlos Gardel,Carlos Gardel,1924,Nunca Más,,Tango,Carlos Gardel,Odeón,Acoustic,Francisco Lomuto,Oscar Lomuto,,12-26 Acoustic,,,,,,1781,
Carlos Gardel,Carlos Gardel,1924,Pobre Amigo,,Tango,Carlos Gardel,Odeón,Acoustic,Guillermo Barbieri,José Rial,,12-26 Acoustic,,,,,,1794,
Carlos Gardel,Carlos Gardel,1924,Tranco a Tranco,,Tango,Carlos Gardel,Odeón,Acoustic,"Juan Maglio, Pacho",Juan Caruso,,12-26 Acoustic,,,,,,1795,
Carlos Gardel,Carlos Gardel,1924,Cascabelito,,Tango,Carlos Gardel,Odeón,Acoustic,José Bohr,Juan Caruso,,12-26 Acoustic,,,,,,1811,
Carlos Gardel,Carlos Gardel,1924,De flor en flor,,Tango,Carlos Gardel,Odeón,Acoustic,Eduardo Bonessi,Domingo Gallicchio,,12-26 Acoustic,,,,,,1812,
Carlos Gardel,Carlos Gardel,1924,Sueño Marchito,,Tango,Carlos Gardel,Odeón,Acoustic,Antonio Polito,Antonio Timarni,,12-26 Acoustic,,,,,,1813,
Carlos Gardel,Carlos Gardel,1924,Milonga fina,,Tango,Carlos Gardel,Odeón,Acoustic,José Servidio,Celedonio Flores,,12-26 Acoustic,,,,,,1849,
Carlos Gardel,Carlos Gardel,1924,La enmascarada,,Tango,Carlos Gardel,Odeón,Acoustic,Paquita Bernardo,Francisco García Jiménez,,12-26 Acoustic,,,,,,1850,
Carlos Gardel,Carlos Gardel,1924,Talán Talán,,Tango,Carlos Gardel,Odeón,Acoustic,Enrique Delfino,Alberto Vacarezza,,12-26 Acoustic,,,,,,1851,
Carlos Gardel,Carlos Gardel,1924,El alma que siente,,Tango,Carlos Gardel,Odeón,Acoustic,José Servidio,Celedonio Flores,,12-26 Acoustic,,,,,,1853,
Carlos Gardel,Carlos Gardel,1924,Il picccolo navio,,Tango,Carlos Gardel,Odeón,Acoustic,Luis Riccardi,Juan Caruso,,12-26 Acoustic,,,,,,1854,
Carlos Gardel,Carlos Gardel,1924,El Besito,,Tango,Carlos Gardel,Odeón,Acoustic,Juan De Dios Filiberto,Gabino Coria Peñaloza,,12-26 Acoustic,,,,,,2044,
Carlos Gardel,Carlos Gardel,1924,La Vuelta de Rocha,,Tango,Carlos Gardel,Odeón,Acoustic,Juan De Dios Filiberto,Gabino Coria Peñaloza,,12-26 Acoustic,,,,,,2045,
Carlos Gardel,Carlos Gardel,1924,Macachin Flor de los Llanos,,Tango,Carlos Gardel,Odeón,Acoustic,Francisco Martínez Aranaz,Gondran Ellauri Obligado,,12-26 Acoustic,,,,,,2128,
Carlos Gardel,Carlos Gardel,1924,La Cabeza del Italiano,,Tango,Carlos Gardel,Odeón,Acoustic,Antonio Scatasso,Francisco Bastardi,,12-26 Acoustic,,,,,,2129,
Carlos Gardel,Carlos Gardel,1924,Pobre Madrecita,,Tango,Carlos Gardel,Odeón,Acoustic,Ángel Greco,Juan Caruso,,12-26 Acoustic,,,,,,2137,
Carlos Gardel,Carlos Gardel,1924,Argentina,,Tango,Carlos Gardel,Odeón,Acoustic,Vicente Greco,Vicente Greco,,12-26 Acoustic,,,,,,2190,
Carlos Gardel,Carlos Gardel,1924,Misterio,,Tango,Carlos Gardel,Odeón,Acoustic,Hugo Ricardo Baralís,Carlos Camba,,12-26 Acoustic,,,,,,2191,
Carlos Gardel,Carlos Gardel,1924,Mía,,Tango,Carlos Gardel,Odeón,Acoustic,José Bohr,Juan Caruso,,12-26 Acoustic,,,,,,2192,
Carlos Gardel,Carlos Gardel,1924,La Garconniere,,Tango,Carlos Gardel,Odeón,Acoustic,Francisco Canaro,Juan Caruso,,12-26 Acoustic,,,,,,2197,
Carlos Gardel,Carlos Gardel,1924,No Le Digas Que La Quiero,,Tango,Carlos Gardel,Odeón,Acoustic,Enrique Delfino,Alberto Vacarezza,,12-26 Acoustic,,,,,,2262,
Carlos Gardel,Carlos Gardel,1924,Hollín,,Tango,Carlos Gardel,Odeón,Acoustic,José María Rizzutti,Amadeo Canale,,12-26 Acoustic,,,,,,2275,
Carlos Gardel,Carlos Gardel,1924,La Mentirosa,,Tango,Carlos Gardel,Odeón,Acoustic,Anselmo Aieta,Francisco García Jiménez,,12-26 Acoustic,,,,,,2276,
Carlos Gardel,Carlos Gardel,1924,Por un tango,,Tango,Carlos Gardel,Odeón,Acoustic,Guillermo Barbieri,Guillermo Barbieri,,12-26 Acoustic,,,,,,2277,
Carlos Gardel,Carlos Gardel,1924,Destino,,Tango,Carlos Gardel,Odeón,Acoustic,Antonio Polito,Anibal J. Imperiale,,12-26 Acoustic,,,,,,2278,
Carlos Gardel,Carlos Gardel,1924,Todo Corazón,,Tango,Carlos Gardel,Odeón,Acoustic,Julio De Caro,José María Ruffet,,12-26 Acoustic,,,,,,2279,
Carlos Gardel,Carlos Gardel,1924,Beso Ingrato,,Tango,Carlos Gardel,Odeón,Acoustic,Rafael Tuegols,Carlos Camba,,12-26 Acoustic,,,,,,2290,
Carlos Gardel,Carlos Gardel,1924,Si supieras (la cumparsita),,Tango,Carlos Gardel,Odeón,Acoustic,Gerardo Mátos Rodríguez,Pascual Contursi y Enrique Pedro Maroni,,12-26 Acoustic,,,,,,2292,
Carlos Gardel,Carlos Gardel,1924,Aromas,,Tango,Carlos Gardel,Odeón,Acoustic,Osvaldo Fresedo,Emilio Fresedo,,12-26 Acoustic,,,,,,2389,
Carlos Gardel,Carlos Gardel,1924,Tesorito,,Tango,Carlos Gardel,Odeón,Acoustic,Adolfo Avilés,Juan Caruso,,12-26 Acoustic,,,,,,2390,
Carlos Gardel,Carlos Gardel,1924,El Olvido,,Tango,Carlos Gardel,Odeón,Acoustic,Antonio Scatasso y Domingo Julio Vivas,Carlos Ponciano Cabral,,12-26 Acoustic,,,,,,2391,
Carlos Gardel,Carlos Gardel,1924,Sin Madre,,Tango,Carlos Gardel,Odeón,Acoustic,Alfredo Eusebio Gobbi,Alfredo Eusebio Gobbi,,12-26 Acoustic,,,,,,2434,
Carlos Gardel,Carlos Gardel,1925,Por El Camino,,Tango,Carlos Gardel,Odeón,Acoustic,José Bohr,José González Castillo,,12-26 Acoustic,,,,,,2531,
Carlos Gardel,Carlos Gardel,1925,Galleguita,,Tango,Carlos Gardel,Odeón,Acoustic,Horacio Pettorossi,Alfredo Navarrine,,12-26 Acoustic,,,,,,2532,
Carlos Gardel,Carlos Gardel,1925,El Once,,Tango,Carlos Gardel,Odeón,Acoustic,Osvaldo y Emilio Fresedo,Osvaldo y Emilio Fresedo,,12-26 Acoustic,,,,,,2537,
Carlos Gardel,Carlos Gardel,1925,Sentimiento Gaucho,,Tango,Carlos Gardel,Odeón,Acoustic,Francisco y Rafael Canaro,Juan Caruso,,12-26 Acoustic,,,,,,2538,
Carlos Gardel,Carlos Gardel,1925,Amigazo,,Tango,Carlos Gardel,Odeón,Acoustic,Juan De Dios Filiberto,Francisco Brancati y Julian Velich,,12-26 Acoustic,,,,,,2551,
Carlos Gardel,Carlos Gardel,1925,Añorando,,Tango,Carlos Gardel,Odeón,Acoustic,Lorenzo C.Spinetto,Lorenzo C.Spinetto,,12-26 Acoustic,,,,,,2552,
Carlos Gardel,Carlos Gardel,1925,Por Última Vez,,Tango,Carlos Gardel,Odeón,Acoustic,Carlos Pibernat,Francisco Bohígas,,12-26 Acoustic,,,,,,2553,
Carlos Gardel,Carlos Gardel,1925,Pa' que Te Acordés,,Tango,Carlos Gardel,Odeón,Acoustic,Francisco Lomuto,Andrés Seitún,,12-26 Acoustic,,,,,,2567,
Carlos Gardel,Carlos Gardel,1925,Caminito Del Taller,,Tango,Carlos Gardel,Odeón,Acoustic,Cátulo Castillo,Cátulo Castillo,,12-26 Acoustic,,,,,,2568,
Carlos Gardel,Carlos Gardel,1925,Mala,,Tango,Carlos Gardel,Odeón,Acoustic,Emilio Iribarne y Víctor Troysi,Juan Caruso,,12-26 Acoustic,,,,,,2587,
Carlos Gardel,Carlos Gardel,1925,Tuyo,,Tango,Carlos Gardel,Odeón,Acoustic,Rolando Angeletti,Rolando Angeletti,,12-26 Acoustic,,,,,,2594,
Carlos Gardel,Dúo Gardel - Razzano,1925,La Cuyanita,,Tango,Carlos Gardel,Odeón,Acoustic,René Ruiz y Alberto Acuña,René Ruiz y Alberto Acuña,,12-26 Acoustic,,,,,,2663,
Carlos Gardel,Carlos Gardel,1925,Caricias,,Tango,Carlos Gardel,Odeón,Acoustic,Maria I. Godard,Juan Caruso,,12-26 Acoustic,,,,,,2728,
Carlos Gardel,Carlos Gardel,1925,Organito De La Tarde,,Tango,Carlos Gardel,Odeón,Acoustic,Cátulo Castillo,José González Castillo,,12-26 Acoustic,,,,,,2729,
Carlos Gardel,Carlos Gardel,1925,Oro Y Seda,,Tango,Carlos Gardel,Odeón,Acoustic,Osvaldo Fresedo,Amadeo Canale,,12-26 Acoustic,,,,,,2730,
Carlos Gardel,Carlos Gardel,1925,Mano Mora,,Tango,Carlos Gardel,Odeón,Acoustic,Luis Teisseire,Jaime Lloret,,12-26 Acoustic,,,,,,2770,
Carlos Gardel,Carlos Gardel,1925,Aquella noche,,Tango,Carlos Gardel,Odeón,Acoustic,Julio De Caro,Carlos González Illescas,,12-26 Acoustic,,,,,,2786,
Carlos Gardel,Carlos Gardel,1925,Puentecito,,Tango,Carlos Gardel,Odeón,Acoustic,José Servidio,Juan Caruso,,12-26 Acoustic,,,,,,2823,
Carlos Gardel,Carlos Gardel,1925,Mi guitarra,,Tango,Carlos Gardel,Odeón,Acoustic,Domingo Greco,Juan Caruso,,12-26 Acoustic,,,,,,2824,
Carlos Gardel,Carlos Gardel,1925,Guamini,,Tango,Carlos Gardel,Odeón,Acoustic,Guillermo D. Barbieri,Eugenio Cárdenas,,12-26 Acoustic,,,,,,2854,
Carlos Gardel,Carlos Gardel,1925,Pasan las horas,,Vals,Carlos Gardel,Odeón,Acoustic,"Carlos Camba, El Hombre Pentagrama","Carlos Camba, El Hombre Pentagrama",,12-26 Acoustic,,,,,,2856,
Carlos Gardel,Carlos Gardel,1925,Flor de Cardo,,Tango,Carlos Gardel,Odeón,Acoustic,Miguel Correa,Eugenio Cárdenas,,12-26 Acoustic,,,,,,2903,
Carlos Gardel,Carlos Gardel,1925,Maniqui,,Tango,Carlos Gardel,Odeón,Acoustic,Carlos V. Geroni Flores,Enrique Dizeo,,12-26 Acoustic,,,,,,2963,
Carlos Gardel,Carlos Gardel,1925,Trapito,,Tango,Carlos Gardel,Odeón,Acoustic,José y Luis Servidio,Eugenio Cárdenas,,12-26 Acoustic,,,,,,2964,
Carlos Gardel,Dúo Gardel - Razzano,1925,Llora Corazón,,Vals,Carlos Gardel y José Razzano,Odeón,Acoustic,Horacio Pettorossi,Horacio Pettorossi,,12-26 Acoustic,,,,,,3000,
Carlos Gardel,Carlos Gardel,1925,Volveme el cariño,,Vals,Carlos Gardel,Odeón,Acoustic,Emilio Iribarne,Atilio Supparo,,12-26 Acoustic,,,,,,3009,
Carlos Gardel,Carlos Gardel,1925,Acuarelita de arrabal,,Tango,Carlos Gardel,Odeón,Acoustic,Cátulo Castillo,José González Castillo,,12-26 Acoustic,,,,,,3010,
Carlos Gardel,Carlos Gardel,1925,Silbando,,Tango,Carlos Gardel,Odeón,Acoustic,Cátulo Castillo y Sebastián Piana,José González Castillo,,12-26 Acoustic,,,,,,3011,
Carlos Gardel,Carlos Gardel,1925,Por el llano,,Tango,Carlos Gardel,Odeón,Acoustic,Rafael Rossi,Eugenio Cárdenas,,12-26 Acoustic,,,,,,3012,
Carlos Gardel,Carlos Gardel,1925,Mentiras,,Tango,Carlos Gardel,Odeón,Acoustic,Luis Minervini,Francisco García Jiménez,,12-26 Acoustic,,,,,,3034,18874
Carlos Gardel,Carlos Gardel,1925,Pobre Muñequita,,Tango,Carlos Gardel,Odeón,Acoustic,"Emilio Iribarne, Víctor Troysi y Emilio Sola",Atilio Supparo,,12-26 Acoustic,,,,,,3035,
Carlos Gardel,Carlos Gardel,1925,Oh penas mias,,Tango,Carlos Gardel,Odeón,Acoustic,Manuel Cuesta Silva,Manuel Cuesta Silva,,12-26 Acoustic,,,,,,3049,
Carlos Gardel,Carlos Gardel,1925,Cicatrices,,Tango,Carlos Gardel,Odeón,Acoustic,Adolfo Avilés,Enrique Maroni,,12-26 Acoustic,,,,,,3050,
Carlos Gardel,Carlos Gardel,1925,Langosta,,Tango,Carlos Gardel,Odeón,Acoustic,Juan De Dios Filiberto,Juan Andrés Bruno,,12-26 Acoustic,,,,,,3072,
Carlos Gardel,Carlos Gardel,1925,Soñando,,Tango,Carlos Gardel,Odeón,Acoustic,Paquita Bernardo,Eugenio Cárdenas,,12-26 Acoustic,,,,,,3073,
Carlos Gardel,Carlos Gardel,1925,Tus violetas,,Tango,Carlos Gardel,Odeón,Acoustic,Guillermo Barbieri,Guillermo Barbieri,,12-26 Acoustic,,,,,,3074,
Carlos Gardel,Carlos Gardel,1925,Tango Porteño,,Tango,Carlos Gardel,Odeón,Acoustic,Francisco Pracáníco,Manuel Romero,,12-26 Acoustic,,,,,,3151,
Carlos Gardel,Carlos Gardel,1925,Por Ella,,Tango,Carlos Gardel,Odeón,Acoustic,Luis Teisseire,Juan Caruso,,12-26 Acoustic,,,,,,3152,
Carlos Gardel,Carlos Gardel,1925,Callecita De Mi Barrio,,Tango,Carlos Gardel,Odeón,Acoustic,Alberto Laporte y Otello Gasparini,Enrique Maroni,,12-26 Acoustic,,,,,,3153,
Carlos Gardel,Carlos Gardel,8/1/1926,El Alma De La Calle,,Tango,Carlos Gardel,Odeón,78rpm,Raúl De Los Hoyos,Jose Agustin Ferreyra,,,,,,,,So 3839,
Carlos Gardel,Carlos Gardel,8/1/1926,Desilusión,,Tango,Carlos Gardel,Odeón,78rpm,José María Rizzuti,Julio Bonnet,,,,,,,,So 3849,
Carlos Gardel,Carlos Gardel,8/1/1926,Chola,,Tango,Carlos Gardel,Odeón,78rpm,Antonio Polito,Enrique Pedro Maroni,,,,,,,,So 3841,
Carlos Gardel,Carlos Gardel,8/1/1926,Corazón de arrabal,,Tango,Carlos Gardel,Odeón,78rpm,Manuel Jovés,Manuel Romero,,,,,,,,So 3850,
Carlos Gardel,Carlos Gardel,9/1/1926,El Tatuaje,,Tango,Carlos Gardel,Odeón,78rpm,Rafael Iriarte,Francisco Brancatti,,,,,,,,So 3850,
Carlos Gardel,Carlos Gardel,9/1/1926,Malevito,,Tango,Carlos Gardel,Odeón,78rpm,Pedro Mario Mafia,Celedonio Flores,,,,,,,,So 3851,
Carlos Gardel,Carlos Gardel,9/1/1926,Dolor,,Tango,Carlos Gardel,Odeón,78rpm,Teodoro Diez Cepeda,Jose Manuel Perez Moris,,,,,,,,So 3855,
Carlos Gardel,Carlos Gardel,9/1/1926,Trago Amargo,,Tango,Carlos Gardel,Odeón,78rpm,Rafael Iriarte,Julio Navarrine,,,,,,,,So 3856,
Carlos Gardel,Carlos Gardel,1926,Mi Querer,,Tango,Carlos Gardel,Odeón,Acoustic,Manlio Francia,Juan Caruso,,12-26 Acoustic,,,,,,3808,
Carlos Gardel,Carlos Gardel,1926,Trago Amargo,,Tango,Carlos Gardel,Odeón,Acoustic,Rafael Iriarte,Julio Navarrine,,12-26 Acoustic,,,,,,So 3856,
Carlos Gardel,Carlos Gardel,1926,Oiga amigo,,Tango,Carlos Gardel,Odeón,Acoustic,Julio Navarrine,Alfredo Navarrine,,12-26 Acoustic,,,,,,3810,
Carlos Gardel,Carlos Gardel,1926,El Alma De La Calle,,Tango,Carlos Gardel,Odeón,Acoustic,Raúl De Los Hoyos,José A. Ferreyra,,12-26 Acoustic,,,,,,So 3839,
Carlos Gardel,Carlos Gardel,1926,Maldita Visión,,Tango,Carlos Gardel,Odeón,Acoustic,Manlio Francia,José Carlos Barros,,12-26 Acoustic,,,,,,3812,
Carlos Gardel,Carlos Gardel,1926,El bulin de la calle Ayacacucho,,Tango,Carlos Gardel,Odeón,Acoustic,José y Luis Servidio,Celedonio Flores,,12-26 Acoustic,,,,,,3813,
Carlos Gardel,Carlos Gardel,1926,El Brujo,,Tango,Carlos Gardel,Odeón,Acoustic,Juan Carlos Bazan,Eduardo Carrasquilla Mallarino,,12-26 Acoustic,,,,,,3884,
Carlos Gardel,Carlos Gardel,1926,Tiempos viejos (Te acordás hermano),,Tango,Carlos Gardel,Odeón,Acoustic,Francisco Canaro,Manuel Romero,,12-26 Acoustic,,,,,,3885,
Carlos Gardel,Carlos Gardel,1926,El Tatuaje,,Tango,Carlos Gardel,Odeón,Acoustic,Rafael Iriarte,Francisco Brancatti,,12-26 Acoustic,,,,,,So 3850,
Carlos Gardel,Carlos Gardel,1926,Caferata,,Tango,Carlos Gardel,Odeón,Acoustic,Antonio Scatasso,Pascual Contursi,,12-26 Acoustic,,,,,,3888,
Carlos Gardel,Carlos Gardel,1926,La He Visto con Otro,,Tango,Carlos Gardel,Odeón,Acoustic,Antonio Scatasso,Pascual Contursi,,12-26 Acoustic,,,,,,3925,
Carlos Gardel,Carlos Gardel,1926,La Tristeza del Bulín,,Tango,Carlos Gardel,Odeón,Acoustic,Antonio Scatasso,Luis Pedro Roldan,,12-26 Acoustic,,,,,,3926,
Carlos Gardel,Carlos Gardel,1926,Desilusión,,Tango,Carlos Gardel,Odeón,Acoustic,José María Rizzuti,Julio Bonnet,,12-26 Acoustic,,,,,,So 3849,
Carlos Gardel,Carlos Gardel,1926,No Te Quiero Más,,Tango,Carlos Gardel,Odeón,Acoustic,Juan Baüer,Juan Antonio Estape,,12-26 Acoustic,,,,,,3929,
Carlos Gardel,Carlos Gardel,1926,Copen la banca,,Tango,Carlos Gardel,Odeón,Acoustic,Juan Maglio,Enrique Dizeo,,12-26 Acoustic,,,,,,3930,
Carlos Gardel,Carlos Gardel,1926,Chola,,Tango,Carlos Gardel,Odeón,Acoustic,Antonio Polito,Enrique Pedro Maroni,,12-26 Acoustic,,,,,,So 3841,
Carlos Gardel,Carlos Gardel,1926,Tus Besos Fueron Míos,,Tango,Carlos Gardel,Odeón,Acoustic,Anselmo Aieta,Francisco García Jiménez,,12-26 Acoustic,,,,,,3964,
Carlos Gardel,Carlos Gardel,1926,Siga El Corso,,Tango,Carlos Gardel,Odeón,Acoustic,Anselmo Aieta,Francisco García Jiménez,,12-26 Acoustic,,,,,,3965,18242
Carlos Gardel,Carlos Gardel,1926,Se fue Mateo,,Tango,Carlos Gardel,Odeón,Acoustic,Antonio De Bassi,Alfredo Enrique Bertonasco,,12-26 Acoustic,,,,,,4009,
Carlos Gardel,Carlos Gardel,1926,Bésame En La Boca,,Tango,Carlos Gardel,Odeón,Acoustic,José María Rizzutti,Eduardo Calvo,,12-26 Acoustic,,,,,,4010,
Carlos Gardel,Carlos Gardel,1926,Tu Mirada,,Tango,Carlos Gardel,Odeón,Acoustic,Juan Rosito,Eugenio Cárdenas,,12-26 Acoustic,,,,,,4011,
Carlos Gardel,Carlos Gardel,1926,La Milonga,,Tango,Carlos Gardel,Odeón,Acoustic,Rafael Rossi,Eugenio Cárdenas,,12-26 Acoustic,,,,,,4013,
Carlos Gardel,Carlos Gardel,1926,Por Qué No Has Venido,,Tango,Carlos Gardel,Odeón,Acoustic,Pedro Mario Mafia,Julio Navarrine,,12-26 Acoustic,,,,,,4075,
Carlos Gardel,Carlos Gardel,1926,Caminito,,Tango,Carlos Gardel,Odeón,Acoustic,Juan De Dios Filiberto,Gabino Coria Peñaloza,,12-26 Acoustic,,,,,,4076,18218
Carlos Gardel,Carlos Gardel,1926,Yo Te Bendigo,,Tango,Carlos Gardel,Odeón,Acoustic,Juan De Dios Filiberto,Juan Andrés Bruno,,12-26 Acoustic,,,,,,4077,
Carlos Gardel,Carlos Gardel,1926,Pobre Chica,,Tango,Carlos Gardel,Odeón,Acoustic,Osvaldo Fresedo,Emilio Fresedo,,12-26 Acoustic,,,,,,4078,
Carlos Gardel,Carlos Gardel,1926,Calandria,,Tango,Carlos Gardel,Odeón,Acoustic,Luis Teisseire,Juan Caruso,,12-26 Acoustic,,,,,,4099,
Carlos Gardel,Carlos Gardel,1926,Juguete de Placer,,Tango,Carlos Gardel,Odeón,Acoustic,Cátulo Castillo,José González Castillo,,12-26 Acoustic,,,,,,4100,
Carlos Gardel,Carlos Gardel,1926,Nena,,Tango,Carlos Gardel,Odeón,Acoustic,Ciriaco Ortiz,Juan Carlos Bazán,,12-26 Acoustic,,,,,,4127,
Carlos Gardel,Carlos Gardel,1926,Ave Sin Rumbo,,Tango,Carlos Gardel,Odeón,Acoustic,Carlos Gardel y José Razzano,Eugenio Cárdenas,,12-26 Acoustic,,,,,,4128,
Carlos Gardel,Carlos Gardel,1926,Aquel Cuartito De La Pensión,,Tango,Carlos Gardel,Odeón,Acoustic,Raúl De Los Hoyos,Carlos Max Viale,,12-26 Acoustic,,,,,,4129,
Carlos Gardel,Carlos Gardel,1926,Noches De Colón,,Tango,Carlos Gardel,Odeón,Acoustic,Raúl De Los Hoyos,Roberto Lino Cayol,,12-26 Acoustic,,,,,,4130,
Carlos Gardel,Carlos Gardel,1926,Mocosita,,Tango,Carlos Gardel,Odeón,Acoustic,Gerardo Hernán Matos Rodríguez,Víctor Soliño,,12-26 Acoustic,,,,,,4131,
Carlos Gardel,Carlos Gardel,1926,A Media Noche,,Tango,Carlos Gardel,Odeón,Acoustic,Juan Maglio,Enrique Dizeo,,12-26 Acoustic,,,,,,4253,
Carlos Gardel,Carlos Gardel,1926,Una Lágrima,,Tango,Carlos Gardel,Odeón,Acoustic,Nicolás Verona,Eugenio Cárdenas,,12-26 Acoustic,,,,,,4254,
Carlos Gardel,Carlos Gardel,1926,Íntimas,,Tango,Carlos Gardel,Odeón,Acoustic,Alfonso Ramiro Lacueva,Ricardo Luis Brignolo,,12-26 Acoustic,,,,,,4286,
Carlos Gardel,Carlos Gardel,1926,Oro muerto (Jirón porteño),,Tango,Carlos Gardel,Odeón,Acoustic,Juan Raggi,Julio Navarrine,,12-26 Acoustic,,,,,,4287,
Carlos Gardel,Carlos Gardel,1926,A Media Luz,,Tango,Carlos Gardel,Odeón,Acoustic,Edgardo Donato,Carlos César Lenzi,,12-26 Acoustic,,,,,,4338,
Carlos Gardel,Carlos Gardel,1926,Pa Qué Más,,Tango,Carlos Gardel,Odeón,Acoustic,José Ceglie,Atilio Supparo,,12-26 Acoustic,,,,,,,
Carlos Gardel,Carlos Gardel,1926,Rosas rojas,,Tango,Carlos Gardel,Odeón,Acoustic,Francisco Lomuto,Andrés Lorenzo Seitún,,12-26 Acoustic,,,,,,4353,
Carlos Gardel,Carlos Gardel,1926,Qué Linda Es la Vida,,Vals,Carlos Gardel,Odeón,Acoustic,Cristino Tapia,Cristino Tapia,,12-26 Acoustic,,,,,,4354,
Carlos Gardel,Carlos Gardel,1926,Coquetita,,Tango,Carlos Gardel,Odeón,Acoustic,"Rafael Giovinazzi, Juan B. Guido",Enrique Iacobelli,,12-26 Acoustic,,,,,,4355,
Carlos Gardel,Carlos Gardel,1926,Muñeca,,Tango,Carlos Gardel,Odeón,Acoustic,Enrique Lomuto,Luis Isaac De Tejeria,,12-26 Acoustic,,,,,,4493,
Carlos Gardel,Carlos Gardel,1926,Francia,,Tango,Carlos Gardel,Odeón,Acoustic,Juan Caruso,Samuel Castriota,,12-26 Acoustic,,,,,,4494,
Carlos Gardel,Carlos Gardel,1926,Pobre corazón mio,,Tango,Carlos Gardel,Odeón,Acoustic,Antonio Scatasso,Pascual Contursi,,12-26 Acoustic,,,,,,4495,
Carlos Gardel,Carlos Gardel,1926,Calavera Viejo,,Tango,Carlos Gardel,Odeón,Acoustic,Carlos Gardel y José Razzano,Carlos Gardel y José Razzano,,12-26 Acoustic,,,,,,4496,
Carlos Gardel,Carlos Gardel,1926,Señor,,Tango,Carlos Gardel,Odeón,Acoustic,Enrique Maciel,Francisco Brancatti,,12-26 Acoustic,,,,,,4550,
Carlos Gardel,Carlos Gardel,1926,Cariñito mio,,Tango,Carlos Gardel,Odeón,Acoustic,Francisco Martino,Francisco Martino,,12-26 Acoustic,,,,,,4551,
Carlos Gardel,Carlos Gardel,1926,El Ciruja,,Tango,Carlos Gardel,Odeón,Acoustic,Ernesto De La Cruz,Francisco Alfredo Marino,,12-26 Acoustic,,,,,,4585,
Carlos Gardel,Carlos Gardel,26/11/1926,Mi Diosa,,Tango,Carlos Gardel,Odeón,78rpm,Francisco De Caro,José Pedro De Grandis,,26-27 Early Electric,,,,,,2,
Carlos Gardel,Carlos Gardel,26/11/1926,Del Barrio De Las Latas,,Tango,Carlos Gardel,Odeón,78rpm,Raúl De Los Hoyos,Emilio Augusto Oscar Fresedo,,26-27 Early Electric,,,,,,3,
Carlos Gardel,Carlos Gardel,10/11/1926,Calavera Viejo,,Tango,Carlos Gardel,Odeón,78rpm,Carlos Gardel y José Razzano,Carlos Gardel y José Razzano,,26-27 Early Electric,,,,,,4496,
Carlos Gardel,Carlos Gardel,12/11/1926,Calavera Viejo,,Tango,Carlos Gardel,Odeón,78rpm,Carlos Gardel y José Razzano,Carlos Gardel y José Razzano,,26-27 Early Electric,,,,,,4496,
Carlos Gardel,Carlos Gardel,15/11/1926,Del Barrio De Las Latas,,Tango,Carlos Gardel,Odeón,78rpm,Raúl De Los Hoyos,Emilio Augusto Oscar Fresedo,,26-27 Early Electric,,,,,,3,
Carlos Gardel,Carlos Gardel,15/11/1926,No me tires con la tapa de la olla,,Tango,Carlos Gardel,Odeón,78rpm,Antonio Scatasso,Alberto Vacarezza,,26-27 Early Electric,,,,,,26,
Carlos Gardel,Carlos Gardel,3/2/1927,Ya Pa' que,,Tango,Carlos Gardel,Odeón,78rpm,Rafael Iriarte,Atilio Supparo,,26-27 Early Electric,,,,,,88-388-a,
Carlos Gardel,Carlos Gardel,3/2/1927,Ansias de Amor,,Tango,Carlos Gardel,Odeón,78rpm,Guillermo D. Barbieri,Guillermo D. Barbieri,,26-27 Early Electric,,,,,,224-a,
Carlos Gardel,Carlos Gardel,3/2/1927,Normiña,,Tango,Carlos Gardel,Odeón,78rpm,Eduardo Arman,Francisco Antonio Capone,,26-27 Early Electric,,,,,,225-3,
Carlos Gardel,Carlos Gardel,3/2/1927,Llorá Hermano,,Tango,Carlos Gardel,Odeón,78rpm,Enrique Lomuto,Augusto Espinosa,,26-27 Early Electric,,,,,,226-3,
Carlos Gardel,Carlos Gardel,3/2/1927,Gorriones,,Tango,Carlos Gardel,Odeón,78rpm,Eduardo Pereyra,Celedonio Flores,,26-27 Early Electric,,,,,,276-3,
Carlos Gardel,Carlos Gardel,6/2/1927,Páginas De Amor,,Tango,Carlos Gardel,Odeón,78rpm,José González Castillo,Luis Riccardi,,26-27 Early Electric,,,,,,192-3,
Carlos Gardel,Carlos Gardel,6/2/1927,Ansias de Amor,,Tango,Carlos Gardel,Odeón,78rpm,Guillermo D. Barbieri,Guillermo D. Barbieri,,26-27 Early Electric,,,,,,224-a,
Carlos Gardel,Carlos Gardel,6/2/1927,Perdonada,,Tango,Carlos Gardel,Odeón,78rpm,Eugenio Cárdenas,Rafael Rossí,,26-27 Early Electric,,,,,,277-3,
Carlos Gardel,Carlos Gardel,6/2/1927,Compañero,,Tango,Carlos Gardel,Odeón,78rpm,Enrique P. Maroni,Juan De Dios Filiberto,,26-27 Early Electric,,,,,,363,
Carlos Gardel,Carlos Gardel,17/2/1927,Perdonada,,Tango,Carlos Gardel,Odeón,78rpm,Rafael Rossi,Eugenio Cárdenas,,26-27 Early Electric,,,,,,277-3,
Carlos Gardel,Carlos Gardel,17/2/1927,Páginas De Amor,,Tango,Carlos Gardel,Odeón,78rpm,José González Castillo,Luis Riccardi,,26-27 Early Electric,,,,,,192-3,
Carlos Gardel,Carlos Gardel,18/2/1927,Abuelito,,Tango,Carlos Gardel,Odeón,78rpm,Alberto Nicolás Laporte,"Eduardo Salvador Trongué, Carlos P. Cabral",,26-27 Early Electric,,,,,,275-1,
Carlos Gardel,Carlos Gardel,18/02/1927,Compañero,,Tango,Carlos Gardel,Odeón,78rpm,Enrique P. Maroni,Juan De Dios Filiberto,,26-27 Early Electric,,,,,,363,
Carlos Gardel,Carlos Gardel,18/2/1927,Pan Comido,,Tango,Carlos Gardel,Odeón,78rpm,Ismael Gómez,Enrique Dizeo,,26-27 Early Electric,,,,,,385,
Carlos Gardel,Carlos Gardel,18/2/1927,Barrio Reo,,Tango,Carlos Gardel,Odeón,78rpm,Roberto Fugazot,Alfredo Navarrine,,26-27 Early Electric,,,,,,386,
Carlos Gardel,Carlos Gardel,18/2/1927,Por Dónde Andará,,Tango,Carlos Gardel,Odeón,78rpm,Salvador Merico,Atilio Supparo,,26-27 Early Electric,,,,,,387,
Carlos Gardel,Carlos Gardel,18/2/1927,Y era buena,,Tango,Carlos Gardel,Odeón,78rpm,Virgilio Ramón Carmona,Virgilio Ramón Carmona,,26-27 Early Electric,,,,,,388,
Carlos Gardel,Carlos Gardel,12/3/1927,Por Dónde Andará,,Tango,Carlos Gardel,Odeón,78rpm,Salvador Merico,Atilio Supparo,,26-27 Early Electric,,,,,,387,
Carlos Gardel,Carlos Gardel,12/3/1927,Sos de Chiclana,,Tango,Carlos Gardel,Odeón,78rpm,Rafael Rossi,Alfredo y Julio Navarrine,,26-27 Early Electric,,,,,,472,
Carlos Gardel,Carlos Gardel,12/3/1927,La Violetera,,Tango,Carlos Gardel,Odeón,78rpm,Anselmo Aieta,Francisco García Jiménez,,26-27 Early Electric,,,,,,473,
Carlos Gardel,Carlos Gardel,30/3/1927,Sos de Chiclana,,Tango,Carlos Gardel,Odeón,78rpm,Rafael Rossi,Alfredo y Julio Navarrine,,26-27 Early Electric,,,,,,472,
Carlos Gardel,Carlos Gardel,30/3/1927,Bulincito de Mi Vida,,Tango,Carlos Gardel,Odeón,78rpm,Lorenzo Spinetto,Lorenzo Spinetto,,26-27 Early Electric,,,,,,543,
Carlos Gardel,Carlos Gardel,30/3/1927,Carnaval,,Tango,Carlos Gardel,Odeón,78rpm,Anselmo Aieta,Francisco García Jiménez,,26-27 Early Electric,,,,,,544,18208
Carlos Gardel,Carlos Gardel,30/3/1927,Se Acabaron Los Otarios,,Tango,Carlos Gardel,Odeón,78rpm,Francisco Canaro,Juan Caruso,,26-27 Early Electric,,,,,,545,
Carlos Gardel,Carlos Gardel,30/3/1927,Che Mariano,,Tango,Carlos Gardel,Odeón,78rpm,Pascual Domingo Mazzeo,Alfonso Tagle Lara,,26-27 Early Electric,,,,,,546,
Carlos Gardel,Carlos Gardel,5/5/1927,Noche fría,,Tango,Carlos Gardel,Odeón,78rpm,,,,26-27 Early Electric,,,,,,119-1,
Carlos Gardel,Carlos Gardel,5/5/1927,Federación,,Tango,Carlos Gardel,Odeón,78rpm,Francisco Canaro y Luis Riccardi,Juan Caruso,,26-27 Early Electric,,,,,,719,
Carlos Gardel,Carlos Gardel,5/5/1927,Besos Que Matan,,Tango,Carlos Gardel,Odeón,78rpm,Guillermo Barbieri,Eugenio Cárdenas,,26-27 Early Electric,,,,,,720,
Carlos Gardel,Carlos Gardel,5/5/1927,Insomnio,,Tango,Carlos Gardel,Odeón,78rpm,Américo Chiriff,"José Alonso y Trelles, El Viejo Pancho",,26-27 Early Electric,,,,,,721,18210
Carlos Gardel,Carlos Gardel,5/5/1927,Arrabalero,,Tango,Carlos Gardel,Odeón,78rpm,Osvaldo Fresedo,Eduardo Calvo,,26-27 Early Electric,,,,,,722,
Carlos Gardel,Carlos Gardel,27/05/1927,Se Acabaron Los Otarios,,Tango,Carlos Gardel,Odeón,78rpm,Francisco Canaro,Juan Caruso,,26-27 Early Electric,,,,,,545,
Carlos Gardel,Carlos Gardel,27/5/1927,Besos Que Matan,,Tango,Carlos Gardel,Odeón,78rpm,Guillermo Barbieri,Eugenio Cárdenas,,26-27 Early Electric,,,,,,720,
Carlos Gardel,Carlos Gardel,27/5/1927,Muñeca de Carne,,Tango,Carlos Gardel,Odeón,78rpm,Juan Bautista Guido,Francisco Antonio Capone,,26-27 Early Electric,,,,,,788,
Carlos Gardel,Carlos Gardel,27/5/1927,Araca Corazón,,Tango,Carlos Gardel,Odeón,78rpm,Enrique Delfino,Alberto Vacccarezza,,26-27 Early Electric,,,,,,789,
Carlos Gardel,Carlos Gardel,14/6/1927,La Última Copa,,Tango,Carlos Gardel,Odeón,78rpm,Francisco Canaro,Juan Caruso,,26-27 Early Electric,,,,,,919,
Carlos Gardel,Carlos Gardel,21/6/1927,La Entrerriana,,Vals,Carlos Gardel,Odeón,78rpm,Alfredo Gobbi,Alfredo Gobbi,,26-27 Early Electric,,,,,,953,
Carlos Gardel,Carlos Gardel,21/6/1927,Mala Entraña,,Tango,Carlos Gardel,Odeón,78rpm,Enrique Maciel,Celedonio Flores,,26-27 Early Electric,,,,,,954,
Carlos Gardel,Carlos Gardel,21/6/1927,Muchachos me caso,,Tango,Carlos Gardel,Odeón,78rpm,Luis Martíni,Luis Roldán,,26-27 Early Electric,,,,,,955,
Carlos Gardel,Carlos Gardel,8/7/1927,El Poncho Del Amor,,Tango,Carlos Gardel,Odeón,78rpm,Antonio Scatasso,Alberto Vaccarezza,,26-27 Early Electric,,,,,,1001,
Carlos Gardel,Carlos Gardel,8/7/1927,Ventanita De Arrabal,,Tango,Carlos Gardel,Odeón,78rpm,Antonio Scatasso,Pascual Contursi,,26-27 Early Electric,,,,,,1002,
Carlos Gardel,Carlos Gardel,8/7/1927,Un Tropezón,,Tango,Carlos Gardel,Odeón,78rpm,Raúl De Los Hoyos,Luis Bayón Herrera,,26-27 Early Electric,,,,,,1003,
Carlos Gardel,Carlos Gardel,8/7/1927,Gimiendo,,Tango,Carlos Gardel,Odeón,78rpm,Luis Cluzeau Mortet,Juan Pablo Pérez,,26-27 Early Electric,,,,,,1004,
Carlos Gardel,Carlos Gardel,20/7/1927,A La Luz Del Candil,,Tango,Carlos Gardel,Odeón,78rpm,Carlos V. Geroni Flores,Julio Navarrine,,26-27 Early Electric,,,,,,1041,
Carlos Gardel,Carlos Gardel,20/7/1927,Micifuz,,Tango,Carlos Gardel,Odeón,78rpm,Adolfo Rafael Avilés,Enrique Maroni,,26-27 Early Electric,,,,,,1042,
Carlos Gardel,Carlos Gardel,20/7/1927,Rosas De Abril,,Vals,Carlos Gardel,Odeón,78rpm,Rafael Rossi,Eugenio Cárdenas,,26-27 Early Electric,,,,,,1043,
Carlos Gardel,Carlos Gardel,22/7/1927,Un Tropezón,,Tango,Carlos Gardel,Odeón,78rpm,Raúl De Los Hoyos,Luis Bayón Herrera,,26-27 Early Electric,,,,,,1003,
Carlos Gardel,Carlos Gardel,22/7/1927,Amurado,,Tango,Carlos Gardel,Odeón,78rpm,"Pedro Mario Maffia, Pedro Blanco Laurenz",José Pedro De Grandis,,26-27 Early Electric,,,,,,1060,
Carlos Gardel,Carlos Gardel,22/7/1927,Isla de flores,,Tango,Carlos Gardel,Odeón,78rpm,Arturo Senez,Tomás Machado,,26-27 Early Electric,,,,,,1061,
Carlos Gardel,Carlos Gardel,22/7/1927,Yo te imploro (El trovero),,Vals,Carlos Gardel,Odeón,78rpm,Rafael Tuegols,Agustín Irusta,,26-27 Early Electric,,,,,,1062,
Carlos Gardel,Carlos Gardel,29/7/1927,Caminito,,Tango,Carlos Gardel,Odeón,78rpm,Juan De Dios Filiberto,Gabino Coria Peñaloza,,26-27 Early Electric,,,,,,4076,18218
Carlos Gardel,Carlos Gardel,29/7/1927,Una Tarde,,Tango,Carlos Gardel,Odeón,78rpm,Agesilao Ferrazzano y Julio Faya Pollero,Benjamín Tagle Lara,,26-27 Early Electric,,,,,,1110,
Carlos Gardel,Carlos Gardel,30/7/1927,Salto Mortal,,Tango,Carlos Gardel,Odeón,78rpm,Domingo Julio Vivas,Juan Florencio Mazzaroni,,26-27 Early Electric,,,,,,1112,
Carlos Gardel,Carlos Gardel,20/8/1927,Caminito,,Tango,Carlos Gardel,Odeón,78rpm,Juan De Dios Filiberto,Gabino Coria Peñaloza,,26-27 Early Electric,,,,,,4076,18218
Carlos Gardel,Carlos Gardel,20/8/1927,Farolito Viejo,,Tango,Carlos Gardel,Odeón,78rpm,Luis Teisseire,José Eneas Riu,,26-27 Early Electric,,,,,,1214,
Carlos Gardel,Carlos Gardel,20/8/1927,La Gayola,,Tango,Carlos Gardel,Odeón,78rpm,Rafael Tuegols,Armando Tagini,,26-27 Early Electric,,,,,,1215,
Carlos Gardel,Carlos Gardel,20/8/1927,Gloria,,Tango,Carlos Gardel,Odeón,78rpm,Humberto Canaro,Armando Tagini,,26-27 Early Electric,,,,,,1216,
Carlos Gardel,Carlos Gardel,9/1/1928,Cuándo Volverás,,Tango,Carlos Gardel,Odeón,78rpm,Pedro Maffía,José Horacio Staffolani,,28-29 BA Recordings,,,,,,So 4550,
Carlos Gardel,Carlos Gardel,9/1/1928,Cotorrita De La Suerte,,Tango,Carlos Gardel,Odeón,78rpm,José De Franco,José De Grandis,,28-29 BA Recordings,,,,,,So 4551,
Carlos Gardel,Carlos Gardel,9/1/1928,Volvé Mi Negra,,Tango,Carlos Gardel,Odeón,78rpm,José María Rizzuti,José Antonio Diez Gómez,,28-29 BA Recordings,,,,,,So 4552,
Carlos Gardel,Carlos Gardel,9/1/1928,Qué Vachaché,,Tango,Carlos Gardel,Odeón,78rpm,Enrique Santos Discépolo,Enrique Santos Discépolo,,28-29 BA Recordings,,,,,,So 4553,
Carlos Gardel,Carlos Gardel,9/1/1928,Así Canto Yo,,Tango,Carlos Gardel,Odeón,78rpm,Graciano De Leone,Eduardo Escar Ís Méndez,,28-29 BA Recordings,,,,,,So 4554,
Carlos Gardel,Carlos Gardel,9/1/1928,Puentecito de Plata,,Tango,Carlos Gardel,Odeón,78rpm,Francisco Canaro,Pascual Contursi,,28-29 BA Recordings,,,,,,So 4555,
Carlos Gardel,Carlos Gardel,9/1/1928,Meditando,,Tango,Carlos Gardel,Odeón,78rpm,Hugo L'Eveque,Eugenio Cárdenas,,28-29 BA Recordings,,,,,,So 4556,
Carlos Gardel,Carlos Gardel,9/1/1928,El Tabernero,,Tango,Carlos Gardel,Odeón,78rpm,Fausto Frontera y Miguel Cafre,Raúl Costa Oliver y Miguel Cafre,,28-29 BA Recordings,,,,,,So 4557,
Carlos Gardel,Carlos Gardel,9/1/1928,Y reías como una loca,,Tango,Carlos Gardel,Odeón,78rpm,Eduardo «Chon Pereyra,José Ferreyra,,28-29 BA Recordings,,,,,,So 4558,
Carlos Gardel,Carlos Gardel,9/1/1928,De Tardecita,,Tango,Carlos Gardel,Odeón,78rpm,Nicolás Messutti,Carlos Álvarez Pintos,,28-29 BA Recordings,,,,,,So 4559,
Carlos Gardel,Carlos Gardel,1928,Allá en la Ribera,,Tango,Carlos Gardel,Odeón,78rpm,Carlos Camba,Carlos Camba,,28-29 Europe Recordings,,,,,,Ki 1926-1,
Carlos Gardel,Carlos Gardel,15/12/1928,No Te Engañes Corazón,,Tango,Carlos Gardel,Odeón,78rpm,Rodolfo Sciammarella,Rodolfo Sciammarella,,28-29 Europe Recordings,,,,,,2832,
Carlos Gardel,Carlos Gardel,15/12/1928,Tengo Miedo,,Tango,Carlos Gardel,Odeón,78rpm,Celedonio Flores,José María Aguilar,,28-29 Europe Recordings,,,,,,Ki 2055-1,
Carlos Gardel,Carlos Gardel,15/12/1928,Patadura,,Tango,Carlos Gardel,Odeón,78rpm,Enrique Carrera Sotelo,José López Ares,,28-29 Europe Recordings,,,,,,Ki 2056-1,
Carlos Gardel,Carlos Gardel,1928,Aquel Muchacho Triste,,Tango,Carlos Gardel,Odeón,78rpm,José De Grandis,José De Grandis,,28-29 Europe Recordings,,,,,,Ki 2057-1,
Carlos Gardel,Carlos Gardel,15/12/1928,Medianoche,,Tango,Carlos Gardel,Odeón,78rpm,Eduardo Escarís Mendez,Nicolás Alberto Tavarozzi,,28-29 Europe Recordings,,,,,,Ki 2058-1,
Carlos Gardel,Carlos Gardel,15/12/1928,Todava hay otarios,,Tango,Carlos Gardel,Odeón,78rpm,Héctor B. Behety,Manuel Pizarro,,28-29 Europe Recordings,,,,,,Ki 2059-1,
Carlos Gardel,Carlos Gardel,15/12/1928,Mano Cruel,,Tango,Carlos Gardel,Odeón,78rpm,Armando Tagini,Carmelo Muttarelli,,28-29 Europe Recordings,,,,,,3121,
Carlos Gardel,Carlos Gardel,22/12/1928,Farabute,,Tango,Carlos Gardel,Odeón,78rpm,Antonio Casciani,Joaquín Barreiro,,28-29 Europe Recordings,,,,,,Ki 2073-1,
Carlos Gardel,Carlos Gardel,1928,Barrio Viejo,,Tango,Carlos Gardel,Odeón,78rpm,Eugenio Cárdenas,Guillermo Barbieri,,28-29 Europe Recordings,,,,,,Ki 2074-1,
Carlos Gardel,Carlos Gardel,10/1/1928,Y Si La Ves Dale Un Beso,,Tango,Carlos Gardel,Odeón,78rpm,Carlos Camba,Carlos Camba,,28-29 Europe Recordings,,,,,,So 4560,
Carlos Gardel,Carlos Gardel,1928,La Muchacha Del Circo,,Tango,Carlos Gardel,Odeón,78rpm,Manuel Romero,Gerardo Matos Rodríguez,,28-29 Europe Recordings,,,,,,Ki 2075-1,
Carlos Gardel,Carlos Gardel,22/12/1928,Senda Florida,,Tango,Carlos Gardel,Odeón,78rpm,Eugenio Cárdenas,Rafael Rossí,,28-29 Europe Recordings,,,,,,Ki 2076-1,
Carlos Gardel,Carlos Gardel,22/12/1928,Añoranzas,,Vals,Carlos Gardel,Odeón,78rpm,José María Aguilar,José María Aguilar,,28-29 Europe Recordings,,,,,,Ki 2078-1,
Carlos Gardel,Carlos Gardel,22/12/1928,Nelly,,Vals,Carlos Gardel,Odeón,78rpm,Héctor y Luis Bates,Héctor y Luis Bates,,28-29 Europe Recordings,,,,,,Ki 2080-1,
Carlos Gardel,Carlos Gardel,22/12/1928,Paseo de julio,,Tango,Carlos Gardel,Odeón,78rpm,Emilio Fresedo,Emilio Fresedo,,28-29 Europe Recordings,,,,,,Ki 2081-1,
Carlos Gardel,Carlos Gardel,10/1/1928,Lobo de mar (mar bravio),,Tango,Carlos Gardel,Odeón,78rpm,Guillermo Barbieri,Guillermo Barbieri,,28-29 Europe Recordings,,,,,,So 4561,
Carlos Gardel,Carlos Gardel,10/1/1928,La cieguecita,,Tango,Carlos Gardel,Odeón,78rpm,Keppler Lais,Ramuncho Ramón Bertrán Reyna,,28-29 Europe Recordings,,,,,,So 4562,
Carlos Gardel,Carlos Gardel,10/1/1928,Siga El Corso,,Tango,Carlos Gardel,Odeón,78rpm,Anselmo Aieta,Francisco García Jiménez,,28-29 Europe Recordings,,,,,,3965,18242
Carlos Gardel,Orquesta de Roberto Firpo,1928,La Cumparsita,,Tango,Carlos Gardel,Odeón,78rpm,Gerardo Mátos Rodríguez,Pascual Contursi y Enrique Pedro Maroni,,28-29 Europe Recordings,,,,,,So 4564,
Carlos Gardel,Carlos Gardel,10/1/1928,Tu Vieja Ventana,,Vals,Carlos Gardel,Odeón,78rpm,Guillermo Barbieri,Ambrosio Río,,28-29 Europe Recordings,,,,,,1598,
Carlos Gardel,Carlos Gardel,10/1/1928,Mano A Mano,,Tango,Carlos Gardel,Odeón,78rpm,Carlos Gardel y José Razzano,Celedonio Flores,,28-29 Europe Recordings,,,,,,1153,18234
Carlos Gardel,Carlos Gardel,10/1/1928,No Llores Más,,Tango,Carlos Gardel,Odeón,78rpm,Alejandro y Ramón Gutiérrez Del Barrio,Alejandro y Ramón Gutiérrez Del Barrio,,28-29 Europe Recordings,,,,,,So 4567,
Carlos Gardel,Carlos Gardel,10/1/1928,Por Un Cariño,,Tango,Carlos Gardel,Odeón,78rpm,Demon,Gerardo Alcázar,,28-29 Europe Recordings,,,,,,So 4568,
Carlos Gardel,Carlos Gardel,10/1/1928,Tristeza Gaucha,,Tango,Carlos Gardel,Odeón,78rpm,Juan Sarcione,Juan Sarcione,,28-29 Europe Recordings,,,,,,So 4569,
Carlos Gardel,Carlos Gardel,14/1/1928,La Borrachera Del Tango,,Tango,Carlos Gardel,Odeón,78rpm,Adolfo Rafael Avilés,Enrique Pedro Maroni,,28-29 Europe Recordings,,,,,,4626,
Carlos Gardel,Carlos Gardel,14/1/1928,La Reja,,Tango,Carlos Gardel,Odeón,78rpm,Carlos Marcucci,Manuel Meaños,,28-29 Europe Recordings,,,,,,So 4627,
Carlos Gardel,Carlos Gardel,14/1/1928,La gloria del águila,,Tango,Carlos Gardel,Odeón,78rpm,Serraniont,Enrique Nieto De Molina,,28-29 Europe Recordings,,,,,,So 4628,
Carlos Gardel,Carlos Gardel,14/1/1928,Resígnate hermano,,Tango,Carlos Gardel,Odeón,78rpm,José Ricardo y Guillermo Barbieri,José Rial,,28-29 Europe Recordings,,,,,,So 4629,
Carlos Gardel,Carlos Gardel,14/1/1928,Dandy,,Tango,Carlos Gardel,Odeón,78rpm,"Irusta, Fugazot y Demare","Irusta, Fugazot y Demare",,28-29 Europe Recordings,,,,,,So 4630,
Carlos Gardel,Carlos Gardel,14/01/1928,Traicionera,,Tango,Carlos Gardel,Odeón,78rpm,Juan A. Ghirlanda,Luis Garros Pe,,28-29 Europe Recordings,,,,,,So 4631,
Carlos Gardel,Carlos Gardel,14/1/1928,Reproche,,Tango,Carlos Gardel,Odeón,78rpm,Agustín Irusta y Roberto Fugazot,Agustín Irusta y Roberto Fugazot,,28-29 Europe Recordings,,,,,,So 4362,
Carlos Gardel,Carlos Gardel,14/1/1928,De Puro Guapo,,Tango,Carlos Gardel,Odeón,78rpm,Rafael Iriarte,Juan Carlos Fernández Diaz,,28-29 Europe Recordings,,,,,,So 4633,
Carlos Gardel,Carlos Gardel,14/1/1928,Pato,,Tango,Carlos Gardel,Odeón,78rpm,Ramón Collazo,Ramón Collazo,,28-29 Europe Recordings,,,,,,So 4636,
Carlos Gardel,Carlos Gardel,20/6/1928,Resígnate hermano,,Tango,Carlos Gardel,Odeón,78rpm,José Ricardo y Guillermo Barbieri,José Rial,,28-29 BA Recordings,,,,,,So 4629,
Carlos Gardel,Carlos Gardel,20/06/1928,Mar bravío (lobo de mar),,Tango,Carlos Gardel,Odeón,78rpm,Guillermo Barbieri,Guillermo Barbieri,,28-29 BA Recordings,,,,,,2790,
Carlos Gardel,Carlos Gardel,1928,La Borrachera Del Tango,,Tango,Carlos Gardel,Odeón,78rpm,Adolfo Avilés,Enrique Maroni,,28-29 BA Recordings,,,,,,4626,
Carlos Gardel,Carlos Gardel,20/6/1928,La Reja,,Tango,Carlos Gardel,Odeón,78rpm,Carlos Marcucci,Manuel Meaños,,28-29 BA Recordings,,,,,,So 4627,
Carlos Gardel,Carlos Gardel,20/6/1928,Dandy,,Tango,Carlos Gardel,Odeón,78rpm,"Irusta, Fugazot y Demare","Irusta, Fugazot y Demare",,28-29 BA Recordings,,,,,,So 4630,
Carlos Gardel,Carlos Gardel,20/6/1928,Reproche,,Tango,Carlos Gardel,Odeón,78rpm,Agustín Irusta y Roberto Fugazot,Agustín Irusta y Roberto Fugazot,,28-29 BA Recordings,,,,,,So 4362,
Carlos Gardel,Carlos Gardel,20/6/1928,De Puro Guapo,,Tango,Carlos Gardel,Odeón,78rpm,Rafael Iriarte,Juan Carlos Fernández Diaz,,28-29 BA Recordings,,,,,,So 4633,
Carlos Gardel,Carlos Gardel,20/6/1928,Qué Vachaché,,Tango,Carlos Gardel,Odeón,78rpm,Enrique Santos Discépolo,Enrique Santos Discépolo,,28-29 BA Recordings,,,,,,So 4553,
Carlos Gardel,Carlos Gardel,26/6/1928,Esta Noche Me Emborracho,,Tango,Carlos Gardel,Odeón,78rpm,Enrique Santos Discépolo,Enrique Santos Discépolo,,28-29 BA Recordings,,,,,,2829,
Carlos Gardel,Carlos Gardel,26/6/1928,Che Papusa Oí,,Tango,Carlos Gardel,Odeón,78rpm,Gerardo Mátos Rodríguez,Enrique Cadícamo,,28-29 BA Recordings,,,,,,2830,
Carlos Gardel,Carlos Gardel,1928,Adiós Muchachos,,Tango,Carlos Gardel,Odeón,78rpm,julio Cesar Sanders,César Vedani,,28-29 BA Recordings,,,,,,2831,
Carlos Gardel,Carlos Gardel,26/6/1928,No Te Engañes Corazón,,Tango,Carlos Gardel,Odeón,78rpm,Rodolfo Sciammarella,Rodolfo Sciammarella,,28-29 BA Recordings,,,,,,2832,
Carlos Gardel,Carlos Gardel,26/6/1928,Siga El Corso,,Tango,Carlos Gardel,Odeón,78rpm,Anselmo Aieta,Francisco García Jiménez,,28-29 BA Recordings,,,,,,3965,18242
Carlos Gardel,Carlos Gardel,6/7/1928,Esta Noche Me Emborracho,,Tango,Carlos Gardel,Odeón,78rpm,Enrique Santos Discépolo,Enrique Santos Discépolo,,28-29 BA Recordings,,,,,,2829,
Carlos Gardel,Carlos Gardel,1928,No Te Engañes Corazón,,Tango,Carlos Gardel,Odeón,78rpm,Rodolfo Sciammarella,Rodolfo Sciammarella,,28-29 BA Recordings,,,,,,2832,
Carlos Gardel,Carlos Gardel,1928,Siga El Corso,,Tango,Carlos Gardel,Odeón,78rpm,Anselmo Aieta,Francisco García Jiménez,,28-29 BA Recordings,,,,,,So 4563,18242
Carlos Gardel,Carlos Gardel,6/7/1928,El Carrerito,,Tango,Carlos Gardel,Odeón,78rpm,Raúl De Los Hoyos,Alberto Vacarezza,,28-29 BA Recordings,,,,,,2862,
Carlos Gardel,Carlos Gardel,6/7/1928,Lechuza,,Tango,Carlos Gardel,Odeón,78rpm,Julio Navarrine,Alfredo Navarrine,,28-29 BA Recordings,,,,,,2863,
Carlos Gardel,Carlos Gardel,1928,Chorra,,Tango,Carlos Gardel,Odeón,78rpm,Enrique Santos Discépolo,Enrique Santos Discépolo,,28-29 BA Recordings,,,,,,2864,
Carlos Gardel,Carlos Gardel,1928,Esta Noche Me Emborracho,,Tango,Carlos Gardel,Odeón,78rpm,Enrique Santos Discépolo,Enrique Santos Discépolo,,28-29 BA Recordings,,,,,,2829,
Carlos Gardel,Carlos Gardel,1928,Canción De Cuna,,Tango,Carlos Gardel,Odeón,78rpm,José María Rizzuti,José Antonio Diez Gómez,,28-29 BA Recordings,,,,,,2965,
Carlos Gardel,Carlos Gardel,2/8/1928,Corazoncito,,Tango,Carlos Gardel,Odeón,78rpm,Rafael Rossi,José Rial,,28-29 BA Recordings,,,,,,2968,
Carlos Gardel,Carlos Gardel,16/8/1928,Un pueblito de España,,Vals,Carlos Gardel,Odeón,78rpm,Mabel Wayne,Rogelio Ferreyra,,28-29 BA Recordings,,,,,,3039,
Carlos Gardel,Carlos Gardel,17/8/1928,Cuando Llora La Milonga,,Tango,Carlos Gardel,Odeón,78rpm,Juan De Dios Filiberto,Luis Mario,,28-29 BA Recordings,,,,,,3040,
Carlos Gardel,Carlos Gardel,6/9/1928,Canción De Cuna,,Tango,Carlos Gardel,Odeón,78rpm,José María Rizzuti,José Antonio Diez Gómez,,28-29 BA Recordings,,,,,,2965,
Carlos Gardel,Carlos Gardel,6/9/1928,Un pueblito de España,,Vals,Carlos Gardel,Odeón,78rpm,Mabel Wayne,Rogelio Ferreyra,,28-29 BA Recordings,,,,,,3039,
Carlos Gardel,Carlos Gardel,6/9/1928,Mano Cruel,,Tango,Carlos Gardel,Odeón,78rpm,Carmelo Muttarelli,Armando Tagini,,28-29 BA Recordings,,,,,,3121,
Carlos Gardel,Carlos Gardel,6/9/1928,Che Bartolo,,Tango,Carlos Gardel,Odeón,78rpm,Rodolfo Aníbal Sciammarella,Domingo Enrique Cadícamo,,28-29 BA Recordings,,,,,,3122,
Carlos Gardel,Carlos Gardel,1928,Quejas Del Alma,,Tango,Instrumental,Odeón,78rpm,Guillermo D. Barbieri,Guillermo D. Barbieri,,28-29 BA Recordings,,,,,,3138,
Carlos Gardel,Orquesta de Roberto Firpo,9/9/1928,La Cumparsita,,Tango,Instrumental,Odeón,78rpm,Gerardo Mátos Rodríguez,Pascual Contursi y Enrique Pedro Maroni,,28-29 BA Recordings,,,,,,So 4564,
Carlos Gardel,Carlos Gardel,1928,Resígnate hermano,,Tango,Instrumental,Odeón,78rpm,"Guillermo Desiderio Barbieri., José Ricardo",José Rial,,28-29 Europe Recordings,,,,,,So 4629,
Carlos Gardel,Carlos Gardel,1928,9 de Julio,,Tango,Instrumental,Odeón,78rpm,,,,28-29 Europe Recordings,,,,,,Ki 1846-1,
Carlos Gardel,Orquesta de Roberto Firpo,11/10/1928,La Cumparsita,,Tango,Instrumental,Odeón,78rpm,Gerardo Mátos Rodríguez,Pascual Contursi y Enrique Pedro Maroni,,28-29 Europe Recordings,,,,,,So 4564,
Carlos Gardel,Carlos Gardel,1928,Re FA Si,,Tango,Instrumental,Odeón,78rpm,,,,28-29 Europe Recordings,,,,,,Ki 1848-1,
Carlos Gardel,Carlos Gardel,11/10/1928,Piedad,,Tango,Carlos Gardel,Odeón,78rpm,Carlo Percuocco,Luis De Biase,,28-29 Europe Recordings,,,,,,Ki 1849-1,
Carlos Gardel,Carlos Gardel,11/10/1928,Te Aconsejo Que Me Olvides,,Tango,Carlos Gardel,Odeón,78rpm,Pedro Maffía,Jorge Curí,,28-29 Europe Recordings,,,,,,Ki 1850-1,
Carlos Gardel,Carlos Gardel,11/10/1928,Alma En Pena,,Tango,Carlos Gardel,Odeón,78rpm,Anselmo Aieta,Francisco García Jímnez,,28-29 Europe Recordings,,,,,,Ki 1851-1,
Carlos Gardel,Carlos Gardel,11/10/1928,Duelo Criollo,,Tango,Carlos Gardel,Odeón,78rpm,Juan Bautista Rezzano,Lito Bayardo,,28-29 Europe Recordings,,,,,,Ki 1852-1,
Carlos Gardel,Carlos Gardel,11/10/1928,Noviecita Mía,,Tango,Carlos Gardel,Odeón,78rpm,Antonio Polito,Antonio Polito,,28-29 Europe Recordings,,,,,,Ki 1853-1,
Carlos Gardel,Carlos Gardel,11/10/1928,Fierro Chifle,,Tango,Carlos Gardel,Odeón,78rpm,César De Pardo,Alfonso Tagle Lara,,28-29 Europe Recordings,,,,,,Ki 1854-1,
Carlos Gardel,Carlos Gardel,11/10/1928,El carretero,,Tango,Carlos Gardel,Odeón,78rpm,Arturo De Nava,Arturo De Nava,,28-29 Europe Recordings,,,,,,757,
Carlos Gardel,Carlos Gardel,11/10/1928,Ramona,,Tango,Carlos Gardel,Odeón,78rpm,Mabel Wayne,Enrique Cadícamo,,28-29 Europe Recordings,,,,,,Ki 1856-1,
Carlos Gardel,Carlos Gardel,20/10/1928,Cuando Llora La Milonga,,Tango,Carlos Gardel,Odeón,78rpm,Juan De Dios Filiberto,Luis Mario,,28-29 Europe Recordings,,,,,,3040,
Carlos Gardel,Carlos Gardel,20/10/1928,Traicionera,,Tango,Carlos Gardel,Odeón,78rpm,Juan A. Ghirlanda,Luis Garros Pe,,28-29 Europe Recordings,,,,,,So 4631,
Carlos Gardel,Carlos Gardel,20/10/1928,Bandoneón Arrabalero,,Tango,Carlos Gardel,Odeón,78rpm,Juan Bautista Deambroggio,Pascual Contursi,,28-29 Europe Recordings,,,,,,Ki 1882-1,
Carlos Gardel,Carlos Gardel,20/10/1928,Marioneta,,Tango,Carlos Gardel,Odeón,78rpm,Juan José Guichandut,Armando Tagini,,28-29 Europe Recordings,,,,,,Ki 1883-1,
Carlos Gardel,Carlos Gardel,20/10/1928,Cualquier Cosa,,Tango,Carlos Gardel,Odeón,78rpm,Herminia Velich De Rossano,Juan Miguel Velich,,28-29 Europe Recordings,,,,,,Ki 1884-1,
Carlos Gardel,Carlos Gardel,20/10/1928,Rosa de Otoño,,Tango,Carlos Gardel,Odeón,78rpm,Guillermo Barbieri,José Rial,,28-29 Europe Recordings,,,,,,Ki 1885-1,
Carlos Gardel,Carlos Gardel,1928,Trenzas negras,,Tango,Instrumental,Odeón,78rpm,José María Aguilar,José María Aguilar,,28-29 Europe Recordings,,,,,,Ki 1925-1,
Carlos Gardel,Carlos Gardel,27/10/1928,Refucilos,,Tango,Carlos Gardel,Odeón,78rpm,Micaela Sastre,Rodolfo Sastre,,28-29 Europe Recordings,,,,,,Ki 1927-1,
Carlos Gardel,Carlos Gardel,27/10/1928,Barra Querida,,Tango,Carlos Gardel,Odeón,78rpm,César Felipe Vedani,Carlos Alberto Sánchez,,28-29 Europe Recordings,,,,,,Ki 1928-1,
Carlos Gardel,Carlos Gardel,27/10/1928,Mentirosa,,Tango,Carlos Gardel,Odeón,78rpm,Francisco García Jiménez,Anselmo Aieta,,28-29 Europe Recordings,,,,,,Ki 1929-1,
Carlos Gardel,Carlos Gardel,1928,Tierra Hermana,,Tango,Instrumental,Odeón,78rpm,,,,28-29 Europe Recordings,,,,,,Ki 1930-1,
Carlos Gardel,Carlos Gardel,27/10/1928,La Reina del Tango,,Tango,Carlos Gardel,Odeón,78rpm,Enrique Cadícamo,Rafael Iriarte,,28-29 Europe Recordings,,,,,,Ki 1974-1,
Carlos Gardel,Carlos Gardel,27/10/1928,Lo Han Visto Con Otra,,Tango,Carlos Gardel,Odeón,78rpm,Horacio Pettorossi,Horacio Pettorossi,,28-29 Europe Recordings,,,,,,Ki 1975-1,18809
Carlos Gardel,Carlos Gardel,15/12/1928,Pobre pato,,Tango,Carlos Gardel,Odeón,78rpm,Luis Garros Pe,Juan A. Ghirlanda,,28-29 Europe Recordings,,,,,,Ki 1976-1,
Carlos Gardel,Carlos Gardel,1/3/1929,Allá en la Ribera,,Tango,Carlos Gardel,Odeón,78rpm,Carlos Camba,Carlos Camba,,28-29 Europe Recordings,,,,,,Ki 1926-1,
Carlos Gardel,Carlos Gardel,1/3/1929,Patadura,,Tango,Carlos Gardel,Odeón,78rpm,José López Ares,Enrique Carrera Sotelo,,28-29 Europe Recordings,,,,,,Ki 2056-1,
Carlos Gardel,Carlos Gardel,1/3/1929,Se llama mujer,,Tango,Carlos Gardel,Odeón,78rpm,Guillermo Barbieri,José Rial,,28-29 Europe Recordings,,,,,,Ki 2241-1,
Carlos Gardel,Carlos Gardel,1929,Malevaje,,Tango,Carlos Gardel,Odeón,78rpm,Juan De Dios Filiberto,Enrique Santos Discépolo,,28-29 Europe Recordings,,,,,,Ki 2242-1,
Carlos Gardel,Carlos Gardel,1/3/1929,Aquel Tapado de Armiño,,Tango,Carlos Gardel,Odeón,78rpm,Enrique Delfino,Manuel Romero,,28-29 Europe Recordings,,,,,,Ki 2243-1,
Carlos Gardel,Carlos Gardel,1/3/1929,Cruz De Palo,,Tango,Carlos Gardel,Odeón,78rpm,Guillermo Barbieri,Enrique Cadícamo,,28-29 Europe Recordings,,,,,,Ki 2244-1,
Carlos Gardel,Carlos Gardel,1/3/1929,Trenzas negras,,Tango,Carlos Gardel,Odeón,78rpm,José María Aguilar,José María Aguilar,,28-29 Europe Recordings,,,,,,Ki 1925-1,
Carlos Gardel,Carlos Gardel,1/3/1929,Como todas,,Vals,Carlos Gardel,Odeón,78rpm,Américo Chiriff,Alonso y Trelles,,28-29 Europe Recordings,,,,,,Ki 2246-1,
Carlos Gardel,Carlos Gardel,1/3/1929,Haragán,,Tango,Carlos Gardel,Odeón,78rpm,Enrique Delfino,Manuel Romero,,28-29 Europe Recordings,,,,,,Ki 2247-1,
Carlos Gardel,Carlos Gardel,1/3/1929,A Contramano,,Tango,Carlos Gardel,Odeón,78rpm,Luis Teisseire,Juan Caruso,,28-29 Europe Recordings,,,,,,Ki 2248-1,
Carlos Gardel,Carlos Gardel,1/3/1929,Por Qué Me Das Dique,,Tango,Carlos Gardel,Odeón,78rpm,Rodolfo Sciammarella,Luis Alberto Alonso,,28-29 Europe Recordings,,,,,,Ki 2249-1,
Carlos Gardel,Carlos Gardel,1/3/1929,Echando mala,,Tango,Carlos Gardel,Odeón,78rpm,Pascual Clausi,Francisco Brancatti,,28-29 Europe Recordings,,,,,,Ki 2250-1,
Carlos Gardel,Carlos Gardel,6/4/1929,Estampilla,,Tango,Carlos Gardel,Odeón,78rpm,Enrique Delfino,Manuel Romero,,28-29 Europe Recordings,,,,,,Ki 2336-1,
Carlos Gardel,Carlos Gardel,6/4/1929,Cachadora,,Tango,Carlos Gardel,Odeón,78rpm,Francisco Lomuto,Francisco Lomuto,,28-29 Europe Recordings,,,,,,Ki 2337-1,
Carlos Gardel,Carlos Gardel,6/4/1929,Seguí Mi Consejo,,Tango,Carlos Gardel,Odeón,78rpm,Salvador Merico,Eduardo Salvador Trongé,,28-29 Europe Recordings,,,,,,Ki 2338-1,
Carlos Gardel,Carlos Gardel,6/4/1929,Primero Yo,,Tango,Carlos Gardel,Odeón,78rpm,Francisco Lomuto,Francisco Lomuto,,28-29 Europe Recordings,,,,,,Ki 2339-1,
Carlos Gardel,Carlos Gardel,20/6/1929,Barrio Viejo,,Tango,Carlos Gardel,Odeón,78rpm,Guillermo Barbieri,Eugenio Cárdenas,,28-29 BA Recordings,,,,,,Ki 2074-1,
Carlos Gardel,Carlos Gardel,20/6/1929,Aquel Tapado de Armiño,,Tango,Carlos Gardel,Odeón,78rpm,Enrique Delfino,Manuel Romero,,28-29 BA Recordings,,,,,,Ki 2243-1,
Carlos Gardel,Carlos Gardel,20/6/1929,Estampilla,,Tango,Carlos Gardel,Odeón,78rpm,Enrique Delfino,Manuel Romero,,28-29 BA Recordings,,,,,,Ki 2336-1,
Carlos Gardel,Carlos Gardel,20/6/1929,Cachadora,,Tango,Carlos Gardel,Odeón,78rpm,Francisco Lomuto,Francisco Lomuto,,28-29 BA Recordings,,,,,,Ki 2337-1,
Carlos Gardel,Carlos Gardel,20/6/1929,Malevaje,,Tango,Carlos Gardel,Odeón,78rpm,Juan De Dios Filiberto,Enrique Santos Discépolo,,28-29 BA Recordings,,,,,,Ki 2242-1,
Carlos Gardel,Carlos Gardel,20/6/1929,Tango Te Cambiaron la Pinta,,Tango,Carlos Gardel,Odeón,78rpm,Richard Russo,Richard Russo,,28-29 BA Recordings,,,,,,4265,
Carlos Gardel,Carlos Gardel,20/6/1929,Primero Yo,,Tango,Carlos Gardel,Odeón,78rpm,Rafael Rossi,José Rial,,28-29 BA Recordings,,,,,,Ki 2339-1,
Carlos Gardel,Carlos Gardel,21/6/1929,Cariñito,,Tango,Carlos Gardel,Odeón,78rpm,Guillermo Barbieri,Luis Garros Pe,,28-29 BA Recordings,,,,,,4270,
Carlos Gardel,Carlos Gardel,21/6/1929,Haragán,,Tango,Carlos Gardel,Odeón,78rpm,Enrique Delfino,Manuel Romero,,28-29 BA Recordings,,,,,,Ki 2247-1,
Carlos Gardel,Carlos Gardel,21/6/1929,Seguí Mi Consejo,,Tango,Carlos Gardel,Odeón,78rpm,Salvador Merico,Eduardo Salvador Trongé,,28-29 BA Recordings,,,,,,Ki 2338-1,
Carlos Gardel,Carlos Gardel,21/6/1929,Callejera,,Tango,Carlos Gardel,Odeón,78rpm,Fausto Frontera,Enrique Cadícamo,,28-29 BA Recordings,,,,,,4273,
Carlos Gardel,Carlos Gardel,21/6/1929,Tan Grande y Tan Sonso,,Tango,Carlos Gardel,Odeón,78rpm,Gerardo Malos Rodríguez,Juan B. A. Reyes,,28-29 BA Recordings,,,,,,4276,
Carlos Gardel,Carlos Gardel,28/6/1929,Como todas,,Vals,Carlos Gardel,Odeón,78rpm,Américo Chiriff,Alonso y Trelles,,28-29 BA Recordings,,,,,,Ki 2246-1,
Carlos Gardel,Carlos Gardel,28/6/1929,Tengo Miedo,,Tango,Carlos Gardel,Odeón,78rpm,José María Aguilar,Celedonio Flores,,28-29 BA Recordings,,,,,,Ki 2055-1,
Carlos Gardel,Carlos Gardel,28/6/1929,Aquel Muchacho Triste,,Tango,Carlos Gardel,Odeón,78rpm,José De Grandis,José De Grandis,,28-29 BA Recordings,,,,,,Ki 2057-1,
Carlos Gardel,Carlos Gardel,28/6/1929,Cabecita negra,,Tango,Carlos Gardel,Odeón,78rpm,Agustín Bardi,Atilio Supparo,,28-29 BA Recordings,,,,,,4293,
Carlos Gardel,Carlos Gardel,28/6/1929,Ríe Payaso,,Tango,Carlos Gardel,Odeón,78rpm,Emilio Falero,Virgilio Carmona,,28-29 BA Recordings,,,,,,4294,
Carlos Gardel,Carlos Gardel,28/6/1929,La Casita Está Triste,,Tango,Carlos Gardel,Odeón,78rpm,Luis Bernstein,José De Grandis,,28-29 BA Recordings,,,,,,4295,
Carlos Gardel,Carlos Gardel,28/6/1929,Muñeca Brava,,Tango,Carlos Gardel,Odeón,78rpm,Luis Visca,Enrique Cadícamo,,28-29 BA Recordings,,,,,,4296,
Carlos Gardel,Carlos Gardel,22/7/1929,Milonguera,,Tango,Carlos Gardel,Odeón,78rpm,José María Aguilar,José María Aguilar,,28-29 BA Recordings,,,,,,4390,
Carlos Gardel,Carlos Gardel,22/7/1929,Cruz De Palo,,Tango,Carlos Gardel,Odeón,78rpm,Guillermo Barbieri,Enrique Cadícamo,,28-29 BA Recordings,,,,,,Ki 2244-1,
Carlos Gardel,Carlos Gardel,22/7/1929,Echando mala,,Tango,Carlos Gardel,Odeón,78rpm,Pascual Clausi,Francisco Brancatti,,28-29 BA Recordings,,,,,,Ki 2250-1,
Carlos Gardel,Carlos Gardel,22/7/1929,Flor Campera,,Tango,Carlos Gardel,Odeón,78rpm,José María Aguilar,Juan Pedro López,,28-29 BA Recordings,,,,,,4393,
Carlos Gardel,Carlos Gardel,8/8/1929,Maryflor,,Vals,Carlos Gardel,Odeón,78rpm,José Vázquez Vigo,Abelardo Ferreyra,,28-29 BA Recordings,,,,,,4449,
Carlos Gardel,Carlos Gardel,8/8/1929,Mascotita de Marfil,,Vals,Carlos Gardel,Odeón,78rpm,"Rafael Giovinazzi, Juan Pedro Castillo",Alfredo Faustino Roldán,,28-29 BA Recordings,,,,,,4450,
Carlos Gardel,Carlos Gardel,8/8/1929,La Divina Dama,,Vals,Carlos Gardel,Odeón,78rpm,Nat Shilkret,Enrique Cadícamo,,28-29 BA Recordings,,,,,,4451,
Carlos Gardel,Carlos Gardel,8/8/1929,Uno y Uno,,Tango,Carlos Gardel,Odeón,78rpm,Julio Fava Pollero,Lorenzo Juan Traverso,,28-29 BA Recordings,,,,,,4452,
Carlos Gardel,Carlos Gardel,8/8/1929,Paseo de julio,,Tango,Carlos Gardel,Odeón,78rpm,Emilio Fresedo,Emilio Fresedo,,28-29 BA Recordings,,,,,,Ki 2081-1,
Carlos Gardel,Carlos Gardel,8/8/1929,Largue a Esa Mujica,,Tango,Carlos Gardel,Odeón,78rpm,Juan Faustino Sarcione,Juan Faustino Sarcione,,28-29 BA Recordings,,,,,,4454,
Carlos Gardel,Carlos Gardel,12/8/1929,La Divina Dama,,Vals,Carlos Gardel,Odeón,78rpm,Nat Shilkret,Enrique Cadícamo,,28-29 BA Recordings,,,,,,4451,
Carlos Gardel,Carlos Gardel,12/8/1929,Qué Fenómeno,,Tango,Carlos Gardel,Odeón,78rpm,Anselmo Aieta,Enrique Dizeo,,28-29 BA Recordings,,,,,,4463,
Carlos Gardel,Carlos Gardel,12/8/1929,Machete,,Tango,Carlos Gardel,Odeón,78rpm,José Guillermo Basadoni,Jorge Curí,,28-29 BA Recordings,,,,,,4464,
Carlos Gardel,Carlos Gardel,12/8/1929,Dos en uno,,Tango,Carlos Gardel,Odeón,78rpm,Rodolfo Scianunarella,Enrique Cadícamo,,28-29 BA Recordings,,,,,,4465,
Carlos Gardel,Carlos Gardel,25/8/1929,La Divina Dama,,Vals,Carlos Gardel,Odeón,78rpm,Nat Shilkret,Enrique Cadícamo,,28-29 BA Recordings,,,,,,4451,
Carlos Gardel,Carlos Gardel,25/8/1929,Culpas Ajenas,,Tango,Carlos Gardel,Odeón,78rpm,Ernesto Ponzio,Jorge Curí,,28-29 BA Recordings,,,,,,4515,
Carlos Gardel,Carlos Gardel,26/8/1929,Ríe Payaso,,Tango,Carlos Gardel,Odeón,78rpm,Emilio Falero,Virgilio Carmona,,28-29 BA Recordings,,,,,,4294,
Carlos Gardel,Carlos Gardel,10/9/1929,Margaritas,,Tango,Carlos Gardel,Odeón,78rpm,Juan Moreno González,Gabino Coria Peñaloza,,28-29 BA Recordings,,,,,,4566,
Carlos Gardel,Carlos Gardel,10/9/1929,Yo También Como Tú,,Tango,Carlos Gardel,Odeón,78rpm,Humberto Giampietro,Diego Larriera Varela,,28-29 BA Recordings,,,,,,4567,
Carlos Gardel,Carlos Gardel,10/9/1929,Manuelita,,Vals,Carlos Gardel,Odeón,78rpm,José María Aguilar,José María Macías,,28-29 BA Recordings,,,,,,4568,
Carlos Gardel,Carlos Gardel,12/9/1929,Lloró Como una Mujer,,Tango,Carlos Gardel,Odeón,78rpm,José María Aguilar,Celedonio Flores,,28-29 BA Recordings,,,,,,4581,
Carlos Gardel,Carlos Gardel,12/9/1929,El Barbijo,,Tango,Carlos Gardel,Odeón,78rpm,Andrés R. Domenech,Jesús Fernández Blanco,,28-29 BA Recordings,,,,,,4582,
Carlos Gardel,Carlos Gardel,12/9/1929,Prisionero,,Tango,Carlos Gardel,Odeón,78rpm,Anselmo Aleta,Francisco García Jiménez,,28-29 BA Recordings,,,,,,4583,
Carlos Gardel,Carlos Gardel,12/9/1929,Víctoria,,Tango,Carlos Gardel,Odeón,78rpm,Enrique Santos Discépolo,Enrique Santos Discépolo,,28-29 BA Recordings,,,,,,4584,
Carlos Gardel,Carlos Gardel,14/09/1929,Misa De Once,,Tango,Carlos Gardel,Odeón,78rpm,José Guichandut,Armando Tagini,,28-29 BA Recordings,,,,,,4594,
Carlos Gardel,Carlos Gardel,11/10/1929,Esta Vida Es Puro Grupo,,Tango,Carlos Gardel,Odeón,78rpm,Alberto Tavarozzi,Enrique Carrera Sotelo,,28-29 BA Recordings,,,,,,4693,
Carlos Gardel,Carlos Gardel,11/10/1929,Bailarín Compadrito,,Tango,Carlos Gardel,Odeón,78rpm,Miguel Bucino,Miguel Bucino,,28-29 BA Recordings,,,,,,4694,
Carlos Gardel,Carlos Gardel,23/10/1929,Alicia,,Vals,Carlos Gardel,Odeón,78rpm,Guillermo Barbieri,Eugenio Cárdenas,,28-29 BA Recordings,,,,,,4742,
Carlos Gardel,Carlos Gardel,23/10/1929,La Virgen del Perdón,,Vals,Carlos Gardel,Odeón,78rpm,Carlos V. Geroni Flores,Carlos Max Viale y Vicente Retta,,28-29 BA Recordings,,,,,,4743,
Carlos Gardel,Dúo Gardel - Razzano,23/10/1929,Medallita de los Pobres,,Tango,Carlos Gardel,Odeón,78rpm,Félix Scolatti Almeida,Enrique Maroni,,28-29 BA Recordings,,,,,,4744,
Carlos Gardel,Carlos Gardel,23/10/1929,P'al cambalache,,Tango,Carlos Gardel,Odeón,78rpm,Rafael Rossi,Enrique González Tuñón,,28-29 BA Recordings,,,,,,4745,
Carlos Gardel,Carlos Gardel,23/10/1929,Palermo,,Tango,Carlos Gardel,Odeón,78rpm,Enrique Delfino,Juan Villalba y Herminio Brago,,28-29 BA Recordings,,,,,,4746,
Carlos Gardel,Carlos Gardel,23/10/1929,Te Odio,,Tango,Carlos Gardel,Odeón,78rpm,Francisco Pracáníco,Celedonio Flores,,28-29 BA Recordings,,,,,,4747,
Carlos Gardel,Carlos Gardel,23/10/1929,Mentiras Criollas,,Tango,Carlos Gardel,Odeón,78rpm,Oscar Arona,Oscar Arona,,28-29 BA Recordings,,,,,,4748,
Carlos Gardel,Carlos Gardel,12/11/1929,De Todo Te Olvidas,,Tango,Carlos Gardel,Odeón,78rpm,Salvador Merico,Enrique Cadícamo,,28-29 BA Recordings,,,,,,4859,
Carlos Gardel,Carlos Gardel,12/11/1929,Pensalo Bien,,Tango,Carlos Gardel,Odeón,78rpm,Alberto Calvera,Enrique López,,28-29 BA Recordings,,,,,,4860,
Carlos Gardel,Carlos Gardel,12/11/1929,Alicia,,Vals,Carlos Gardel,Odeón,78rpm,Guillermo Barbieri,Eugenio Cárdenas,,28-29 BA Recordings,,,,,,4742,
Carlos Gardel,Carlos Gardel,13/11/1929,Por qué soy reo,,Tango,Carlos Gardel,Odeón,78rpm,Herminia Velich De Rossano,Juan Miguel Velichy Manuel Andres Meaños,,28-29 BA Recordings,,,,,,4867,
Carlos Gardel,Carlos Gardel,13/11/1929,Mamita,,Tango,Carlos Gardel,Odeón,78rpm,Ángel Vanesi,Francisco Bohi gas,,28-29 BA Recordings,,,,,,4868,
Carlos Gardel,Carlos Gardel,11/12/1929,Barajando,,Tango,Carlos Gardel,Odeón,78rpm,Eduardo Escarís Mendez,Nicolás Vaccaro,,28-29 BA Recordings,,,,,,5031,
Carlos Gardel,Carlos Gardel,11/12/1929,Calor De Hogar,,Tango,Carlos Gardel,Odeón,78rpm,Engenio Carrere,Jesús Fernández Blanco,,28-29 BA Recordings,,,,,,5032,
Carlos Gardel,Carlos Gardel,11/12/1929,Tango Argentino,,Tango,Carlos Gardel,Odeón,78rpm,"Juan Maglio, Pacho",Alfredo Bigeschi,,28-29 BA Recordings,,,,,,5033,
Carlos Gardel,Carlos Gardel,11/12/1929,Que se Vayan,,Tango,Carlos Gardel,Odeón,78rpm,Francisco R. Canosa,Enrique Dizeo,,28-29 BA Recordings,,,,,,5035,
Carlos Gardel,Orquesta de Francisco Canaro,11/12/1929,Mamita,,Tango,Carlos Gardel,Odeón,78rpm,Ángel Vanesi,Francisco Bohi gas,,28-29 BA Recordings,,,,,,4868,
Carlos Gardel,Carlos Gardel,18/12/1929,Sientese che hermano,,Tango,Carlos Gardel,Odeón,78rpm,Julio Guillán Barragán,Julio Guillán Barragán,,28-29 BA Recordings,,,,,,5104,
Carlos Gardel,Carlos Gardel,20/12/1929,Recordándote,,Tango,Carlos Gardel,Odeón,78rpm,Guillermo Barbieri,José De Grandis,,28-29 BA Recordings,,,,,,5118,
Carlos Gardel,Carlos Gardel,20/12/1929,Tras Cartón,,Tango,Carlos Gardel,Odeón,78rpm,Anselmo Aieta,Santiago Adamini y Ovidio J. Bianquet,,28-29 BA Recordings,,,,,,5119,
Carlos Gardel,Carlos Gardel,31/12/1929,Garabatos de Mujer,,Tango,Carlos Gardel,Odeón,78rpm,Rodolfo y Micaela Sastre,Rodolfo y Micaela Sastre,,28-29 BA Recordings,,,,,,5151,
Carlos Gardel,Carlos Gardel,31/12/1929,Amor Pagano,,Vals,Carlos Gardel,Odeón,78rpm,Fred Brown,Luis Rubinstein,,28-29 BA Recordings,,,,,,5152,
Carlos Gardel,Carlos Gardel,31/12/1929,De Salto y Carta,,Tango,Carlos Gardel,Odeón,78rpm,Alberto Hilarión Acuña,José De Cicco,,28-29 BA Recordings,,,,,,5154,
Carlos Gardel,Carlos Gardel,10/3/1930,Solo Se Quiere Una Vez,,Tango,Carlos Gardel,Odeón,78rpm,Carlos V. G. Flores,Claudio Frollo,,30-32 Movies,,,,,,5197,
Carlos Gardel,Carlos Gardel,10/3/1930,El cardo azul,,Tango,Carlos Gardel,Odeón,78rpm,Carlos Gardel y José Razzano,Carlos Gardel y José Razzano,,30-32 Movies,,,,,,66,
Carlos Gardel,Carlos Gardel,20/3/1930,Juventud,,Tango,Carlos Gardel,Odeón,78rpm,Juan Baüer,Roberto Aubriot Barboza,,30-32 Movies,,,,,,5262,
Carlos Gardel,Carlos Gardel,20/3/1930,Corazón De Papel,,Tango,Carlos Gardel,Odeón,78rpm,Cátulo Castillo,Alberto Franco,,30-32 Movies,,,,,,5263,
Carlos Gardel,Carlos Gardel,20/3/1930,Palomita Blanca,,Vals,Carlos Gardel,Odeón,78rpm,Anselmo Aieta,Francisco García Jiménez,,30-32 Movies,,,,,,5264,
Carlos Gardel,Carlos Gardel,20/3/1930,Aromas del Cairo,,Vals,Carlos Gardel,Odeón,78rpm,José María Aguilar,José María Aguilar,,30-32 Movies,,,,,,5265,
Carlos Gardel,Carlos Gardel,20/3/1930,Buenos Aires,,Tango,Carlos Gardel,Odeón,78rpm,Manuel Jovés,Manuel Romero,,30-32 Movies,,,,,,1234,
Carlos Gardel,Carlos Gardel,1/4/1930,Buenos Aires,,Tango,Carlos Gardel,Odeón,78rpm,Manuel Jovés,Manuel Romero,,30-32 Movies,,,,,,1234,
Carlos Gardel,Carlos Gardel,1/4/1930,Aromas del Cairo,,Vals,Carlos Gardel,Odeón,78rpm,José María Aguilar,José María Aguilar,,30-32 Movies,,,,,,5265,
Carlos Gardel,Carlos Gardel,1/4/1930,Aquellas farras,,Tango,Carlos Gardel,Odeón,78rpm,Roberto Firpo,Enrique Cadícamo,,30-32 Movies,,,,,,5329,
Carlos Gardel,Carlos Gardel,1/4/1930,Viejo Smoking,,Tango,Carlos Gardel,Odeón,78rpm,Guillermo Barbieri,Celedonio Flores,,30-32 Movies,,,,,,5330,
Carlos Gardel,Carlos Gardel,10/4/1930,Lo Han Visto Con Otra,,Tango,Carlos Gardel,Odeón,78rpm,Horacio Pettorossi,Horacio Pettorossi,,30-32 Movies,,,,,,Ki 1975-1,18809
Carlos Gardel,Carlos Gardel,15/4/1930,Lo Han Visto Con Otra,,Tango,Carlos Gardel,Odeón,78rpm,Horacio Pettorossi,Horacio Pettorossi,,30-32 Movies,,,,,,Ki 1975-1,18809
Carlos Gardel,Carlos Gardel,15/4/1930,Senda Florida,,Tango,Carlos Gardel,Odeón,78rpm,Rafael Rossi,Eugenio Cárdenas,,30-32 Movies,,,,,,Ki 2076-1,
Carlos Gardel,Carlos Gardel,15/4/1930,Cartas Viejas,,Tango,Carlos Gardel,Odeón,78rpm,Manuel García Servetto,Ray Rada,,30-32 Movies,,,,,,5429,
Carlos Gardel,Carlos Gardel,15/4/1930,Viejo jardín,,Tango,Carlos Gardel,Odeón,78rpm,Antonio Cerazo,Virgilio San Clemente,,30-32 Movies,,,,,,5430,
Carlos Gardel,Carlos Gardel,24/4/1930,Yo nací para ti tú serás para mi,,Tango,Carlos Gardel,Odeón,78rpm,Herb Brown y Arthur Freed,Enrique Cadícamo,,30-32 Movies,,,,,,5326,
Carlos Gardel,Carlos Gardel,24/4/1930,Viejo Smoking,,Tango,Carlos Gardel,Odeón,78rpm,Guillermo Barbieri,Celedonio Flores,,30-32 Movies,,,,,,5330,
Carlos Gardel,Carlos Gardel,24/4/1930,Mi Noche Triste,,Tango,Carlos Gardel,Odeón,78rpm,Samuel Castriota,Pascual Contursi,,30-32 Movies,,,,,,59,18847
Carlos Gardel,Carlos Gardel,24/4/1930,Vieja Recova,,Tango,Carlos Gardel,Odeón,78rpm,Rodolfo Sciammarella,Enrique Cadícamo,,30-32 Movies,,,,,,5450,
Carlos Gardel,Carlos Gardel,24/4/1930,Pajarito,,Tango,Carlos Gardel,Odeón,78rpm,Dante A. Linyera,Dante A. Linyera,,30-32 Movies,,,,,,5451,
Carlos Gardel,Carlos Gardel,29/4/1930,Primero campaneala,,Tango,Carlos Gardel,Odeón,78rpm,Anselmo Aieta,Enrique Dizeo,,30-32 Movies,,,,,,5470,
Carlos Gardel,Carlos Gardel,1/5/1930,Almagro,,Tango,Carlos Gardel,Odeón,78rpm,Vicente San Lorenzo,Antonio Timarni,,30-32 Movies,,,,,,5488,
Carlos Gardel,Carlos Gardel,1/5/1930,Matala,,Tango,Carlos Gardel,Odeón,78rpm,Eduardo Bonessi,Eduardo Bonessi,,30-32 Movies,,,,,,5489,
Carlos Gardel,Carlos Gardel,1/5/1930,Contramarca,,Tango,Carlos Gardel,Odeón,78rpm,Rafael Rossi,Francisco Brancatti,,30-32 Movies,,,,,,5490-1,
Carlos Gardel,Carlos Gardel,20/5/1930,Dicen que Dicen,,Tango,Carlos Gardel,Odeón,78rpm,Enrique Delfino,Alberto Ballestero,,30-32 Movies,,,,,,5600,
Carlos Gardel,Carlos Gardel,20/5/1930,Una Lágrima,,Tango,Carlos Gardel,Odeón,78rpm,Nicolás Verona,Eugenio Cárdenas,,30-32 Movies,,,,,,4254,
Carlos Gardel,Carlos Gardel,20/5/1930,Enfundá la Mandolina,,Tango,Carlos Gardel,Odeón,78rpm,Francisco Pracáníco,Horacio Zubiría Mansilla,,30-32 Movies,,,,,,5602,
Carlos Gardel,Carlos Gardel,20/5/1930,Amigazo,,Tango,Carlos Gardel,Odeón,78rpm,Juan De Dios Filiberto,Juan Velich y Francisco Brancatti,,30-32 Movies,,,,,,2551,
Carlos Gardel,Carlos Gardel,22/5/1930,Rosal del amor,,Vals,Carlos Gardel,Odeón,78rpm,Domingo Riverol,Enrique E. Maroni,,30-32 Movies,,,,,,5617,
Carlos Gardel,Carlos Gardel,22/5/1930,De flor en flor,,Tango,Carlos Gardel,Odeón,78rpm,Eduardo Bonessi,Domingo Gallicchio,,30-32 Movies,,,,,,1812,
Carlos Gardel,Carlos Gardel,22/5/1930,Por Seguidora y por Fiel,,Tango,Carlos Gardel,Odeón,78rpm,Ricardo Brignolo,Celedonio Flores,,30-32 Movies,,,,,,5619,
Carlos Gardel,Carlos Gardel,27/5/1930,Knock out de amor,,Tango,Carlos Gardel,Odeón,78rpm,Vicente San Lorenzo,Iván Diez,,30-32 Movies,,,,,,5633,
Carlos Gardel,Carlos Gardel,27/5/1930,Canchero,,Tango,Carlos Gardel,Odeón,78rpm,Antonio De Bassi,Celedonio Flores,,30-32 Movies,,,,,,5634,
Carlos Gardel,Carlos Gardel,17/6/1930,Tarde Gris,,Tango,Carlos Gardel,Odeón,78rpm,Juan Bautista Guido,Luis Rubinstein,,30-32 Movies,,,,,,5740,
Carlos Gardel,Carlos Gardel,17/6/1930,Gacho Gris,,Tango,Carlos Gardel,Odeón,78rpm,Alejandro Sarni,Juan Carlos Barthe,,30-32 Movies,,,,,,5741,
Carlos Gardel,Carlos Gardel,17/6/1930,Un año más,,Tango,Carlos Gardel,Odeón,78rpm,Joaquín Barreiro,Antonio Casciani,,30-32 Movies,,,,,,5742,
Carlos Gardel,Carlos Gardel,17/6/1930,Tortazos,,Milonga,Carlos Gardel,Odeón,78rpm,Luis Eduardo Casaravilla Sienra y José Razzano,Enrique P. Maroni,,30-32 Movies,,,,,,5743,
Carlos Gardel,Carlos Gardel,26/6/1930,La Pena Del Payador,,Vals,Carlos Gardel,Odeón,78rpm,José y Luis Servidio,Eduardo Escarís Méndez,,30-32 Movies,,,,,,5792,
Carlos Gardel,Carlos Gardel,28/6/1930,As de Cartón,,Tango,Carlos Gardel,Odeón,78rpm,Juan Manuel González Prado y Luis Viapiana,Roberto Aubriot Barboza,,30-32 Movies,,,,,,5813,
Carlos Gardel,Carlos Gardel,28/6/1930,Pordioseros,,Tango,Carlos Gardel,Odeón,78rpm,Guillermo Barbieri,Guillermo Barbieri,,30-32 Movies,,,,,,5814,
Carlos Gardel,Carlos Gardel,21/8/1930,Incurable,,Tango,Carlos Gardel,Odeón,78rpm,Guillermo Barbieri,Roberto Aubriot Barboza,,30-32 Movies,,,,,,5953,
Carlos Gardel,Carlos Gardel,21/8/1930,Paquetín Paquetón,,Tango,Carlos Gardel,Odeón,78rpm,Salvador Merico,Carlos Dedico y Germán Ziclis,,30-32 Movies,,,,,,5394,
Carlos Gardel,Carlos Gardel,21/8/1930,Titiriteros,,Tango,Carlos Gardel,Odeón,78rpm,Salvador Merico,Eduardo Béccar,,30-32 Movies,,,,,,5956,
Carlos Gardel,Carlos Gardel,21/8/1930,Colorao Colorao,,Tango,Carlos Gardel,Odeón,78rpm,Alberto H. Acuña,Celedonio Flores,,30-32 Movies,,,,,,5957,
Carlos Gardel,Carlos Gardel,21/8/1930,Chinita,,Tango,Carlos Gardel,Odeón,78rpm,Eleuterio Iribarren,Enrique Carrera Sotelo,,30-32 Movies,,,,,,5958,
Carlos Gardel,Carlos Gardel,28/8/1930,No Llore Viejita,,Tango,Carlos Gardel,Odeón,78rpm,José A. Scarpino,Julio Aparicio,,30-32 Movies,,,,,,5961,
Carlos Gardel,Carlos Gardel,28/8/1930,Íntimas,,Tango,Carlos Gardel,Odeón,78rpm,Alfonso Ramiro Lacueva,Ricardo Luis Brignolo,,30-32 Movies,,,,,,4286,
Carlos Gardel,Carlos Gardel,28/8/1930,Padrino pelado,,Tango,Carlos Gardel,Odeón,78rpm,Enrique Delfino,Julio Alberto Cantuarias,,30-32 Movies,,,,,,5963,
Carlos Gardel,Carlos Gardel,17/9/1930,El Quinielero,,Tango,Carlos Gardel,Odeón,78rpm,Luis Cluzeau Mortet,Roberto Ramón Aubriot Barboza,,30-32 Movies,,,,,,6052,
Carlos Gardel,Carlos Gardel,17/9/1930,Fayuto,,Tango,Carlos Gardel,Odeón,78rpm,Rafael Ventura,Rafael Ventura,,30-32 Movies,,,,,,6053,
Carlos Gardel,Carlos Gardel,17/9/1930,Mala Suerte,,Vals,Carlos Gardel,Odeón,78rpm,José María Aguilar,Eugenio Cárdenas,,30-32 Movies,,,,,,6054,
Carlos Gardel,Carlos Gardel,19/9/1930,Clavel Del Aire,,Tango,Carlos Gardel,Odeón,78rpm,Juan De Dios Filiberto,Fernán Silva Valdés,,30-32 Movies,,,,,,6064,
Carlos Gardel,Carlos Gardel,19/9/1930,La Violeta,,Tango,Carlos Gardel,Odeón,78rpm,Cátulo Castillo,Nicolás Olivari,,30-32 Movies,,,,,,6065,
Carlos Gardel,Carlos Gardel,25/9/1930,Delirio Gaucho,,Vals,Carlos Gardel,Odeón,78rpm,Alfredo Gobbi,Alfredo Gobbi,,30-32 Movies,,,,,,6094,
Carlos Gardel,Carlos Gardel,25/9/1930,Viva La Patria,,Tango,Carlos Gardel,Odeón,78rpm,,,,30-32 Movies,,,,,,6095,
Carlos Gardel,Carlos Gardel,30/9/1930,La Mariposa,,Tango,Carlos Gardel,Odeón,78rpm,Pedro Maffía,Celedonio Flores,,30-32 Movies,,,,,,56757-1,18815
Carlos Gardel,Carlos Gardel,30/9/1930,Viejo Rincón,,Tango,Carlos Gardel,Odeón,78rpm,Raúl De Los Hoyos,Roberto Lino Cayol,,30-32 Movies,,,,,,6127,
Carlos Gardel,Carlos Gardel,30/9/1930,Silbando,,Tango,Carlos Gardel,Odeón,78rpm,Cátulo Castillo y Sebastián Piana,José González Castillo,,30-32 Movies,,,,,,3011,
Carlos Gardel,Carlos Gardel,16/10/1930,Murmullos,,Tango,Carlos Gardel,Odeón,78rpm,Froilán Aguilar,Juan Carlos Patrón,,30-32 Movies,,,,,,6186,
Carlos Gardel,Carlos Gardel,16/10/1930,Farolito De Papel,,Tango,Carlos Gardel,Odeón,78rpm,"Teófilo Lespés, Mario Lespés",Francisco García Jiménez,,30-32 Movies,,,,,,6187,
Carlos Gardel,Carlos Gardel,16/10/1930,Hágame el Favor,,Tango,Carlos Gardel,Odeón,78rpm,José Rial,José Rial,,30-32 Movies,,,,,,6188,
Carlos Gardel,Carlos Gardel,16/10/1930,Yira Yira,,Tango,Carlos Gardel,Odeón,78rpm,Enrique Santos Discépolo,Enrique Santos Discépolo,,30-32 Movies,,,,,,6189,
Carlos Gardel,Carlos Gardel,17/10/1930,Recordando mi barrio,,Tango,Carlos Gardel,Odeón,78rpm,José María Ruffet,José María Ruffet,,30-32 Movies,,,,,,6194,
Carlos Gardel,Carlos Gardel,17/10/1930,Anoche A Las Dos,,Tango,Carlos Gardel,Odeón,78rpm,Raúl De Los Hoyos,Roberto Cayol,,30-32 Movies,,,,,,6195,
Carlos Gardel,Carlos Gardel,4/11/1930,La Última Ronda,,Tango,Carlos Gardel,Odeón,78rpm,Julio Fava Pollero,Francisco Lozano,,30-32 Movies,,,,,,6271,
Carlos Gardel,Carlos Gardel,4/11/1930,Llévame carretero,,Tango,Carlos Gardel,Odeón,78rpm,Manuel Parada,José Cicarelli,,30-32 Movies,,,,,,6273,
Carlos Gardel,Carlos Gardel,1/12/1930,Buey Manso,,Tango,Carlos Gardel,Odeón,78rpm,Carmelo Muttarelli,Armando José María Tagini,,30-32 Movies,,,,,,6449,
Carlos Gardel,Carlos Gardel,1/12/1930,Pituca,,Tango,Carlos Gardel,Odeón,78rpm,Rogelio Ferreyra y Enrique Cadicamo,Rogelio Ferreyra y Enrique Cadicamo,,30-32 Movies,,,,,,6450,
Carlos Gardel,Carlos Gardel,1/12/1930,Giuseppe El Zapatero,,Tango,Carlos Gardel,Odeón,78rpm,Guillermo Del Ciancio,Guillermo Del Ciancio,,30-32 Movies,,,,,,6451,
Carlos Gardel,Carlos Gardel,1/12/1930,Muchachos silencio,,Tango,Carlos Gardel,Odeón,78rpm,Juan José Buscaglia,Alberto S. Ramponi,,30-32 Movies,,,,,,,
Carlos Gardel,Carlos Gardel,1/12/1930,Como la Mosca,,Tango,Carlos Gardel,Odeón,78rpm,Alberto Alonso,Roberto Aubriot Barboza,,30-32 Movies,,,,,,6453,
Carlos Gardel,Carlos Gardel,5/12/1930,La Mariposa,,Tango,Carlos Gardel,Odeón,78rpm,Pedro Maffía,Celedonio Flores,,30-32 Movies,,,,,,56757-1,18815
Carlos Gardel,Carlos Gardel,5/12/1930,Rosa de Otoño,,Tango,Carlos Gardel,Odeón,78rpm,Guillermo Barbieri,José Rial,,30-32 Movies,,,,,,Ki 1885-1,
Carlos Gardel,Carlos Gardel,5/12/1930,Senda Florida,,Tango,Carlos Gardel,Odeón,78rpm,Rafael Rossi,Eugenio Cárdenas,,30-32 Movies,,,,,,Ki 2076-1,
Carlos Gardel,Carlos Gardel,5/12/1930,Viejo Rincón,,Tango,Carlos Gardel,Odeón,78rpm,Roberto Lino Cayol,Roberto Lino Cayol,,30-32 Movies,,,,,,6127,
Carlos Gardel,Carlos Gardel,28/5/1931,Anclao en París,,Tango,Carlos Gardel,Odeón,78rpm,Guillermo Barbieri,Domingo Enrique Cadícamo,,30-32 Movies,,,,,,Ki 4485-1,
Carlos Gardel,Carlos Gardel,28/5/1931,Madre Hay Una Sola,,Tango,Carlos Gardel,Odeón,78rpm,Agusun Bardi,José De La Vega,,30-32 Movies,,,,,,Ki 4486-1,
Carlos Gardel,Carlos Gardel,28/5/1931,Como Abrazado A Un Rencor,,Tango,Carlos Gardel,Odeón,78rpm,Rafael Rossi,Antonio Miguel Podestá,,30-32 Movies,,,,,,Ki 4487-1,
Carlos Gardel,Carlos Gardel,28/5/1931,Fondín De Pedro Mendoza,,Tango,Carlos Gardel,Odeón,78rpm,Raúl De Los Hoyos,Luis César Amadori,,30-32 Movies,,,,,,Ki 4488-1,
Carlos Gardel,Carlos Gardel,28/5/1931,Gotas De Veneno,,Tango,Carlos Gardel,Odeón,78rpm,Alberto Tavarozzi,Juan Carlos Welker,,30-32 Movies,,,,,,Ki 4489-1,18852
Carlos Gardel,Carlos Gardel,28/5/1931,Déja ya,,Vals,Carlos Gardel,Odeón,78rpm,"Jean Lenoir, Elie Alvaz","Jean Lenoir, Elie Alvaz",,30-32 Movies,,,,,,Ki 4491-1,
Carlos Gardel,Carlos Gardel,28/5/1931,Riojana mía,,Vals,Carlos Gardel,Odeón,78rpm,Ambrosio Río,Ambrosio Río,,30-32 Movies,,,,,,Ki 4493-1,
Carlos Gardel,Carlos Gardel,3/9/1931,Confesión,,Tango,Carlos Gardel,Odeón,78rpm,Enrique Santos Discépolo,Luis César Amadori,,30-32 Movies,,,,,,6844,
Carlos Gardel,Carlos Gardel,4/9/1931,Anclao en París,,Tango,Carlos Gardel,Odeón,78rpm,Guillermo Barbieri,Domingo Enrique Cadícamo,,30-32 Movies,,,,,,Ki 4485-1,
Carlos Gardel,Carlos Gardel,4/9/1931,Prepárate p'al domingo,,Tango,Carlos Gardel,Odeón,78rpm,Guillermo Barbieri,José Rial,,30-32 Movies,,,,,,6847,
Carlos Gardel,Carlos Gardel,4/9/1931,Ofrenda maleva,,Tango,Carlos Gardel,Odeón,78rpm,Guillermo Cavazza,Jacinto Font,,30-32 Movies,,,,,,6847,
Carlos Gardel,Carlos Gardel,16/9/1931,Esclavas Blancas,,Tango,Carlos Gardel,Odeón,78rpm,Guillermo Pettorossi,Guillermo Pettorossi,,30-32 Movies,,,,,,6857,
Carlos Gardel,Carlos Gardel,16/9/1931,Como Abrazado A Un Rencor,,Tango,Carlos Gardel,Odeón,78rpm,Rafael Rossi,Antonio Miguel Podestá,,30-32 Movies,,,,,,Ki 4487-1,
Carlos Gardel,Orquesta de Kalikian Gregor,21/9/1931,Deja,,Vals,Carlos Gardel,Odeón,78rpm,"Jean Lenoir, Elie Alvaz","Jean Lenoir, Elie Alvaz",,30-32 Movies,,,,,,6871,18853
Carlos Gardel,Carlos Gardel,28/9/1931,Tomo y Obligo,,Tango,Carlos Gardel,Odeón,78rpm,Carlos Gardel,Manuel Romero,,30-32 Movies,,,,,,6878,
Carlos Gardel,Carlos Gardel,28/9/1931,Flor del valle,,Tango,Carlos Gardel,Odeón,78rpm,Guillermo Desiderio Barbieri.,Guillermo Desiderio Barbieri.,,30-32 Movies,,,,,,6879,
Carlos Gardel,Carlos Gardel,28/9/1931,Trovas,,Tango,Carlos Gardel,Odeón,78rpm,Ángel Domingo Riverol.,Guillermo D. Barbieri,,30-32 Movies,,,,,,6880,
Carlos Gardel,Carlos Gardel,26/10/1931,Taconeando,,Tango,Carlos Gardel,Odeón,78rpm,Pedro Maffía,José Horacio Staffolani,,30-32 Movies,,,,,,6915,185091
Carlos Gardel,Carlos Gardel,26/10/1931,Tomo y Obligo,,Tango,Carlos Gardel,Odeón,78rpm,Carlos Gardel,Manuel Romero,,30-32 Movies,,,,,,6878,
Carlos Gardel,Carlos Gardel,26/10/1931,Yo No Sé Qué Me Han Hecho Tus Ojos,,Tango,Carlos Gardel,Odeón,78rpm,Francisco Canaro,Francisco Canaro,,30-32 Movies,,,,,,6917,
Carlos Gardel,Carlos Gardel,27/10/1931,Madreselva,,Tango,Carlos Gardel,Odeón,78rpm,Francisco Canaro,Luis César Amadori,,30-32 Movies,,,,,,6919,
Carlos Gardel,Carlos Gardel,27/10/1931,Falsas promesas,,Tango,Carlos Gardel,Odeón,78rpm,Domingo Julio Riverol.,Eugenio Cárdenas,,30-32 Movies,,,,,,6918,
Carlos Gardel,Carlos Gardel,27/10/1931,Quejas Del Alma,,Vals,Carlos Gardel,Odeón,78rpm,Domingo Julio Vivas,Juan Florencio Mazaroni,,30-32 Movies,,,,,,3138,
Carlos Gardel,Carlos Gardel,27/10/1931,Quién Tuviera 18 Años,,Tango,Carlos Gardel,Odeón,78rpm,Guillermo D. Barbieri,Guillermo D. Barbieri,,30-32 Movies,,,,,,6921,
Carlos Gardel,Carlos Gardel,27/10/1931,Ojos Maulas,,Tango,Carlos Gardel,Odeón,78rpm,Luis Bernstein,Alfredo Faustino Roldán,,30-32 Movies,,,,,,6922,
Carlos Gardel,Carlos Gardel,27/3/1932,Mentira,,Tango,Carlos Gardel,Odeón,78rpm,Francisco Pracáníco,Celedonio Flores,,30-32 Movies,,,,,,So 7789-1,
Carlos Gardel,Carlos Gardel,27/3/1932,Pan,,Tango,Carlos Gardel,Odeón,78rpm,Eduardo Pereyra,Celedonio Flores,,30-32 Movies,,,,,,So 7790-1,
Carlos Gardel,Carlos Gardel,27/3/1932,Otario que Andás Penando,,Tango,Carlos Gardel,Odeón,78rpm,Enrique Delfino,Alberto Vacarezza,,30-32 Movies,,,,,,So 7791-1,
Carlos Gardel,Carlos Gardel,23/7/1932,Por favor dejame,,Tango,Carlos Gardel,Odeón,78rpm,Modesto Romero,Rafael Ibáñez,,30-32 Movies,,,,,,So 7797-1,
Carlos Gardel,Carlos Gardel,23/7/1932,Sueño Querido,,Tango,Carlos Gardel,Odeón,78rpm,Ángel Maffia,Mario Battistella,,30-32 Movies,,,,,,So 7798-1,
Carlos Gardel,Carlos Gardel,23/7/1932,Sueño De Juventud,,Vals,Carlos Gardel,Odeón,78rpm,Enrique Santos Discépolo,Enrique Santos Discépolo,,30-32 Movies,,,,,,So 7799,
Carlos Gardel,Carlos Gardel,23/7/1932,Noches de Montmartre,,Tango,Carlos Gardel,Odeón,78rpm,Manuel Pizarro,Carlos César Lenzi,,30-32 Movies,,,,,,So 7800-1,
Carlos Gardel,Carlos Gardel,23/7/1932,Aquellas Cartas,,Tango,Carlos Gardel,Odeón,78rpm,Juan Andrés Guirlanda,Roberto Maida,,30-32 Movies,,,,,,So 7801-1,
Carlos Gardel,Carlos Gardel,23/7/1932,Sorpresa,,Tango,Carlos Gardel,Odeón,78rpm,Miguel Tanga,Juan Bautista Giliberti,,30-32 Movies,,,,,,So 7802-1,
Carlos Gardel,Carlos Gardel,23/7/1932,Cara rota,,Tango,Carlos Gardel,Odeón,78rpm,Julio Fernández Falcón,Julio Fernández Falcón,,33-35 Return to BA,,,,,,So 7804-1,
Carlos Gardel,Carlos Gardel,13/1/1933,Sueño Querido,,Tango,Carlos Gardel,Odeón,78rpm,Ángel Maffia,Mario Batisttella,,33-35 Return to BA,,,,,,So 7798-1,
Carlos Gardel,Carlos Gardel,13/1/1933,Aquellas Cartas,,Tango,Carlos Gardel,Odeón,78rpm,Juan Guirlanda,Roberto Maida,,33-35 Return to BA,,,,,,So 7801-1,
Carlos Gardel,Carlos Gardel,13/1/1933,Cara rota,,Tango,Carlos Gardel,Odeón,78rpm,Julio F. Falcon,Julio F. Falcon,,33-35 Return to BA,,,,,,So 7804-1,
Carlos Gardel,Carlos Gardel,23/1/1933,Milonga Sentimental,,Milonga,Carlos Gardel,Odeón,78rpm,Sebastián Piana,Homero Manzi,,33-35 Return to BA,,,,,,7329,18874
Carlos Gardel,Carlos Gardel,23/1/1933,La Canción De Buenos Aires,,Tango,Carlos Gardel,Odeón,78rpm,Orestes Cufaro Azucena Maizani,Manuel Romero,,33-35 Return to BA,,,,,,7330,
Carlos Gardel,Carlos Gardel,23/1/1933,Secreto,,Tango,Carlos Gardel,Odeón,78rpm,Enrique Santos Discépolo,Enrique Santos Discépolo,,33-35 Return to BA,,,,,,7332,
Carlos Gardel,Carlos Gardel,25/1/1933,Melodía De Arrabal,,Tango,Carlos Gardel,Odeón,78rpm,Carlos Gardel,"Alfredo Le Pera, Mario Battistella",,33-35 Return to BA,,,,,,7333,18879
Carlos Gardel,Carlos Gardel,25/1/1933,Rencor,,Tango,Carlos Gardel,Odeón,78rpm,Charlo,Luis César Amadori,,33-35 Return to BA,,,,,,7334,
Carlos Gardel,Carlos Gardel,14/2/1933,Silencio,,Tango,Carlos Gardel,Odeón,78rpm,Alfredo Le Pera – Horacio Pettorossi – Carlos Gardel,Alfredo Le Pera – Horacio Pettorossi – Carlos Gardel,,33-35 Return to BA,,,,,,7342,18881
Carlos Gardel,Carlos Gardel,15/2/1933,Ventarrón,,Tango,Carlos Gardel,Odeón,78rpm,Pedro Maffía,Jose H. Staffolani,,33-35 Return to BA,,,,,,7345,
Carlos Gardel,Carlos Gardel,22/2/1933,Recuerdo Malevo,,Tango,Carlos Gardel,Odeón,78rpm,Carlos Gardel,Alfredo Le Pera,,33-35 Return to BA,,,,,,7350,
Carlos Gardel,Carlos Gardel,22/2/1933,Acquaforte,,Tango,Carlos Gardel,Odeón,78rpm,Horacio Pettoross,Carlos Marambio Catán,,33-35 Return to BA,,,,,,7351,
Carlos Gardel,Carlos Gardel,22/2/1933,Al Mundo Le Falta Un Tornillo,,Tango,Carlos Gardel,Odeón,78rpm,José María Aguilar,Enrique Cadícamo,,33-35 Return to BA,,,,,,7352,
Carlos Gardel,Carlos Gardel,22/2/1933,Me Da Pena Confesarlo,,Tango,Carlos Gardel,Odeón,78rpm,Carlos Gardel,"Alfredo Le Pera, Mario Battistella",,33-35 Return to BA,,,,,,7353,
Carlos Gardel,Carlos Gardel,9/3/1933,La Novia Ausente,,Tango,Carlos Gardel,Odeón,78rpm,Guillermo Barbieri,Enrique Cadícamo,,33-35 Return to BA,,,,,,7366,
Carlos Gardel,Carlos Gardel,17/3/1933,Estudiante,,Tango,Carlos Gardel,Odeón,78rpm,Carlos Gardel Con La orquesta De Alberto Castellanos,"Alfredo Le Pera, Mario Battistella",,33-35 Return to BA,,,,,,7382,
Carlos Gardel,Carlos Gardel,27/3/1933,Silencio,,Tango,Carlos Gardel,Odeón,78rpm,Alfredo Le Pera – Horacio Pettorossi – Carlos Gardel,Alfredo Le Pera – Horacio Pettorossi – Carlos Gardel,,33-35 Return to BA,,,,,,7342,18881
Carlos Gardel,Carlos Gardel,13/5/1933,Silencio,,Tango,Carlos Gardel,Odeón,78rpm,Alfredo Le Pera – Horacio Pettorossi – Carlos Gardel,Alfredo Le Pera – Horacio Pettorossi – Carlos Gardel,,33-35 Return to BA,,,,,,7342,18881
Carlos Gardel,Carlos Gardel,13/5/1933,Naipe Marcado,,Tango,Carlos Gardel,Odeón,78rpm,Ángel Greco,Ángel Greco,,33-35 Return to BA,,,,,,7428,
Carlos Gardel,Carlos Gardel,12/6/1933,Araca La Cana,,Tango,Carlos Gardel,Odeón,78rpm,Enrique Delfino,Mario Rada,,33-35 Return to BA,,,,,,7450,
Carlos Gardel,Carlos Gardel,12/6/1933,Milonga del 900,,Milonga,Carlos Gardel,Odeón,78rpm,Sebastián Piana,Homero Manzi,,33-35 Return to BA,,,,,,7451,
Carlos Gardel,Carlos Gardel,17/6/1933,Si Se Salva El Pibe,,Tango,Carlos Gardel,Odeón,78rpm,Francisco Pracáníco,Celedonio Flores,,33-35 Return to BA,,,,,,7468,
Carlos Gardel,Carlos Gardel,17/6/1933,Desdén,,Tango,Carlos Gardel,Odeón,78rpm,Carlos Gardel,Mario Battistella,,33-35 Return to BA,,,,,,7469,
Carlos Gardel,Carlos Gardel,31/7/1933,Noches de Atenas,,Vals,Carlos Gardel,Odeón,78rpm,Horacio Pettorossi,Horacio Pettorossi,,33-35 Return to BA,,,,,,7480,
Carlos Gardel,Carlos Gardel,25/8/1933,La Uruguayita Lucía,,Tango,Carlos Gardel,Odeón,78rpm,Eduardo Pereyra,Daniel Baretto,,33-35 Return to BA,,,,,,7508,
Carlos Gardel,Carlos Gardel,25/8/1933,Amante corazón,,Vals,Carlos Gardel,Odeón,78rpm,Domingo Vivas,Roberto Marano,,33-35 Return to BA,,,,,,7509,
Carlos Gardel,Carlos Gardel,25/8/1933,Cobardía,,Tango,Carlos Gardel,Odeón,78rpm,Charlo,Luis César Amadori,,33-35 Return to BA,,,,,,7510,
Carlos Gardel,Carlos Gardel,25/8/1933,Tenemos que Abrirnos,,Tango,Carlos Gardel,Odeón,78rpm,Alberto Acuña,Agustín Irusta,,33-35 Return to BA,,,,,,7511,
Carlos Gardel,Carlos Gardel,1/9/1933,Mi Primer Gol,,Tango,Carlos Gardel,Odeón,78rpm,Miguel Bonano Horacio Pettorossi,Alejandro Fattorini,,33-35 Return to BA,,,,,,7519,
Carlos Gardel,Carlos Gardel,13/9/1933,Promesa,,Vals,Carlos Gardel,Odeón,78rpm,Eddie Kay,Pablo Osvaldo Valle,,33-35 Return to BA,,,,,,7532,
Carlos Gardel,Carlos Gardel,13/9/1933,Si Soy Así,,Tango,Carlos Gardel,Odeón,78rpm,Francisco Lomuto,Antonio Botta,,33-35 Return to BA,,,,,,7533,
Carlos Gardel,Carlos Gardel,18/9/1933,Medallita De La Suerte,,Tango,Carlos Gardel,Odeón,78rpm,Carlos Gardel Jose Razzano Gardel a duo consigo mismo,Mario Battistella,,33-35 Return to BA,,,,,,7538,
Carlos Gardel,Carlos Gardel,18/9/1933,Al Pie De La Santa Cruz,,Tango,Carlos Gardel,Odeón,78rpm,Enrique Delfino,Mario Battistella,,33-35 Return to BA,,,,,,7539,
Carlos Gardel,Carlos Gardel,18/9/1933,Angustias,,Tango,Carlos Gardel,Odeón,78rpm,Horacio Pettorossi,Horacio Pettorossi,,33-35 Return to BA,,,,,,7540,
Carlos Gardel,Carlos Gardel,13/10/1933,Ausencia,,Vals,Carlos Gardel,Odeón,78rpm,Francisco Bianco Carlos Gardel Jose Razzano,Francisco Bianco,,33-35 Return to BA,,,,,,375,
Carlos Gardel,Carlos Gardel,16/10/1933,El que atrasó el reloj,,Tango,Carlos Gardel,Odeón,78rpm,Guillermo Barbieri,Enrique Cadícamo,,33-35 Return to BA,,,,,,7559,
Carlos Gardel,Orquesta T.Tucci,30/7/1934,Cuesta Abajo,,Tango,Carlos Gardel,Víctor,78rpm,Carlos Gardel,Alfredo Le Pera,,33-35 Return to BA,,,,,,BS 83598-1,32177
Carlos Gardel,Carlos Gardel,30/7/1934,Mi Buenos Aires Querido,,Tango,Carlos Gardel,Víctor,78rpm,Carlos Gardel,Alfredo Le Pera,,33-35 Return to BA,,,,,,BS 83599-1,18910
Carlos Gardel,Carlos Gardel,30/7/1934,Amores De Estudiante,,Vals,Carlos Gardel,Víctor,78rpm,Carlos Gardel,Alfredo Le Pera,,33-35 Return to BA,,,,,,BS 83700-1,18910
Carlos Gardel,Carlos Gardel,30/7/1934,Golondrinas,,Tango,Carlos Gardel,Víctor,78rpm,Carlos Gardel,Alfredo Le Pera,,33-35 Return to BA,,,,,,BS 83701-1,18910
Carlos Gardel,Carlos Gardel,30/7/1934,Soledad,,Tango,Carlos Gardel,Víctor,78rpm,Carlos Gardel,Alfredo Le Pera,,33-35 Return to BA,,,,,,BS 83702-1,18913
Carlos Gardel,Carlos Gardel,24/8/1934,Amargura,,Tango,Carlos Gardel,Víctor,78rpm,Carlos Gardel,Alfredo Le Pera,,33-35 Return to BA,,,,,,88,18943
Carlos Gardel,Carlos Gardel,19/3/1935,Arrabal Amargo,,Tango,Carlos Gardel,Víctor,78rpm,Carlos Gardel,Alfredo Le Pera,,33-35 Return to BA,,,,,,BVE 89224-1,18942
Carlos Gardel,Carlos Gardel,19/3/1935,Sus Ojos Se Cerraron,,Tango,Carlos Gardel,Víctor,78rpm,Carlos Gardel,Alfredo Le Pera,,33-35 Return to BA,,,,,,BVE 89225-1,26983
Carlos Gardel,Carlos Gardel,19/3/1935,Volver,,Tango,Carlos Gardel,Víctor,78rpm,Carlos Gardel,Alfredo Le Pera,,33-35 Return to BA,,,,,,BVE 89226-1,32456
Carlos Gardel,Carlos Gardel,19/3/1935,Por Una Cabeza,,Tango,Carlos Gardel,Víctor,78rpm,Carlos Gardel,Alfredo Le Pera,,33-35 Return to BA,,,,,,BVE 89227-1,32534
Carlos Gardel,Carlos Gardel,20/3/1935,Volvió Una Noche,,Tango,Carlos Gardel,Víctor,78rpm,Carlos Gardel,Alfredo Le Pera,,33-35 Return to BA,,,,,,BVE 89230-1,26984
Carlos Gardel,Carlos Gardel,20/3/1935,Cheating muchachita,,Tango,Carlos Gardel,Víctor,78rpm,Carlos Gardel,Alfredo Le Pera,,33-35 Return to BA,,,,,,BVE 89233-1,
Carlos Gardel,Carlos Gardel,20/3/1935,Amargura,,Tango,Carlos Gardel,Víctor,78rpm,Carlos Gardel,Alfredo Le Pera,,33-35 Return to BA,,,,,,88,18943
Carlos Gardel,Carlos Gardel,19/10/1935,Medallita De La Suerte,,Tango,Carlos Gardel,Odeón,78rpm,Carlos Gardel y José Razzano,Mario Battistella,,33-35 Return to BA,,,,,,7538,
Carlos Gardel,Carlos Gardel,22/10/1935,Angustias,,Tango,Carlos Gardel,Odeón,78rpm,Gardel a dúo consigo mismo,Horacio Pettorossi,,33-35 Return to BA,,,,,,7540,
