Bandleader,Orchestra,Date,Title,AltTitle,Genre,Singer,Label,Master,Disk,Matrix,Composer,Author,Arranger,Grouping,Pianist,Bassist,Bandoneons,Strings,Lineup
Domingo Federico,Domingo Federico y su Trío Saludos,1958,Andrajos,,Tango,Rubén Maciel y Rubén Sánchez,Trío,Tape,,,Enrique Santos Discépolo,Alberto Laureano Martínez,,58-71 / Small Groups,,Miguel Sánchez,Domingo Federico,"José Eduardo Malaguarnera, Manuel Silveyra, Maximino Dante Alvarez (viola), Guido Nozzi (cello)",Bandoneon
Domingo Federico,Orquesta Domingo Federico,1958,El Choclo,Kiss of Fire,Tango,Rubén Maciel y Rubén Sánchez,Trío,Tape,T-079 B,,Angel Villoldo,Enrique Santos Discépolo; Carlos Márambio Catán,,58-65 / Later Orchestra,Osvaldo Fumale,Miguel Sánchez,"Domingo Federico, Heraldo Colombetti, Reinaldo Cassano, Víctor Piuma","José Eduardo Malaguarnera, Manuel Silveyra, Maximino Dante Alvarez (viola), Guido Nozzi (cello)","Piano, Bass, 4 Bandoneons, 2 Violins, Viola, Cello"
Domingo Federico,Domingo Federico y su Trío Saludos,1958,Orilla,,Milonga,Rubén Maciel y Rubén Sánchez,Trío,Tape,,,Domingo S. Federico; Prada,José Delgado,,58-71 / Small Groups,,Miguel Sánchez,Domingo Federico,"José Eduardo Malaguarnera, Manuel Silveyra, Maximino Dante Alvarez (viola), Guido Nozzi (cello)",Bandoneon
Domingo Federico,Orquesta Domingo Federico,1958,Quiéreme,Te Esperaré,Tango,Rubén Sánchez,Trío,Tape,T-079 A,,D.R.,José Luaces,,58-65 / Later Orchestra,Osvaldo Fumale,Miguel Sánchez,"Domingo Federico, Heraldo Colombetti, Reinaldo Cassano, Víctor Piuma","José Eduardo Malaguarnera, Manuel Silveyra, Maximino Dante Alvarez (viola), Guido Nozzi (cello)","Piano, Bass, 4 Bandoneons, 2 Violins, Viola, Cello"
Domingo Federico,Domingo Federico y su Trío Saludos,1958,Yuyo Verde,Callejón,Tango,Rubén Maciel y Rubén Sánchez,Trío,Tape,,,Domingo S. Federico,Homero A. Expósito,,58-71 / Small Groups,,Miguel Sánchez,Domingo Federico,"José Eduardo Malaguarnera, Manuel Silveyra, Maximino Dante Alvarez (viola), Guido Nozzi (cello)",Bandoneon
Domingo Federico,Orquesta Domingo Federico,1960,Rodríguez Peña,Rodríguez Peña,Tango,instrumental,Víctor,Tape,,,Vicente Greco,Juan Velich,,58-65 / Later Orchestra,Osvaldo Fumale,Miguel Sánchez,"Domingo Federico, Heraldo Colombetti, Reinaldo Cassano, Víctor Piuma","José Eduardo Malaguarnera, Manuel Silveyra, Maximino Dante Alvarez (viola), Guido Nozzi (cello)","Piano, Bass, 4 Bandoneons, 2 Violins, Viola, Cello"
Domingo Federico,Orquesta Domingo Federico,1960,Yo Tengo Un Pecado Nuevo,,Tango,Rubén Maciel y Rubén Sánchez,Víctor,Tape,,,Mariano Mores,Alberto Laureano Martínez,,58-65 / Later Orchestra,Osvaldo Fumale,Miguel Sánchez,"Domingo Federico, Heraldo Colombetti, Reinaldo Cassano, Víctor Piuma","José Eduardo Malaguarnera, Manuel Silveyra, Maximino Dante Alvarez (viola), Guido Nozzi (cello)","Piano, Bass, 4 Bandoneons, 2 Violins, Viola, Cello"
Domingo Federico,Domingo Federico (bandoneon),1960,La Canción del Jardín,,Vals,instrumental,Trío,Tape,,,Teddy Green; Pepe Chardi,,,58-71 / Small Groups,Abel Pizzicatti,Ernesto Deniel,Domingo Federico,Ricardo Francia (cello),"Piano, Bass, Bandoneon, Cello"
Domingo Federico,Orquesta Domingo Federico,1962,Cualquier Cosa,,Tango,Rubén Sánchez,Fuentes,Tape,134,(Colombia),Herminia Velich,Juan Miguel Velich,,58-65 / Later Orchestra,Osvaldo Fumale,Miguel Sánchez,"Domingo Federico, Heraldo Colombetti, Reinaldo Cassano, Víctor Piuma","José Eduardo Malaguarnera, Manuel Silveyra, Maximino Dante Alvarez (viola), Guido Nozzi (cello)","Piano, Bass, 4 Bandoneons, 2 Violins, Viola, Cello"
Domingo Federico,Orquesta Domingo Federico,1962,El Sueño Del Pibe,,Tango,Rubén Sánchez,Fuentes,Tape,134,(Colombia),Juan Puey,Reinaldo Yiso,,58-65 / Later Orchestra,Osvaldo Fumale,Miguel Sánchez,"Domingo Federico, Heraldo Colombetti, Reinaldo Cassano, Víctor Piuma","José Eduardo Malaguarnera, Manuel Silveyra, Maximino Dante Alvarez (viola), Guido Nozzi (cello)","Piano, Bass, 4 Bandoneons, 2 Violins, Viola, Cello"
Domingo Federico,Orquesta Domingo Federico,1962,Frente A Una Copa,,Tango,Rubén Sánchez,Fuentes,Tape,134,(Colombia),Francisco Amor,Santiago Elías Wainer,,58-65 / Later Orchestra,Osvaldo Fumale,Miguel Sánchez,"Domingo Federico, Heraldo Colombetti, Reinaldo Cassano, Víctor Piuma","José Eduardo Malaguarnera, Manuel Silveyra, Maximino Dante Alvarez (viola), Guido Nozzi (cello)","Piano, Bass, 4 Bandoneons, 2 Violins, Viola, Cello"
Domingo Federico,Orquesta Domingo Federico,1962,La Casa Vacía,,Tango,Rubén Sánchez,Fuentes,Tape,134,(Colombia),Arturo Gallucci,Julio Jorge Nelson; Reinaldo Yiso,,58-65 / Later Orchestra,Osvaldo Fumale,Miguel Sánchez,"Domingo Federico, Heraldo Colombetti, Reinaldo Cassano, Víctor Piuma","José Eduardo Malaguarnera, Manuel Silveyra, Maximino Dante Alvarez (viola), Guido Nozzi (cello)","Piano, Bass, 4 Bandoneons, 2 Violins, Viola, Cello"
Domingo Federico,Orquesta Domingo Federico,1962,Motivo Sentimental,,Tango,Rubén Sánchez,Fuentes,Tape,134,(Colombia),Emilio J. Brameri,Carlos Bahr,,58-65 / Later Orchestra,Osvaldo Fumale,Miguel Sánchez,"Domingo Federico, Heraldo Colombetti, Reinaldo Cassano, Víctor Piuma","José Eduardo Malaguarnera, Manuel Silveyra, Maximino Dante Alvarez (viola), Guido Nozzi (cello)","Piano, Bass, 4 Bandoneons, 2 Violins, Viola, Cello"
Domingo Federico,Orquesta Domingo Federico,1962,Vos Y Yo Corazón,,Tango,Rubén Sánchez,Fuentes,Tape,134,(Colombia),Luis Stazo,Federico Silva,,58-65 / Later Orchestra,Osvaldo Fumale,Miguel Sánchez,"Domingo Federico, Heraldo Colombetti, Reinaldo Cassano, Víctor Piuma","José Eduardo Malaguarnera, Manuel Silveyra, Maximino Dante Alvarez (viola), Guido Nozzi (cello)","Piano, Bass, 4 Bandoneons, 2 Violins, Viola, Cello"
Domingo Federico,Orquesta Domingo Federico,1962,Y No Llores Más,,Tango,Rubén Sánchez,Fuentes,Tape,134,(Colombia),Santiago Adamini; J. Calderón,Santiago Adamini,,58-65 / Later Orchestra,Osvaldo Fumale,Miguel Sánchez,"Domingo Federico, Heraldo Colombetti, Reinaldo Cassano, Víctor Piuma","José Eduardo Malaguarnera, Manuel Silveyra, Maximino Dante Alvarez (viola), Guido Nozzi (cello)","Piano, Bass, 4 Bandoneons, 2 Violins, Viola, Cello"
Domingo Federico,Orquesta Domingo Federico,1962,Ya No Vale la Pena,,Tango,Rubén Sánchez,Fuentes,Tape,134,(Colombia),Roberto Giménez; Angel Mayo,Roberto Giménez,,58-65 / Later Orchestra,Osvaldo Fumale,Miguel Sánchez,"Domingo Federico, Heraldo Colombetti, Reinaldo Cassano, Víctor Piuma","José Eduardo Malaguarnera, Manuel Silveyra, Maximino Dante Alvarez (viola), Guido Nozzi (cello)","Piano, Bass, 4 Bandoneons, 2 Violins, Viola, Cello"
Domingo Federico,Orquesta Domingo Federico,1965,Al Compás de Tu Mentira,,Tango,Rubén Sánchez,Víctor,Tape,,,Rodolfo Sciammarella,Héctor Canziani,,58-65 / Later Orchestra,Osvaldo Fumale,Miguel Sánchez,"Domingo Federico, Heraldo Colombetti, Reinaldo Cassano, Víctor Piuma","José Eduardo Malaguarnera, Manuel Silveyra, Maximino Dante Alvarez (viola), Guido Nozzi (cello)","Piano, Bass, 4 Bandoneons, 2 Violins, Viola, Cello"
Domingo Federico,Orquesta Domingo Federico,1965,Carta Brava,,Tango,Rubén Sánchez,Víctor,Tape,134,(Colombia),Rosita Quiroga,Celedonio Flores,,58-65 / Later Orchestra,Osvaldo Fumale,Miguel Sánchez,"Domingo Federico, Heraldo Colombetti, Reinaldo Cassano, Víctor Piuma","José Eduardo Malaguarnera, Manuel Silveyra, Maximino Dante Alvarez (viola), Guido Nozzi (cello)","Piano, Bass, 4 Bandoneons, 2 Violins, Viola, Cello"
Domingo Federico,Orquesta Domingo Federico,1965,Cualquier Cosa,,Tango,Rubén Sánchez,Víctor,Tape,134,(Colombia),Herminia Velich,Juan Miguel Velich,,58-65 / Later Orchestra,Osvaldo Fumale,Miguel Sánchez,"Domingo Federico, Heraldo Colombetti, Reinaldo Cassano, Víctor Piuma","José Eduardo Malaguarnera, Manuel Silveyra, Maximino Dante Alvarez (viola), Guido Nozzi (cello)","Piano, Bass, 4 Bandoneons, 2 Violins, Viola, Cello"
Domingo Federico,Orquesta Domingo Federico,1965,Cómo Nos Cambian los Años,,Tango,Rubén Sánchez,Víctor,Tape,134,(Colombia),Armando Baliotti; Santiago Damini,Santiago Adamini,,58-65 / Later Orchestra,Osvaldo Fumale,Miguel Sánchez,"Domingo Federico, Heraldo Colombetti, Reinaldo Cassano, Víctor Piuma","José Eduardo Malaguarnera, Manuel Silveyra, Maximino Dante Alvarez (viola), Guido Nozzi (cello)","Piano, Bass, 4 Bandoneons, 2 Violins, Viola, Cello"
Domingo Federico,Orquesta Domingo Federico,1965,El Sueño Del Pibe,,Tango,Rubén Sánchez,Víctor,Tape,134,(Colombia),Juan Puey,Reinaldo Yiso,,58-65 / Later Orchestra,Osvaldo Fumale,Miguel Sánchez,"Domingo Federico, Heraldo Colombetti, Reinaldo Cassano, Víctor Piuma","José Eduardo Malaguarnera, Manuel Silveyra, Maximino Dante Alvarez (viola), Guido Nozzi (cello)","Piano, Bass, 4 Bandoneons, 2 Violins, Viola, Cello"
Domingo Federico,Orquesta Domingo Federico,1965,Frente A Una Copa,,Tango,Rubén Sánchez,Víctor,Tape,134,(Colombia),Francisco Amor,Santiago Elías Wainer,,58-65 / Later Orchestra,Osvaldo Fumale,Miguel Sánchez,"Domingo Federico, Heraldo Colombetti, Reinaldo Cassano, Víctor Piuma","José Eduardo Malaguarnera, Manuel Silveyra, Maximino Dante Alvarez (viola), Guido Nozzi (cello)","Piano, Bass, 4 Bandoneons, 2 Violins, Viola, Cello"
Domingo Federico,Orquesta Domingo Federico,1965,La Casa Vacía,,Tango,Rubén Sánchez,Víctor,Tape,134,(Colombia),Arturo Gallucci,Julio Jorge Nelson; Reinaldo Yiso,,58-65 / Later Orchestra,Osvaldo Fumale,Miguel Sánchez,"Domingo Federico, Heraldo Colombetti, Reinaldo Cassano, Víctor Piuma","José Eduardo Malaguarnera, Manuel Silveyra, Maximino Dante Alvarez (viola), Guido Nozzi (cello)","Piano, Bass, 4 Bandoneons, 2 Violins, Viola, Cello"
Domingo Federico,Orquesta Domingo Federico,1965,La Culpa Es Tuya,,Tango,Rubén Sánchez,Víctor,Tape,134,(Colombia),Adolfo Avilés; Domenech,Andrés Domenech,,58-65 / Later Orchestra,Osvaldo Fumale,Miguel Sánchez,"Domingo Federico, Heraldo Colombetti, Reinaldo Cassano, Víctor Piuma","José Eduardo Malaguarnera, Manuel Silveyra, Maximino Dante Alvarez (viola), Guido Nozzi (cello)","Piano, Bass, 4 Bandoneons, 2 Violins, Viola, Cello"
Domingo Federico,Orquesta Domingo Federico,1965,Motivo Sentimental,,Tango,Rubén Sánchez,Víctor,Tape,134,(Colombia),Emilio J. Brameri,Carlos Bahr,,58-65 / Later Orchestra,Osvaldo Fumale,Miguel Sánchez,"Domingo Federico, Heraldo Colombetti, Reinaldo Cassano, Víctor Piuma","José Eduardo Malaguarnera, Manuel Silveyra, Maximino Dante Alvarez (viola), Guido Nozzi (cello)","Piano, Bass, 4 Bandoneons, 2 Violins, Viola, Cello"
Domingo Federico,Orquesta Domingo Federico,1965,Vos Y Yo Corazón,,Tango,Rubén Sánchez,Víctor,Tape,134,(Colombia),Luis Stazo,Federico Silva,,58-65 / Later Orchestra,Osvaldo Fumale,Miguel Sánchez,"Domingo Federico, Heraldo Colombetti, Reinaldo Cassano, Víctor Piuma","José Eduardo Malaguarnera, Manuel Silveyra, Maximino Dante Alvarez (viola), Guido Nozzi (cello)","Piano, Bass, 4 Bandoneons, 2 Violins, Viola, Cello"
Domingo Federico,Orquesta Domingo Federico,1965,Y No Llores Más,,Tango,Rubén Sánchez,Víctor,Tape,134,(Colombia),Santiago Adamini; J. Calderón,Santiago Adamini,,58-65 / Later Orchestra,Osvaldo Fumale,Miguel Sánchez,"Domingo Federico, Heraldo Colombetti, Reinaldo Cassano, Víctor Piuma","José Eduardo Malaguarnera, Manuel Silveyra, Maximino Dante Alvarez (viola), Guido Nozzi (cello)","Piano, Bass, 4 Bandoneons, 2 Violins, Viola, Cello"
Domingo Federico,Orquesta Domingo Federico,1965,Ya No Vale la Pena,,Tango,Rubén Sánchez,Víctor,Tape,134,(Colombia),Roberto Giménez; Angel Mayo,Roberto Giménez,,58-65 / Later Orchestra,Osvaldo Fumale,Miguel Sánchez,"Domingo Federico, Heraldo Colombetti, Reinaldo Cassano, Víctor Piuma","José Eduardo Malaguarnera, Manuel Silveyra, Maximino Dante Alvarez (viola), Guido Nozzi (cello)","Piano, Bass, 4 Bandoneons, 2 Violins, Viola, Cello"
Domingo Federico,Orquesta Domingo Federico,1965,Al compás del corazón,,Tango,Rubén Sánchez,Fuentes,Tape,134,(Colombia),Rodolfo Sciammarella,Héctor Canziani,,58-71 / Small Groups,Abel Pizzicatti,Ernesto Deniel,Domingo Federico,Ricardo Francia (cello),"Piano, Bass, Bandoneon, Cello"
Domingo Federico,Orquesta Domingo Federico,1966,A Lo Pirincho,,Milonga,instrumental,Víctor,Tape,sin dato,,Haydee Cardón; Francisco Federico,Haydeé Cardón,,58-71 / Small Groups,Abel Pizzicatti,Norberto Nofri,Domingo Federico,José Eguía,"Piano, Bass, Bandoneon, Violin"
Domingo Federico,Orquesta Domingo Federico,1966,Después del Carnaval,,Tango,Rubén Sánchez,Rosafón,Tape,sin dato,,José A. Amuschastegui,José A. Amuschastegui,,58-71 / Small Groups,Abel Pizzicatti,Norberto Nofri,Domingo Federico,José Eguía,"Piano, Bass, Bandoneon, Violin"
Domingo Federico,Orquesta Domingo Federico,1966,Don Esteban,,Tango,Rubén Sánchez,Rosafón,Tape,sin dato,,Augusto P. Berto,Carlos Sarmiento,,58-71 / Small Groups,Abel Pizzicatti,Norberto Nofri,Domingo Federico,José Eguía,"Piano, Bass, Bandoneon, Violin"
Domingo Federico,Orquesta Domingo Federico,1966,Te Soñé una Noche,,Tango,Rubén Sánchez,Rosafón,Tape,sin dato,,A. Angeletti; M. Bor,"Armando Ángeletti, Alberto Bor",,58-71 / Small Groups,Abel Pizzicatti,Norberto Nofri,Domingo Federico,José Eguía,"Piano, Bass, Bandoneon, Violin"
Domingo Federico,Orquesta Domingo Federico,1966,Y Fué,,Tango,Rubén Sánchez,Rosafón,Tape,sin dato,,Chef Contillo; Haydee Cardón,"Haydeé Cardón, Chet Contillo",,58-71 / Small Groups,Abel Pizzicatti,Norberto Nofri,Domingo Federico,José Eguía,"Piano, Bass, Bandoneon, Violin"
Domingo Federico,Domingo Federico (Sexteto (en piano Miguel Nijensohn)),1968,Gallo Ciego,,Tango,instrumental,RCA Víctor,Tape,CAL 3160,LAAR 8208,Agustín Bardi,,,58-71 / Small Groups,Abel Pizzicatti,Ernesto Deniel,Domingo Federico,Ricardo Francia (cello),"Piano, Bass, Bandoneon, Cello"
Domingo Federico,Domingo Federico (Sexteto),1968,Don Juan,,Tango,instrumental,RCA Víctor,Tape,CAL 3160,LAAR 8208,Ernesto Ponzio,Ricardo J. Podestá,,58-71 / Small Groups,Abel Pizzicatti,Ernesto Deniel,Domingo Federico,Ricardo Francia (cello),"Piano, Bass, Bandoneon, Cello"
Domingo Federico,Domingo Federico (Sexteto),1968,El Choclo,,Tango,instrumental,RCA Víctor,Tape,CAL 3160,LAAR 8208,Angel Villoldo,Enrique Santos Discépolo; Carlos Márambio Catán,,58-71 / Small Groups,Abel Pizzicatti,Ernesto Deniel,Domingo Federico,Ricardo Francia (cello),"Piano, Bass, Bandoneon, Cello"
Domingo Federico,Domingo Federico (Sexteto),1968,Dibujos,,Tango,instrumental,RCA Víctor,Tape,CAL 3160,LAAR 8208,José Ranieri,,,58-71 / Small Groups,Abel Pizzicatti,Ernesto Deniel,Domingo Federico,Ricardo Francia (cello),"Piano, Bass, Bandoneon, Cello"
Domingo Federico,Domingo Federico (Sexteto),1968,La cumparsita,,Tango,instrumental,RCA Víctor,Tape,CAL 3160,LAAR 8208,Gerardo H. Matos Rodríguez,Pascual Contursi; Enrique P. Maroni,,58-71 / Small Groups,Abel Pizzicatti,Ernesto Deniel,Domingo Federico,Ricardo Francia (cello),"Piano, Bass, Bandoneon, Cello"
Domingo Federico,Domingo Federico (Sexteto),1968,Canaro en París,,Tango,instrumental,RCA Víctor,Tape,CAL 3160,LAAR 8208,Alejandro Scarpino; Juan Caldarella,José Scarpino,,58-71 / Small Groups,Abel Pizzicatti,Ernesto Deniel,Domingo Federico,Ricardo Francia (cello),"Piano, Bass, Bandoneon, Cello"
Domingo Federico,Domingo Federico (Sexteto),1968,La Puñalada,,Milonga,instrumental,RCA Víctor,Tape,CAL 3160,LAAR 8208,Pintín Castellanos,Celedonio Esteban Flores,,58-71 / Small Groups,Abel Pizzicatti,Ernesto Deniel,Domingo Federico,Ricardo Francia (cello),"Piano, Bass, Bandoneon, Cello"
Domingo Federico,Domingo Federico (Sexteto),1968,Adiós muchachos,,Tango,instrumental,RCA Víctor,Tape,CAL 3160,LAAR 8208,César F. Védani,Julio César Sanders,,58-71 / Small Groups,Abel Pizzicatti,Ernesto Deniel,Domingo Federico,Ricardo Francia (cello),"Piano, Bass, Bandoneon, Cello"
Domingo Federico,Orquesta Domingo Federico,1969,Al Compás Del Corazón,Late un Corazón,Tango,Carlos Vidal,Embassy,Tape,70004,Saludos,Domingo S. Federico,Homero Expósito,,58-71 / Small Groups,Abel Pizzicatti,Ernesto Deniel,Domingo Federico,Ricardo Francia (cello),"Piano, Bass, Bandoneon"
Domingo Federico,Orquesta Domingo Federico,1969,La Gente Siempre la Gente,,Tango,Carlos Vidal,Embassy,Tape,70004,Saludos,Miguel Nijenson; Domingo S. Federico,Miguel Nijensohn,,58-71 / Small Groups,Abel Pizzicatti,Ernesto Deniel,Domingo Federico,Ricardo Francia (cello),"Piano, Bass, Bandoneon"
Domingo Federico,Orquesta Domingo Federico,1969,Mansa,,Tango,Carlos Vidal,Embassy,Tape,70004,Saludos,Domingo Federico,Haydee Cardón,,58-71 / Small Groups,Abel Pizzicatti,Ernesto Deniel,Domingo Federico,Ricardo Francia (cello),"Piano, Bass, Bandoneon"
Domingo Federico,Orquesta Domingo Federico,1969,Percal,,Tango,Carlos Vidal,Embassy,Tape,70004,Saludos,Domingo Federico,Homero Expósito,,58-71 / Small Groups,Abel Pizzicatti,Ernesto Deniel,Domingo Federico,Ricardo Francia (cello),"Piano, Bass, Bandoneon"
Domingo Federico,Orquesta Domingo Federico,1969,Saludos,,Tango,instrumental,Embassy,Tape,70004,Saludos,Domingo Federico; Francisco Federico,,,58-71 / Small Groups,Abel Pizzicatti,Ernesto Deniel,Domingo Federico,Ricardo Francia (cello),"Piano, Bass, Bandoneon"
Domingo Federico,Orquesta Domingo Federico,1969,Yuyo Verde,Callejón,Tango,Carlos Vidal,Embassy,Tape,70004,Saludos,Domingo S. Federico,Homero A. Expósito,,58-71 / Small Groups,Abel Pizzicatti,Ernesto Deniel,Domingo Federico,Ricardo Francia (cello),"Piano, Bass, Bandoneon"
Domingo Federico,Orquesta Domingo Federico,1969,Monterrey,,Tango,instrumental,Embassy,Tape,70004,Saludos,Alfredo Bevilacqua,,,58-71 / Small Groups,Abel Pizzicatti,Ernesto Deniel,Domingo Federico,Ricardo Francia (cello),"Piano, Bass, Bandoneon, Cello"
Domingo Federico,Orquesta Domingo Federico,1969,Festejo en la Luna,,Tango,instrumental,Embassy,Tape,70004,Saludos,Domingo S. Federico; J. Valdivia,,,58-71 / Small Groups,Abel Pizzicatti,Ernesto Deniel,Domingo Federico,Ricardo Francia (cello),"Piano, Bass, Bandoneon, Cello"
Domingo Federico,Orquesta Domingo Federico,1969,Réquiem para un Compañero,,Tango,instrumental,Embassy,Tape,70004,Saludos,Domingo S. Federico; Francisco Federico,,,58-71 / Small Groups,Abel Pizzicatti,Ernesto Deniel,Domingo Federico,Ricardo Francia (cello),"Piano, Bass, Bandoneon, Cello"
Domingo Federico,Orquesta Domingo Federico,1969,Un Cigarrillo Muerto,,Tango,Carlos Vidal,Embassy,Tape,70004,Saludos,Cátulo Castillo; Miguel Nijensohn,,,58-71 / Small Groups,Abel Pizzicatti,Ernesto Deniel,Domingo Federico,Ricardo Francia (cello),"Piano, Bass, Bandoneon, Cello"
Domingo Federico,Orquesta Domingo Federico,1969,Tango Compadrón,,Tango,instrumental,Embassy,Tape,70004,Saludos,Rodolfo Forte; Miguel Nijensohn,,,58-71 / Small Groups,Abel Pizzicatti,Ernesto Deniel,Domingo Federico,Ricardo Francia (cello),"Piano, Bass, Bandoneon, Cello"
Domingo Federico,Orquesta Domingo Federico,1969,A Mi Pinita,,Tango,instrumental,Embassy,Tape,70004,Saludos,Domingo S. Federico,,,58-71 / Small Groups,Abel Pizzicatti,Ernesto Deniel,Domingo Federico,Ricardo Francia (cello),"Piano, Bass, Bandoneon, Cello"
Domingo Federico,Orquesta Domingo Federico,1971,Desde la Noche,,Tango,Omar Carranza,Rosafón,Tape,17395,,Domingo Federico,Miguel Angel Jubany,,58-71 / Small Groups,Abel Pizzicatti,Ernesto Deniel,Domingo Federico,Ricardo Francia (cello),"Piano, Bass, Bandoneon, Cello"
Domingo Federico,Orquesta Domingo Federico,1971,En Debe y Haber,,Tango,Omar Carranza,Rosafón,Tape,17395,,Domingo Federico,Miguel Angel Jubany,,58-71 / Small Groups,Abel Pizzicatti,Ernesto Deniel,Domingo Federico,Ricardo Francia (cello),"Piano, Bass, Bandoneon, Cello"
Domingo Federico,Orquesta Domingo Federico,1971,Maciel Tiempo de Olvido,,Vals,Omar Carranza,Rosafón,Tape,17395,,Domingo S. Federico; Miguel Angel Jubany,Miguel Jubany,,58-71 / Small Groups,Abel Pizzicatti,Ernesto Deniel,Domingo Federico,Ricardo Francia (cello),"Piano, Bass, Bandoneon, Cello"
Domingo Federico,Orquesta Domingo Federico,1971,Mi Viejo Viejo Spleen,,Milonga,Omar Carranza,Rosafón,Tape,17395,,Domingo S. Federico; Miguel Angel Jubany,Miguel Jubany,,58-71 / Small Groups,Abel Pizzicatti,Ernesto Deniel,Domingo Federico,Ricardo Francia (cello),"Piano, Bass, Bandoneon, Cello"
Domingo Federico,Orquesta Domingo Federico,1971,Nuevo Tokio,Nuevo Tokyo,Tango,instrumental,Rosafón,Tape,17395,,Domingo S. Federico,,,58-71 / Small Groups,Abel Pizzicatti,Ernesto Deniel,Domingo Federico,Ricardo Francia (cello),"Piano, Bass, Bandoneon, Cello"
Domingo Federico,Orquesta Domingo Federico,1971,Preludio a la Muerte Pobre,,Tango,Omar Carranza,Rosafón,Tape,17395,,Domingo S. Federico; Miguel Angel Jubany,Miguel Jubany,,58-71 / Small Groups,Abel Pizzicatti,Ernesto Deniel,Domingo Federico,Ricardo Francia (cello),"Piano, Bass, Bandoneon, Cello"
Domingo Federico,Orquesta Domingo Federico,1971,Réquiem Para un Caudillo,,Tango,Omar Carranza,Rosafón,Tape,17395,,Domingo S. Federico; Miguel Angel Jubany,Miguel Jubany,,58-71 / Small Groups,Abel Pizzicatti,Ernesto Deniel,Domingo Federico,Ricardo Francia (cello),"Piano, Bass, Bandoneon, Cello"
Domingo Federico,Orquesta Domingo Federico,1/3/1942,Selección de tangos de Gardel 1,,Tango,Carlos Vidal y Oscar Larroca,RCA Víctor,78rpm,60-0856,80960,,,,,,,,,
Domingo Federico,Orquesta Domingo Federico,1/3/1942,Selección de tangos de Gardel 2,,,Carlos Vidal y Oscar Larroca,RCA Víctor,78rpm,60-0856,80961,,,,,,,,,
Domingo Federico,Orquesta Domingo Federico,4/10/1944,La Culpa la Tuve Yo,,Tango,Ignacio Diáz,Víctor,45rpm,60-0405-B,79619,Andrés Domenech,Adolfo Rafael Avilés,,43-48 / Vidal Larroca,Mario Garcés,Francisco Federico,"Domingo Federico, Eduardo Cortti, Priori, Thompson","Enrique Cantore, Pedro Pandolfi, Tallaferro, Ternaski","Piano, Bass, 4 Bandoneons, 4 Violins"
Domingo Federico,Orquesta Domingo Federico,4/10/1944,Saludos,,Tango,instrumental,Víctor,45rpm,60-0405-A,79618,Domingo Federico; Francisco Federico,,,43-48 / Vidal Larroca,Mario Garcés,Francisco Federico,"Domingo Federico, Eduardo Cortti, Priori, Thompson","Enrique Cantore, Pedro Pandolfi, Tallaferro, Ternaski","Piano, Bass, 4 Bandoneons, 4 Violins"
Domingo Federico,Orquesta Domingo Federico,9/12/1944,Y Así Nacío Este Tango,Y Así Nació Este Tango,Tango,Carlos Vidal,Víctor,45rpm,60-0544,79846,Isaac N. Garcés,J. Isusi,,43-48 / Vidal Larroca,Mario Garcés,Francisco Federico,"Domingo Federico, Eduardo Cortti, Priori, Thompson","Enrique Cantore, Pedro Pandolfi, Tallaferro, Ternaski","Piano, Bass, 4 Bandoneons, 4 Violins"
Domingo Federico,Orquesta Domingo Federico,9/12/1944,Yuyo Verde,Callejón,Tango,Carlos Vidal,Víctor,45rpm,60-0544,79845,Domingo S. Federico,Homero A. Expósito,,43-48 / Vidal Larroca,Mario Garcés,Francisco Federico,"Domingo Federico, Eduardo Cortti, Priori, Thompson","Enrique Cantore, Pedro Pandolfi, Tallaferro, Ternaski","Piano, Bass, 4 Bandoneons, 4 Violins"
Domingo Federico,Orquesta Domingo Federico,12/27/1944,Ella Me Dio Esta Pena,,Tango,Carlos Vidal,Víctor,45rpm,60-0610,80508,M. Manuel Ferradás Campos; Enrique Cantore,Manuel Campos,,43-48 / Vidal Larroca,Mario Garcés,Francisco Federico,"Domingo Federico, Eduardo Cortti, Priori, Thompson","Enrique Cantore, Pedro Pandolfi, Tallaferro, Ternaski","Piano, Bass, 4 Bandoneons, 4 Violins"
Domingo Federico,Orquesta Domingo Federico,12/27/1944,Tu Melodía,,Tango,Carlos Vidal,Víctor,45rpm,60-0610,80509,Alberto Suárez Villanueva,Oscar Rubens,,43-48 / Vidal Larroca,Mario Garcés,Francisco Federico,"Domingo Federico, Eduardo Cortti, Priori, Thompson","Enrique Cantore, Pedro Pandolfi, Tallaferro, Ternaski","Piano, Bass, 4 Bandoneons, 4 Violins"
Domingo Federico,Orquesta Domingo Federico,2/22/1945,A Martín Fierro,,Tango,instrumental,Víctor,45rpm,60-0645,80555,Domingo S. Federico; Francisco Federico,,,43-48 / Vidal Larroca,Mario Garcés,Francisco Federico,"Domingo Federico, Eduardo Cortti, Priori, Thompson","Enrique Cantore, Pedro Pandolfi, Tallaferro, Ternaski","Piano, Bass, 4 Bandoneons, 4 Violins"
Domingo Federico,Orquesta Domingo Federico,2/22/1945,Senda Florida,,Tango,Carlos Vidal,Víctor,45rpm,60-0645,80556,Rafael Rossi,Eugenio Cárdenas,,43-48 / Vidal Larroca,Mario Garcés,Francisco Federico,"Domingo Federico, Eduardo Cortti, Priori, Thompson","Enrique Cantore, Pedro Pandolfi, Tallaferro, Ternaski","Piano, Bass, 4 Bandoneons, 4 Violins"
Domingo Federico,Orquesta Domingo Federico,4/20/1945,Déjame Volver Para Mi Pueblo,,Tango,Carlos Vidal,Víctor,45rpm,60-0670,80612,Domingo Federico; Francisco Federico,Homero Expósito,,43-48 / Vidal Larroca,Mario Garcés,Francisco Federico,"Domingo Federico, Eduardo Cortti, Priori, Thompson","Enrique Cantore, Pedro Pandolfi, Tallaferro, Ternaski","Piano, Bass, 4 Bandoneons, 4 Violins"
Domingo Federico,Orquesta Domingo Federico,4/20/1945,Yo,,Tango,Carlos Vidal,Víctor,45rpm,60-0670,80613,Juan José Guichandut,Juan José Guichandut,,43-48 / Vidal Larroca,Mario Garcés,Francisco Federico,"Domingo Federico, Eduardo Cortti, Priori, Thompson","Enrique Cantore, Pedro Pandolfi, Tallaferro, Ternaski","Piano, Bass, 4 Bandoneons, 4 Violins"
Domingo Federico,Orquesta Domingo Federico,5/15/1945,El Huérfano,,Tango,Carlos Vidal,Víctor,45rpm,60-0687-B,80646,Anselmo Aieta,Francisco García Jiménez,,43-48 / Vidal Larroca,Mario Garcés,Francisco Federico,"Domingo Federico, Eduardo Cortti, Priori, Thompson","Enrique Cantore, Pedro Pandolfi, Tallaferro, Ternaski","Piano, Bass, 4 Bandoneons, 4 Violins"
Domingo Federico,Orquesta Domingo Federico,5/15/1945,Quiéreme Como Soy,,Tango,Carlos Vidal,Víctor,45rpm,60-0687-A,80645,Carlos Bahr; Elías Randal,Carlos Bahr,,43-48 / Vidal Larroca,Mario Garcés,Francisco Federico,"Domingo Federico, Eduardo Cortti, Priori, Thompson","Enrique Cantore, Pedro Pandolfi, Tallaferro, Ternaski","Piano, Bass, 4 Bandoneons, 4 Violins"
Domingo Federico,Orquesta Domingo Federico,6/19/1945,Futuro,,Tango,instrumental,Víctor,45rpm,60-0714-A,80693,Domingo S. Federico,,,43-48 / Vidal Larroca,Mario Garcés,Francisco Federico,"Domingo Federico, Eduardo Cortti, Priori, Thompson","Enrique Cantore, Pedro Pandolfi, Tallaferro, Ternaski","Piano, Bass, 4 Bandoneons, 4 Violins"
Domingo Federico,Orquesta Domingo Federico,6/19/1945,Un Pasaje de Mi Vida,,Tango,Carlos Vidal y Oscar Larroca,Víctor,45rpm,60-0714-B,80694,Luis Rubinstein,Luis Rubistein,,43-48 / Vidal Larroca,Mario Garcés,Francisco Federico,"Domingo Federico, Eduardo Cortti, Priori, Thompson","Enrique Cantore, Pedro Pandolfi, Tallaferro, Ternaski","Piano, Bass, 4 Bandoneons, 4 Violins"
Domingo Federico,Orquesta Domingo Federico,7/19/1945,Para Qué Te Quiero Tanto,,Tango,Carlos Vidal,Víctor,45rpm,60-0735,80730,Juan Larenza,Cátulo Castillo,,43-48 / Vidal Larroca,Mario Garcés,Francisco Federico,"Domingo Federico, Eduardo Cortti, Priori, Thompson","Enrique Cantore, Pedro Pandolfi, Tallaferro, Ternaski","Piano, Bass, 4 Bandoneons, 4 Violins"
Domingo Federico,Orquesta Domingo Federico,7/19/1945,Zapatos,,Milonga,Carlos Vidal y Oscar Larroca,Víctor,45rpm,60-0735,80731,Horacio Sanguinetti; Juan J. Guichandut,Horacio Sanguinetti,,43-48 / Vidal Larroca,Mario Garcés,Francisco Federico,"Domingo Federico, Eduardo Cortti, Priori, Thompson","Enrique Cantore, Pedro Pandolfi, Tallaferro, Ternaski","Piano, Bass, 4 Bandoneons, 4 Violins"
Domingo Federico,Orquesta Domingo Federico,9/6/1945,Donde Todos Olvidan,,Tango,Carlos Vidal,Víctor,45rpm,60-0776,80803,Isaac M. Garcés; J. Isusi,Isus,,43-48 / Vidal Larroca,Mario Garcés,Francisco Federico,"Domingo Federico, Eduardo Cortti, Priori, Thompson","Enrique Cantore, Pedro Pandolfi, Tallaferro, Ternaski","Piano, Bass, 4 Bandoneons, 4 Violins"
Domingo Federico,Orquesta Domingo Federico,9/6/1945,Tango del Querer,,Tango,Carlos Vidal y Oscar Larroca,Víctor,45rpm,60-0776,80804,Ricardo E. Lleras,Andres R. Domenech,,43-48 / Vidal Larroca,Mario Garcés,Francisco Federico,"Domingo Federico, Eduardo Cortti, Priori, Thompson","Enrique Cantore, Pedro Pandolfi, Tallaferro, Ternaski","Piano, Bass, 4 Bandoneons, 4 Violins"
Domingo Federico,Orquesta Domingo Federico,10/22/1945,Honda Tristeza,,Tango,instrumental,Víctor,45rpm,60-0798,80851,V. Planells del Campo; Roberto Firpo,Vicente Del Campo,,43-48 / Vidal Larroca,Mario Garcés,Francisco Federico,"Domingo Federico, Eduardo Cortti, Priori, Thompson","Enrique Cantore, Pedro Pandolfi, Tallaferro, Ternaski","Piano, Bass, 4 Bandoneons, 4 Violins"
Domingo Federico,Orquesta Domingo Federico,10/22/1945,Voz de Barrio,,Tango,Oscar Larroca,Víctor,45rpm,60-0798,80852,Enrique Gaudino; Víctor Braña,Enrique Gaudino,,43-48 / Vidal Larroca,Mario Garcés,Francisco Federico,"Domingo Federico, Eduardo Cortti, Priori, Thompson","Enrique Cantore, Pedro Pandolfi, Tallaferro, Ternaski","Piano, Bass, 4 Bandoneons, 4 Violins"
Domingo Federico,Orquesta Domingo Federico,11/26/1945,Canción Desesperada,,Tango,Carlos Vidal,Víctor,45rpm,60-0829,80909,Enrique Santos Discépolo,Enrique Santos Discépolo,,43-48 / Vidal Larroca,Mario Garcés,Francisco Federico,"Domingo Federico, Eduardo Cortti, Priori, Thompson","Enrique Cantore, Pedro Pandolfi, Tallaferro, Ternaski","Piano, Bass, 4 Bandoneons, 4 Violins"
Domingo Federico,Orquesta Domingo Federico,11/26/1945,María,,Tango,Oscar Larroca,Víctor,45rpm,60-0829,80910,Aníbal Troilo,Cátulo Castillo,,43-48 / Vidal Larroca,Mario Garcés,Francisco Federico,"Domingo Federico, Eduardo Cortti, Priori, Thompson","Enrique Cantore, Pedro Pandolfi, Tallaferro, Ternaski","Piano, Bass, 4 Bandoneons, 4 Violins"
Domingo Federico,Orquesta Domingo Federico,4/24/1946,El Mayoral,,Milonga,Oscar Larroca,Víctor,45rpm,60-0927-B,82086,José Vázquez Vigo; José Gómez,Joaquín Bas,,43-48 / Vidal Larroca,Mario Garcés,Francisco Federico,"Domingo Federico, Eduardo Cortti, Priori, Thompson","Enrique Cantore, Pedro Pandolfi, Tallaferro, Ternaski","Piano, Bass, 4 Bandoneons, 4 Violins"
Domingo Federico,Orquesta Domingo Federico,4/24/1946,Música en Tu Corazón,,Tango,Carlos Vidal,Víctor,45rpm,60-0927-A,82085,Gabriel Clausi; Alberto Leiva,Alberto Leiva,,43-48 / Vidal Larroca,Mario Garcés,Francisco Federico,"Domingo Federico, Eduardo Cortti, Priori, Thompson","Enrique Cantore, Pedro Pandolfi, Tallaferro, Ternaski","Piano, Bass, 4 Bandoneons, 4 Violins"
Domingo Federico,Orquesta Domingo Federico,5/23/1946,La Noche y Marfil,,Tango,Carlos Vidal,Víctor,45rpm,60-0953,82143,Domingo S. Federico,Domingo Federico,,43-48 / Vidal Larroca,Mario Garcés,Francisco Federico,"Domingo Federico, Eduardo Cortti, Priori, Thompson","Enrique Cantore, Pedro Pandolfi, Tallaferro, Ternaski","Piano, Bass, 4 Bandoneons, 4 Violins"
Domingo Federico,Orquesta Domingo Federico,5/23/1946,Un Tal Medina,,Tango,Oscar Larroca,Víctor,45rpm,60-0953,82142,Roberto Garza; Carlos Bahr,Carlos Bahr,,43-48 / Vidal Larroca,Mario Garcés,Francisco Federico,"Domingo Federico, Eduardo Cortti, Priori, Thompson","Enrique Cantore, Pedro Pandolfi, Tallaferro, Ternaski","Piano, Bass, 4 Bandoneons, 4 Violins"
Domingo Federico,Orquesta Domingo Federico,7/22/1946,En Carne Propia,,Tango,Carlos Vidal,Víctor,45rpm,60-1000,82239,Manuel Bernardo Sucher,Carlos Bahr,,43-48 / Vidal Larroca,Mario Garcés,Francisco Federico,"Domingo Federico, Eduardo Cortti, Priori, Thompson","Enrique Cantore, Pedro Pandolfi, Tallaferro, Ternaski","Piano, Bass, 4 Bandoneons, 4 Violins"
Domingo Federico,Orquesta Domingo Federico,7/22/1946,Esa Noche,,Vals,Carlos Vidal y Oscar Larroca,Víctor,45rpm,60-1000,82240,Tito Ribero,Carlos Waiss,,43-48 / Vidal Larroca,Mario Garcés,Francisco Federico,"Domingo Federico, Eduardo Cortti, Priori, Thompson","Enrique Cantore, Pedro Pandolfi, Tallaferro, Ternaski","Piano, Bass, 4 Bandoneons, 4 Violins"
Domingo Federico,Orquesta Domingo Federico,8/21/1946,El Inca,,Tango,instrumental,Víctor,45rpm,60-1024,82292,Domingo S. Federico; Francisco Federico,,,43-48 / Vidal Larroca,Mario Garcés,Francisco Federico,"Domingo Federico, Eduardo Cortti, Priori, Thompson","Enrique Cantore, Pedro Pandolfi, Tallaferro, Ternaski","Piano, Bass, 4 Bandoneons, 4 Violins"
Domingo Federico,Orquesta Domingo Federico,8/21/1946,Remolino,,Tango,Oscar Larroca,Víctor,45rpm,60-1024,82293,Alfredo De Angelis,José Rótulo,,43-48 / Vidal Larroca,Mario Garcés,Francisco Federico,"Domingo Federico, Eduardo Cortti, Priori, Thompson","Enrique Cantore, Pedro Pandolfi, Tallaferro, Ternaski","Piano, Bass, 4 Bandoneons, 4 Violins"
Domingo Federico,Orquesta Domingo Federico,11/14/1946,Palabra,,Vals,Carlos Vidal,Víctor,45rpm,60-1120,82474,Juan J. Guichandut; Horacio Sanguinetti,Horacio Sanguinetti,,43-48 / Vidal Larroca,Mario Garcés,Francisco Federico,"Domingo Federico, Eduardo Cortti, Priori, Thompson","Enrique Cantore, Pedro Pandolfi, Tallaferro, Ternaski","Piano, Bass, 4 Bandoneons, 4 Violins"
Domingo Federico,Orquesta Domingo Federico,11/14/1946,Tropical,,Tango,instrumental,Víctor,45rpm,60-1120,82475,Domingo S. Federico,,,43-48 / Vidal Larroca,Mario Garcés,Francisco Federico,"Domingo Federico, Eduardo Cortti, Priori, Thompson","Enrique Cantore, Pedro Pandolfi, Tallaferro, Ternaski","Piano, Bass, 4 Bandoneons, 4 Violins"
Domingo Federico,Orquesta Domingo Federico,12/3/1946,Con Alma De Tango,,Tango,Oscar Larroca,Víctor,45rpm,60-1147,82516,Juan D'Arienzo,Carlos Waiss,,43-48 / Vidal Larroca,Mario Garcés,Francisco Federico,"Domingo Federico, Eduardo Cortti, Priori, Thompson","Enrique Cantore, Pedro Pandolfi, Tallaferro, Ternaski","Piano, Bass, 4 Bandoneons, 4 Violins"
Domingo Federico,Orquesta Domingo Federico,12/3/1946,Te Espero en Rodríguez Peña,,Tango,Oscar Larroca,Víctor,45rpm,60-1147,82517,Héctor Varela,Carlos Waiss,,43-48 / Vidal Larroca,Mario Garcés,Francisco Federico,"Domingo Federico, Eduardo Cortti, Priori, Thompson","Enrique Cantore, Pedro Pandolfi, Tallaferro, Ternaski","Piano, Bass, 4 Bandoneons, 4 Violins"
Domingo Federico,Orquesta Domingo Federico,1/31/1947,Mar,,Tango,Carlos Vidal,Víctor,45rpm,60-1224,83260,Alberto Suárez Villanueva; Oscar Rubens,Oscar Rubens,,43-48 / Vidal Larroca,Mario Garcés,Francisco Federico,"Domingo Federico, Eduardo Cortti, Priori, Thompson","Enrique Cantore, Pedro Pandolfi, Tallaferro, Ternaski","Piano, Bass, 4 Bandoneons, 4 Violins"
Domingo Federico,Orquesta Domingo Federico,1/31/1947,Quisiera Pedirle a Dios,,Milonga,Carlos Vidal,Víctor,45rpm,60-1224,83259,Francisco Tróppoli; Carlos Bahr,Carlos Bahr,,43-48 / Vidal Larroca,Mario Garcés,Francisco Federico,"Domingo Federico, Eduardo Cortti, Priori, Thompson","Enrique Cantore, Pedro Pandolfi, Tallaferro, Ternaski","Piano, Bass, 4 Bandoneons, 4 Violins"
Domingo Federico,Orquesta Domingo Federico,4/18/1947,La Mazorquera de Montserrat,,Tango,Carlos Vidal,Víctor,45rpm,60-1280,83364,Enrique Maciel,Héctor Pedro Blomberg,,43-48 / Vidal Larroca,Mario Garcés,Francisco Federico,"Domingo Federico, Eduardo Cortti, Priori, Thompson","Enrique Cantore, Pedro Pandolfi, Tallaferro, Ternaski","Piano, Bass, 4 Bandoneons, 4 Violins"
Domingo Federico,Orquesta Domingo Federico,4/18/1947,Memorias,,Tango,instrumental,Víctor,45rpm,60-1280,83365,José Luis Padula,,,43-48 / Vidal Larroca,Mario Garcés,Francisco Federico,"Domingo Federico, Eduardo Cortti, Priori, Thompson","Enrique Cantore, Pedro Pandolfi, Tallaferro, Ternaski","Piano, Bass, 4 Bandoneons, 4 Violins"
Domingo Federico,Orquesta Domingo Federico,5/30/1947,Bajo Tierra,,Tango,Carlos Vidal y Oscar Larroca,Víctor,45rpm,60-1345,83467,Anselmo Aieta,Francisco García Jiménez,,43-48 / Vidal Larroca,Mario Garcés,Francisco Federico,"Domingo Federico, Eduardo Cortti, Priori, Thompson","Enrique Cantore, Pedro Pandolfi, Tallaferro, Ternaski","Piano, Bass, 4 Bandoneons, 4 Violins"
Domingo Federico,Orquesta Domingo Federico,5/30/1947,Mi Dolor,,Tango,Oscar Larroca,Víctor,45rpm,60-1345,83466,Carlos Marcucci,Manuel Andrés Meaños,,43-48 / Vidal Larroca,Mario Garcés,Francisco Federico,"Domingo Federico, Eduardo Cortti, Priori, Thompson","Enrique Cantore, Pedro Pandolfi, Tallaferro, Ternaski","Piano, Bass, 4 Bandoneons, 4 Violins"
Domingo Federico,Orquesta Domingo Federico,6/4/1947,Flores Del Alma,,Vals,Carlos Vidal y Oscar Larroca,Víctor,45rpm,60-1347,83470,Juan Larenza,Lito Bayardo; Alfredo Lucero Palacios,,43-48 / Vidal Larroca,Mario Garcés,Francisco Federico,"Domingo Federico, Eduardo Cortti, Priori, Thompson","Enrique Cantore, Pedro Pandolfi, Tallaferro, Ternaski","Piano, Bass, 4 Bandoneons, 4 Violins"
Domingo Federico,Orquesta Domingo Federico,6/4/1947,Yo También Reí,,Tango,Carlos Vidal,Víctor,45rpm,60-1347,83471,Carlos Cubria; Héctor Gentile,José Rótulo,,43-48 / Vidal Larroca,Mario Garcés,Francisco Federico,"Domingo Federico, Eduardo Cortti, Priori, Thompson","Enrique Cantore, Pedro Pandolfi, Tallaferro, Ternaski","Piano, Bass, 4 Bandoneons, 4 Violins"
Domingo Federico,Orquesta Domingo Federico,7/1/1947,Mi Moro,,Tango,Carlos Vidal,Víctor,45rpm,60-1365,83515,Carlos Gardel; José Razzano,Cátulo Castillo,,43-48 / Vidal Larroca,Mario Garcés,Francisco Federico,"Domingo Federico, Eduardo Cortti, Priori, Thompson","Enrique Cantore, Pedro Pandolfi, Tallaferro, Ternaski","Piano, Bass, 4 Bandoneons, 4 Violins"
Domingo Federico,Orquesta Domingo Federico,7/1/1947,Se Lo Conté al Bandoneón,,Tango,Oscar Larroca,Víctor,45rpm,60-1365,83514,Carlos Bahr; Francisco Tróppoli,Carlos Bahr,,43-48 / Vidal Larroca,Mario Garcés,Francisco Federico,"Domingo Federico, Eduardo Cortti, Priori, Thompson","Enrique Cantore, Pedro Pandolfi, Tallaferro, Ternaski","Piano, Bass, 4 Bandoneons, 4 Violins"
Domingo Federico,Orquesta Domingo Federico,10/22/1947,Mamá Llévame Pa'l Pueblo,Mama Iévame P'al Pueblo,Tango,Carlos Vidal,Víctor,45rpm,60-1472,83711,Agustín Magaldi; Arturo Lorruso; P. Noda,Arturo Lorusso,,43-48 / Vidal Larroca,Mario Garcés,Francisco Federico,"Domingo Federico, Eduardo Cortti, Priori, Thompson","Enrique Cantore, Pedro Pandolfi, Tallaferro, Ternaski","Piano, Bass, 4 Bandoneons, 4 Violins"
Domingo Federico,Orquesta Domingo Federico,10/22/1947,Me Gusta un Tango Así,,Tango,Oscar Larroca,Víctor,45rpm,60-1472,83710,Víctor Braña,Enrique Gaudino,,43-48 / Vidal Larroca,Mario Garcés,Francisco Federico,"Domingo Federico, Eduardo Cortti, Priori, Thompson","Enrique Cantore, Pedro Pandolfi, Tallaferro, Ternaski","Piano, Bass, 4 Bandoneons, 4 Violins"
Domingo Federico,Orquesta Domingo Federico,11/14/1947,Al Compás Del Corazón,Late un Corazón,Tango,Carlos Vidal,Víctor,45rpm,60-1492-B,83755,Domingo S. Federico,Homero Expósito,,43-48 / Vidal Larroca,Mario Garcés,Francisco Federico,"Domingo Federico, Eduardo Cortti, Priori, Thompson","Enrique Cantore, Pedro Pandolfi, Tallaferro, Ternaski","Piano, Bass, 4 Bandoneons, 4 Violins"
Domingo Federico,Orquesta Domingo Federico,11/14/1947,El Adiós de Gabino Ezeiza,,Milonga,Oscar Larroca,Víctor,45rpm,60-1492-A,83754,Enrique Maciel,Héctor Pedro Blomberg,,43-48 / Vidal Larroca,Mario Garcés,Francisco Federico,"Domingo Federico, Eduardo Cortti, Priori, Thompson","Enrique Cantore, Pedro Pandolfi, Tallaferro, Ternaski","Piano, Bass, 4 Bandoneons, 4 Violins"
Domingo Federico,Orquesta Domingo Federico,3/5/1948,Cosas del Amor,,Tango,Carlos Vidal y Oscar Larroca,Víctor,45rpm,60-1559,83850,Domingo Federico; Carlos Bahr,Carlos Bahr,,43-48 / Vidal Larroca,Mario Garcés,Francisco Federico,"Domingo Federico, Eduardo Cortti, Priori, Thompson","Enrique Cantore, Pedro Pandolfi, Tallaferro, Ternaski","Piano, Bass, 4 Bandoneons, 4 Violins"
Domingo Federico,Orquesta Domingo Federico,3/5/1948,Escarcha,,Tango,Carlos Vidal y Oscar Larroca,Víctor,45rpm,60-1559,83851,Teófilo Lespes; Yaraví,Yaraví,,43-48 / Vidal Larroca,Mario Garcés,Francisco Federico,"Domingo Federico, Eduardo Cortti, Priori, Thompson","Enrique Cantore, Pedro Pandolfi, Tallaferro, Ternaski","Piano, Bass, 4 Bandoneons, 4 Violins"
Domingo Federico,Orquesta Domingo Federico,9/30/1948,Colorado el 32,,Tango,instrumental,Víctor,45rpm,60-1696,91087,Víctor Braña; Mario Brugni,Víctor Braña,,43-48 / Vidal Larroca,Mario Garcés,Francisco Federico,"Domingo Federico, Eduardo Cortti, Priori, Thompson","Enrique Cantore, Pedro Pandolfi, Tallaferro, Ternaski","Piano, Bass, 4 Bandoneons, 4 Violins"
Domingo Federico,Orquesta Domingo Federico,9/30/1948,Para Usted Amigo,,Tango,Oscar Larroca,Víctor,45rpm,60-1695,91085,Domingo S. Federico; Francisco Federico,"Francisco Federico, Domingo Federico",,43-48 / Vidal Larroca,Mario Garcés,Francisco Federico,"Domingo Federico, Eduardo Cortti, Priori, Thompson","Enrique Cantore, Pedro Pandolfi, Tallaferro, Ternaski","Piano, Bass, 4 Bandoneons, 4 Violins"
Domingo Federico,Orquesta Domingo Federico,9/30/1948,Recuerdo,,Tango,instrumental,Víctor,45rpm,60-1696,91084,Osvaldo Pugliese,Eduardo Moreno,,43-48 / Vidal Larroca,Mario Garcés,Francisco Federico,"Domingo Federico, Eduardo Cortti, Priori, Thompson","Enrique Cantore, Pedro Pandolfi, Tallaferro, Ternaski","Piano, Bass, 4 Bandoneons, 4 Violins"
Domingo Federico,Orquesta Domingo Federico,9/30/1948,Recuérdame,,Tango,Carlos Vidal,Víctor,45rpm,60-1695,91086,Carlos Marchisio; Suembaldo Bontempi,Mario Bontempi,,43-48 / Vidal Larroca,Mario Garcés,Francisco Federico,"Domingo Federico, Eduardo Cortti, Priori, Thompson","Enrique Cantore, Pedro Pandolfi, Tallaferro, Ternaski","Piano, Bass, 4 Bandoneons, 4 Violins"
Domingo Federico,Orquesta Domingo Federico,4/15/1949,Candombe,,Candombe,Armando Moreno,RCA Víctor,78rpm,63-0302,S 00943,Francisco Canaro,,,49-56 / Other singers,Mario Garcés,Francisco Federico,"Domingo Federico, Eduardo Cortti, Priori, Thompson","Enrique Cantore, Pedro Pandolfi, Tallaferro, Ternaski","Piano, Bass, 4 Bandoneons, 4 Violins"
Domingo Federico,Orquesta Domingo Federico,10/14/1949,Con el Mayor Gusto,,Tango,instrumental,Víctor,45rpm,60-1856-A,91432,Domingo S. Federico; Francisco Federico,Santiago Adamini,,49-56 / Other singers,Mario Garcés,Francisco Federico,"Domingo Federico, Eduardo Cortti, Priori, Thompson","Enrique Cantore, Pedro Pandolfi, Tallaferro, Ternaski","Piano, Bass, 4 Bandoneons, 4 Violins"
Domingo Federico,Orquesta Domingo Federico,10/14/1949,Justo el 31,,Tango,Mario Bustos,Víctor,45rpm,60-1856-B,91433,Enrique Santos Discépolo,Enrique Santos Discépolo; Ray Rada,,49-56 / Other singers,Mario Garcés,Francisco Federico,"Domingo Federico, Eduardo Cortti, Priori, Thompson","Enrique Cantore, Pedro Pandolfi, Tallaferro, Ternaski","Piano, Bass, 4 Bandoneons, 4 Violins"
Domingo Federico,Orquesta Domingo Federico,11/16/1949,China de la Mazorca,La China de la Mazorca,Milonga,Enzo Valentino,Víctor,45rpm,63-0151-B,91460,Héctor Pedro Blomberg; Enrique Maciel,Héctor Blomberg,,49-56 / Other singers,Mario Garcés,Francisco Federico,"Domingo Federico, Eduardo Cortti, Priori, Thompson","Enrique Cantore, Pedro Pandolfi, Tallaferro, Ternaski","Piano, Bass, 4 Bandoneons, 4 Violins"
Domingo Federico,Orquesta Domingo Federico,11/16/1949,Qué Camine Sola,Maldición,Tango,Hugo Roca,Víctor,45rpm,63-0151-A,91461,Cristóbal Ramos,Francisco del Val,,49-56 / Other singers,Mario Garcés,Francisco Federico,"Domingo Federico, Eduardo Cortti, Priori, Thompson","Enrique Cantore, Pedro Pandolfi, Tallaferro, Ternaski","Piano, Bass, 4 Bandoneons, 4 Violins"
Domingo Federico,Orquesta Domingo Federico,11/25/1949,La Milonga de Mi Amor,,Milonga,Hugo Roca,Víctor,45rpm,60-1878,91476,Héctor Canziani; Rodolfo Sciammarella,Héctor Canziani,,49-56 / Other singers,Mario Garcés,Francisco Federico,"Domingo Federico, Eduardo Cortti, Priori, Thompson","Enrique Cantore, Pedro Pandolfi, Tallaferro, Ternaski","Piano, Bass, 4 Bandoneons, 4 Violins"
Domingo Federico,Orquesta Domingo Federico,11/25/1949,Puente Alsina,,Tango,Mario Bustos,Víctor,45rpm,60-1878,91477,Benjamin Tagle Lara,Benjamin Tagle Lara,,49-56 / Other singers,Mario Garcés,Francisco Federico,"Domingo Federico, Eduardo Cortti, Priori, Thompson","Enrique Cantore, Pedro Pandolfi, Tallaferro, Ternaski","Piano, Bass, 4 Bandoneons, 4 Violins"
Domingo Federico,Orquesta Domingo Federico,3/20/1950,Recuerdos de una Madre,,Vals,Enzo Valentino,Víctor,45rpm,60-1927-B,91596,Enzo Valentino; Juan P. López,Juan López,,49-56 / Other singers,Mario Garcés,Francisco Federico,"Domingo Federico, Eduardo Cortti, Priori, Thompson","Enrique Cantore, Pedro Pandolfi, Tallaferro, Ternaski","Piano, Bass, 4 Bandoneons, 4 Violins"
Domingo Federico,Orquesta Domingo Federico,3/20/1950,Tango Argentino,,Tango,Mario Bustos,Víctor,45rpm,60-1927-A,91595,Juan Maglio,Alfredo Bigeschi,,49-56 / Other singers,Mario Garcés,Francisco Federico,"Domingo Federico, Eduardo Cortti, Priori, Thompson","Enrique Cantore, Pedro Pandolfi, Tallaferro, Ternaski","Piano, Bass, 4 Bandoneons, 4 Violins"
Domingo Federico,Orquesta Domingo Federico,3/23/1950,Canto,,Tango,Hugo Roca,Víctor,45rpm,60-1929,91599,Mario Z. Battistella,Mario Battistella,,49-56 / Other singers,Mario Garcés,Francisco Federico,"Domingo Federico, Eduardo Cortti, Priori, Thompson","Enrique Cantore, Pedro Pandolfi, Tallaferro, Ternaski","Piano, Bass, 4 Bandoneons, 4 Violins"
Domingo Federico,Orquesta Domingo Federico,3/23/1950,Tiburón,,Tango,Mario Bustos,Víctor,45rpm,60-1929,91600,Julio Pollero,Enrique Dizeo,,49-56 / Other singers,Mario Garcés,Francisco Federico,"Domingo Federico, Eduardo Cortti, Priori, Thompson","Enrique Cantore, Pedro Pandolfi, Tallaferro, Ternaski","Piano, Bass, 4 Bandoneons, 4 Violins"
Domingo Federico,Orquesta Domingo Federico,5/29/1950,El Amanecer,,Tango,instrumental,Víctor,45rpm,60-1968,93731,Roberto Firpo,,,49-56 / Other singers,Mario Garcés,Francisco Federico,"Domingo Federico, Eduardo Cortti, Priori, Thompson","Enrique Cantore, Pedro Pandolfi, Tallaferro, Ternaski","Piano, Bass, 4 Bandoneons, 4 Violins"
Domingo Federico,Orquesta Domingo Federico,5/29/1950,El Termómetro,,Tango,instrumental,Víctor,45rpm,60-1968,93730,José Martínez,,,49-56 / Other singers,Mario Garcés,Francisco Federico,"Domingo Federico, Eduardo Cortti, Priori, Thompson","Enrique Cantore, Pedro Pandolfi, Tallaferro, Ternaski","Piano, Bass, 4 Bandoneons, 4 Violins"
Domingo Federico,Orquesta Domingo Federico,8/25/1950,Barrio Viejo,Barrio Viejo del Ochenta,Milonga,Enzo Valentino,Víctor,45rpm,60-2023,93837,Enrique Maciel,Héctor Pedro Blomberg,,49-56 / Other singers,Mario Garcés,Francisco Federico,"Domingo Federico, Eduardo Cortti, Priori, Thompson","Enrique Cantore, Pedro Pandolfi, Tallaferro, Ternaski","Piano, Bass, 4 Bandoneons, 4 Violins"
Domingo Federico,Orquesta Domingo Federico,8/25/1950,El Simpático,Tango de la Guardia Vieja,Tango,instrumental,Víctor,45rpm,60-2023,93836,Juan Santini,,,49-56 / Other singers,Mario Garcés,Francisco Federico,"Domingo Federico, Eduardo Cortti, Priori, Thompson","Enrique Cantore, Pedro Pandolfi, Tallaferro, Ternaski","Piano, Bass, 4 Bandoneons, 4 Violins"
Domingo Federico,Orquesta Domingo Federico,4/10/1951,Cualquier Cosa,,Tango,Enzo Valentino,Víctor,,63-0091-B,94092,Herminia Velich,Juan Miguel Velich,,49-56 / Other singers,Mario Garcés,Francisco Federico,"Domingo Federico, Eduardo Cortti, Priori, Thompson","Enrique Cantore, Pedro Pandolfi, Tallaferro, Ternaski","Piano, Bass, 4 Bandoneons, 4 Violins"
Domingo Federico,Orquesta Domingo Federico,4/10/1951,Estampa de Matón,,Tango,Carlos Valdez,Víctor,,63-0091-A,94093,Domingo S. Federico,Domingo Federico,,49-56 / Other singers,Mario Garcés,Francisco Federico,"Domingo Federico, Eduardo Cortti, Priori, Thompson","Enrique Cantore, Pedro Pandolfi, Tallaferro, Ternaski","Piano, Bass, 4 Bandoneons, 4 Violins"
Domingo Federico,Orquesta Domingo Federico,7/3/1951,Dibujos,,Tango,instrumental,Víctor,,63-0115,94276,José Ranieri,,,49-56 / Other singers,Mario Garcés,Francisco Federico,"Domingo Federico, Eduardo Cortti, Priori, Thompson","Enrique Cantore, Pedro Pandolfi, Tallaferro, Ternaski","Piano, Bass, 4 Bandoneons, 4 Violins"
Domingo Federico,Orquesta Domingo Federico,7/3/1951,Pachito,,Tango,instrumental,Víctor,,63-0115,94277,Domingo S. Federico,,,49-56 / Other singers,Mario Garcés,Francisco Federico,"Domingo Federico, Eduardo Cortti, Priori, Thompson","Enrique Cantore, Pedro Pandolfi, Tallaferro, Ternaski","Piano, Bass, 4 Bandoneons, 4 Violins"
Domingo Federico,Orquesta Domingo Federico,8/3/1951,El Marajá,,Tango,instrumental,Víctor,,63-0090,94342,Francisco Federico,,,49-56 / Other singers,Mario Garcés,Francisco Federico,"Domingo Federico, Eduardo Cortti, Priori, Thompson","Enrique Cantore, Pedro Pandolfi, Tallaferro, Ternaski","Piano, Bass, 4 Bandoneons, 4 Violins"
Domingo Federico,Orquesta Domingo Federico,8/3/1951,Qué Hacés Qué Hacés (qué Hacés Qué Hacés (ruego Engañoso)),,Tango,Carlos Valdez,Víctor,,63-0090,94343,Jesús Fernández Blanco; José Di Clemente,Jesús Blanco,,49-56 / Other singers,Mario Garcés,Francisco Federico,"Domingo Federico, Eduardo Cortti, Priori, Thompson","Enrique Cantore, Pedro Pandolfi, Tallaferro, Ternaski","Piano, Bass, 4 Bandoneons, 4 Violins"
Domingo Federico,Orquesta Domingo Federico,5/26/1952,Ronda Sentimental,,Tango,Armando Moreno,Víctor,,63-0170,94927,Domingo S. Federico,Domingo Federico,,49-56 / Other singers,Mario Garcés,Francisco Federico,"Domingo Federico, Eduardo Cortti, Priori, Thompson","Enrique Cantore, Pedro Pandolfi, Tallaferro, Ternaski","Piano, Bass, 4 Bandoneons, 4 Violins"
Domingo Federico,Orquesta Domingo Federico,5/26/1952,Yo Te Adoro,,Tango,Armando Moreno,Víctor,,63-0170,94928,Carlos Gardel; José Razzano,"Carlos Gardel, José Razzano",,49-56 / Other singers,Mario Garcés,Francisco Federico,"Domingo Federico, Eduardo Cortti, Priori, Thompson","Enrique Cantore, Pedro Pandolfi, Tallaferro, Ternaski","Piano, Bass, 4 Bandoneons, 4 Violins"
Domingo Federico,Orquesta Domingo Federico,7/21/1952,Flores Artificiales,,Tango,Armando Moreno,Víctor,,63-0178,S 004,Francisco Federico; Enrique M. Gaudino,Enrique Gaudino,,49-56 / Other singers,Mario Garcés,Francisco Federico,"Domingo Federico, Eduardo Cortti, Priori, Thompson","Enrique Cantore, Pedro Pandolfi, Tallaferro, Ternaski","Piano, Bass, 4 Bandoneons, 4 Violins"
Domingo Federico,Orquesta Domingo Federico,7/21/1952,La Carta que Me Dejaste,,Tango,Armando Moreno,Víctor,,63-0178,S 005,Humberto La Rocca; Celedonio E. Flores,Celedonio Flores,,49-56 / Other singers,Mario Garcés,Francisco Federico,"Domingo Federico, Eduardo Cortti, Priori, Thompson","Enrique Cantore, Pedro Pandolfi, Tallaferro, Ternaski","Piano, Bass, 4 Bandoneons, 4 Violins"
Domingo Federico,Orquesta Domingo Federico,8/25/1952,El Látigo,,Tango,instrumental,Víctor,,63-0195,S 0074,Juan Keleshian,,,49-56 / Other singers,Mario Garcés,Francisco Federico,"Domingo Federico, Eduardo Cortti, Priori, Thompson","Enrique Cantore, Pedro Pandolfi, Tallaferro, Ternaski","Piano, Bass, 4 Bandoneons, 4 Violins"
Domingo Federico,Orquesta Domingo Federico,8/25/1952,Percal,,Tango,Armando Moreno,Víctor,,63-0195,S 0074,Domingo Federico,Homero Expósito,,49-56 / Other singers,Mario Garcés,Francisco Federico,"Domingo Federico, Eduardo Cortti, Priori, Thompson","Enrique Cantore, Pedro Pandolfi, Tallaferro, Ternaski","Piano, Bass, 4 Bandoneons, 4 Violins"
Domingo Federico,Orquesta Domingo Federico,9/11/1952,Tristezas De La Calle Corrientes,Tristeza de la Calle Corrientes,Tango,Carlos Valdez,Víctor,,63-0195,S 00114,Domingo S. Federico,Homero Expósito,,49-56 / Other singers,Mario Garcés,Francisco Federico,"Domingo Federico, Eduardo Cortti, Priori, Thompson","Enrique Cantore, Pedro Pandolfi, Tallaferro, Ternaski","Piano, Bass, 4 Bandoneons, 4 Violins"
Domingo Federico,Orquesta Domingo Federico,9/11/1952,Valsecito De Antes,,Vals,Armando Moreno,Víctor,,63-0277,S 00115,Antonio Sureda,Homero Manzi,,49-56 / Other singers,Mario Garcés,Francisco Federico,"Domingo Federico, Eduardo Cortti, Priori, Thompson","Enrique Cantore, Pedro Pandolfi, Tallaferro, Ternaski","Piano, Bass, 4 Bandoneons, 4 Violins"
Domingo Federico,Orquesta Domingo Federico,11/24/1952,Leyenda Gaucha,,Tango,instrumental,Víctor,,63-0245,S 00271,Juan Santini,,,49-56 / Other singers,Mario Garcés,Francisco Federico,"Domingo Federico, Eduardo Cortti, Priori, Thompson","Enrique Cantore, Pedro Pandolfi, Tallaferro, Ternaski","Piano, Bass, 4 Bandoneons, 4 Violins"
Domingo Federico,Orquesta Domingo Federico,11/24/1952,Pobre Arlequín,,Tango,Armando Moreno,Víctor,,63-0245,S 00270,Domingo S. Federico; José Rótulo,José Rótulo,,49-56 / Other singers,Mario Garcés,Francisco Federico,"Domingo Federico, Eduardo Cortti, Priori, Thompson","Enrique Cantore, Pedro Pandolfi, Tallaferro, Ternaski","Piano, Bass, 4 Bandoneons, 4 Violins"
Domingo Federico,Orquesta Domingo Federico,4/16/1953,Coco,,Tango,instrumental,Víctor,Tape,63-0302,S 00944,Domingo S. Federico,,,49-56 / Other singers,Mario Garcés,Francisco Federico,"Domingo Federico, Eduardo Cortti, Priori, Thompson","Enrique Cantore, Pedro Pandolfi, Tallaferro, Ternaski","Piano, Bass, 4 Bandoneons, 4 Violins"
Domingo Federico,Orquesta Domingo Federico,4/29/1953,Para que Bailen,,Tango,instrumental,Víctor,Tape,63-0310,S 00970,Juan Keleshian,,,49-56 / Other singers,Mario Garcés,Francisco Federico,"Domingo Federico, Eduardo Cortti, Priori, Thompson","Enrique Cantore, Pedro Pandolfi, Tallaferro, Ternaski","Piano, Bass, 4 Bandoneons, 4 Violins"
Domingo Federico,Orquesta Domingo Federico,4/29/1953,Por Qué Perdí su Querer,Porque Perdí su Querer,Tango,Armando Moreno,Víctor,Tape,63-0310,S 00969,Francisco Federico; Antonio Cantó,Antonio Cantó,,49-56 / Other singers,Mario Garcés,Francisco Federico,"Domingo Federico, Eduardo Cortti, Priori, Thompson","Enrique Cantore, Pedro Pandolfi, Tallaferro, Ternaski","Piano, Bass, 4 Bandoneons, 4 Violins"
Domingo Federico,Orquesta Domingo Federico,5/27/1953,En la Buena y en la Mala,,Tango,Armando Moreno,Víctor,Tape,63-0329,S 001027,Enrique Rodríguez,Enrique Cadícamo,,49-56 / Other singers,Mario Garcés,Francisco Federico,"Domingo Federico, Eduardo Cortti, Priori, Thompson","Enrique Cantore, Pedro Pandolfi, Tallaferro, Ternaski","Piano, Bass, 4 Bandoneons, 4 Violins"
Domingo Federico,Orquesta Domingo Federico,5/27/1953,Tonadita Amiga,,Milonga,instrumental,Víctor,Tape,63-0329,S 001028,Domingo S. Federico; Carlos Bahr,Carlos Bahr,,49-56 / Other singers,Mario Garcés,Francisco Federico,"Domingo Federico, Eduardo Cortti, Priori, Thompson","Enrique Cantore, Pedro Pandolfi, Tallaferro, Ternaski","Piano, Bass, 4 Bandoneons, 4 Violins"
Domingo Federico,Orquesta Domingo Federico,11/4/1953,A Bailar,,Tango,Armando Moreno,Víctor,Tape,68-1255,S 001762,Domingo Federico,Homero Expósito,,49-56 / Other singers,Mario Garcés,Francisco Federico,"Domingo Federico, Eduardo Cortti, Priori, Thompson","Enrique Cantore, Pedro Pandolfi, Tallaferro, Ternaski","Piano, Bass, 4 Bandoneons, 4 Violins"
Domingo Federico,Orquesta Domingo Federico,11/4/1953,Cumpleaños de Mi Madre,,Vals,Armando Moreno,Víctor,Tape,68-1255,S 001763,Armando O. Bassi; Moreno,Armando Moreno,,49-56 / Other singers,Mario Garcés,Francisco Federico,"Domingo Federico, Eduardo Cortti, Priori, Thompson","Enrique Cantore, Pedro Pandolfi, Tallaferro, Ternaski","Piano, Bass, 4 Bandoneons, 4 Violins"
Domingo Federico,Orquesta Domingo Federico,2/11/1954,A María Rosa,Mi María Rosa,Tango,instrumental,Víctor,Tape,60-2354,S 001960,Domingo S. Federico; Francisco Federico,,,49-56 / Other singers,Mario Garcés,Francisco Federico,"Domingo Federico, Eduardo Cortti, Priori, Thompson","Enrique Cantore, Pedro Pandolfi, Tallaferro, Ternaski","Piano, Bass, 4 Bandoneons, 4 Violins"
Domingo Federico,Orquesta Domingo Federico,2/11/1954,Designio,,Tango,Armando Moreno,Víctor,Tape,60-2354,S 001961,Julio Medovoy; Carlos Bahr,Carlos Bahr,,49-56 / Other singers,Mario Garcés,Francisco Federico,"Domingo Federico, Eduardo Cortti, Priori, Thompson","Enrique Cantore, Pedro Pandolfi, Tallaferro, Ternaski","Piano, Bass, 4 Bandoneons, 4 Violins"
Domingo Federico,Orquesta Domingo Federico,4/7/1954,Muy Suave,,Tango,instrumental,Víctor,Tape,60-2385,S 002038,Domingo S. Federico,,,49-56 / Other singers,Mario Garcés,Francisco Federico,"Domingo Federico, Eduardo Cortti, Priori, Thompson","Enrique Cantore, Pedro Pandolfi, Tallaferro, Ternaski","Piano, Bass, 4 Bandoneons, 4 Violins"
Domingo Federico,Orquesta Domingo Federico,4/7/1954,Otario que Andás Penando,Otario que Vas Penando,Tango,Armando Moreno,Víctor,Tape,60-2385,S 002039,Enrique Delfino,Alberto Vaccarezza,,49-56 / Other singers,Mario Garcés,Francisco Federico,"Domingo Federico, Eduardo Cortti, Priori, Thompson","Enrique Cantore, Pedro Pandolfi, Tallaferro, Ternaski","Piano, Bass, 4 Bandoneons, 4 Violins"
Domingo Federico,Orquesta Domingo Federico,1/20/1955,Corazón Encadenado,,Tango,Armando Moreno,Víctor,Tape,68-2015,S 003712,Francisco Canaro,Ivo Pelay,,49-56 / Other singers,Mario Garcés,Francisco Federico,"Domingo Federico, Eduardo Cortti, Priori, Thompson","Enrique Cantore, Pedro Pandolfi, Tallaferro, Ternaski","Piano, Bass, 4 Bandoneons, 4 Violins"
Domingo Federico,Orquesta Domingo Federico,1/20/1955,Pobre Novia,Mi Pobre Novia,Vals,Armando Moreno,Víctor,Tape,68-2015,S 003711,Roberto Rufino,Sara Rainer,,49-56 / Other singers,Mario Garcés,Francisco Federico,"Domingo Federico, Eduardo Cortti, Priori, Thompson","Enrique Cantore, Pedro Pandolfi, Tallaferro, Ternaski","Piano, Bass, 4 Bandoneons, 4 Violins"
Domingo Federico,Orquesta Domingo Federico,6/29/1956,Charlemos,,Tango,Dante Rossi,Víctor,Tape,68-2408,S 005010,Luis Rubinstein,Luis Rubinstein,,49-56 / Other singers,Mario Garcés,Francisco Federico,"Domingo Federico, Eduardo Cortti, Priori, Thompson","Enrique Cantore, Pedro Pandolfi, Tallaferro, Ternaski","Piano, Bass, 4 Bandoneons, 4 Violins"
Domingo Federico,Orquesta Domingo Federico,6/29/1956,Y Todavía Te Quiero,,Tango,Armando Moreno,Víctor,Tape,68-2408,S 005009,Luciano Leocata,Abel Aznar,,49-56 / Other singers,Mario Garcés,Francisco Federico,"Domingo Federico, Eduardo Cortti, Priori, Thompson","Enrique Cantore, Pedro Pandolfi, Tallaferro, Ternaski","Piano, Bass, 4 Bandoneons, 4 Violins"
Domingo Federico,Orquesta Domingo Federico,1/12/1960,Negro,,Milonga,Rubén Maciel y Rubén Sánchez,Víctor,Tape,1A-1866,LAAR1142,Domingo S. Federico,Domingo Federico,,58-65 / Later Orchestra,Osvaldo Fumale,Miguel Sánchez,"Domingo Federico, Heraldo Colombetti, Reinaldo Cassano, Víctor Piuma","José Eduardo Malaguarnera, Manuel Silveyra, Maximino Dante Alvarez (viola), Guido Nozzi (cello)","Piano, Bass, 4 Bandoneons, 2 Violins, Viola, Cello"
Domingo Federico,Orquesta Domingo Federico,1/12/1960,Portero Suba Y Diga,,Tango,Rubén Maciel,Víctor,Tape,1A-1865,LAAR1143,Eduardo De Labar,Luis César Amadori,,58-65 / Later Orchestra,Osvaldo Fumale,Miguel Sánchez,"Domingo Federico, Heraldo Colombetti, Reinaldo Cassano, Víctor Piuma","José Eduardo Malaguarnera, Manuel Silveyra, Maximino Dante Alvarez (viola), Guido Nozzi (cello)","Piano, Bass, 4 Bandoneons, 2 Violins, Viola, Cello"
Domingo Federico,Orquesta Domingo Federico,1/12/1960,Presentación,,Tango,instrumental,Víctor,Tape,1A-1865,LAAR1141,Domingo S. Federico,,,58-65 / Later Orchestra,Osvaldo Fumale,Miguel Sánchez,"Domingo Federico, Heraldo Colombetti, Reinaldo Cassano, Víctor Piuma","José Eduardo Malaguarnera, Manuel Silveyra, Maximino Dante Alvarez (viola), Guido Nozzi (cello)","Piano, Bass, 4 Bandoneons, 2 Violins, Viola, Cello"
Domingo Federico,Orquesta Domingo Federico,1/12/1960,Tus Ojos Me Aprisionan,,Tango,Rubén Sánchez,Víctor,Tape,1A-1866,LAAR1144,Schneider; Blesio,Norberto Blesio,,58-65 / Later Orchestra,Osvaldo Fumale,Miguel Sánchez,"Domingo Federico, Heraldo Colombetti, Reinaldo Cassano, Víctor Piuma","José Eduardo Malaguarnera, Manuel Silveyra, Maximino Dante Alvarez (viola), Guido Nozzi (cello)","Piano, Bass, 4 Bandoneons, 2 Violins, Viola, Cello"
Domingo Federico,Orquesta Domingo Federico,8/8/1968,El Chamuyo,,Tango,instrumental,Víctor,Tape,CAL 3160,LAAR 8208,Francisco Canaro,,,58-71 / Small Groups,Abel Pizzicatti,Norberto Nofri,Domingo Federico,,"Piano, Bass, Bandoneon"
Domingo Federico,Orquesta Domingo Federico,8/20/1968,A Lo Pirincho,,Milonga,instrumental,Víctor,Tape,CAL 3160,LAAR 8208,Haydee Cardón; Francisco Federico,Haydeé Cardón,,58-71 / Small Groups,Abel Pizzicatti,Norberto Nofri,Domingo Federico,,"Piano, Bass, Bandoneon"
Domingo Federico,Orquesta Domingo Federico,8/20/1968,Felicia,,Tango,instrumental,Víctor,Tape,CAL 3160,LAAR 8208,Enrique Saborido,Carlos Mauricio Pacheco,,58-71 / Small Groups,Abel Pizzicatti,Norberto Nofri,Domingo Federico,,"Piano, Bass, Bandoneon"
Domingo Federico,Orquesta Domingo Federico,8/20/1968,Quejas De Bandoneón,Quejas de Bandoneón,Tango,instrumental,Víctor,Tape,CAL 3160,LAAR 8208,Juan de Dios Filiberto,,,58-71 / Small Groups,Abel Pizzicatti,Norberto Nofri,Domingo Federico,,"Piano, Bass, Bandoneon"
Domingo Federico,Domingo Federico y su Grupo Tango Intima,9/24/1969,Fuelle Azul,,Tango,instrumental,Rosafón,Tape,LP 103,Tango Intimo,Domingo S. Federico; Haydee Cardón,Haydeé Cardón,,58-71 / Small Groups,Abel Pizzicatti,Norberto Nofri,Domingo Federico,UNKNOWN (Guitar),"Bandoneon, Guitar"
Domingo Federico,Domingo Federico y su Grupo Tango Intima,9/24/1969,La Cumparsita,Si Supieras,Tango,Rubén Maciel,Rosafón,Tape,LP 103,Tango Intimo,Gerardo H. Matos Rodríguez,Pascual Contursi; Enrique P. Maroni,,58-71 / Small Groups,Abel Pizzicatti,Norberto Nofri,Domingo Federico,UNKNOWN (Guitar),"Bandoneon, Guitar"
Domingo Federico,Domingo Federico y su Grupo Tango Intima,9/24/1969,Percal,,Tango,Rubén Maciel,Rosafón,Tape,LP 103,Tango Intimo,Domingo Federico,Homero Expósito,,58-71 / Small Groups,Abel Pizzicatti,Norberto Nofri,Domingo Federico,UNKNOWN (Guitar),"Bandoneon, Guitar"
Domingo Federico,Domingo Federico y su Grupo Tango Intima,9/24/1969,Tango Íntimo,,Tango,Omar Carranza,Rosafón,Tape,LP 103,Tango Intimo,Domingo S. Federico; Haydee Cardón,"Domingo Federico, Haydeé Cardón",,58-71 / Small Groups,Abel Pizzicatti,Norberto Nofri,Domingo Federico,UNKNOWN (Guitar),"Bandoneon, Guitar"
