Bandleader,Orchestra,Date,Title,AltTitle,Genre,Singer,Label,Composer,Author,Pianist,Bassist,Bandoneons,Strings
Fulvio Salamanca,Fulvio Salamanca y su orquesta,5/31/1957,Alma en pena,,Tango,Andrés Peiró y Jorge Garré,Odeón,Anselmo Aieta,Francisco García Jiménez,Fulvio Salamanca,Italo Bessa,"Eduardo Corti, Luis Magliolo, Julio Esbrés, Adolfo Gómez","Elvino Vardaro, Aquiles Aguilar, Lazaro Bequer, Edmundo Baya, Jorge Gonzalez"
Fulvio Salamanca,Fulvio Salamanca y su orquesta,5/31/1957,Chiqué,,Tango,Instrumental,Odeón,Ricardo Luis Brignolo,Ricardo Brignolo,Fulvio Salamanca,Italo Bessa,"Eduardo Corti, Luis Magliolo, Julio Esbrés, Adolfo Gómez","Elvino Vardaro, Aquiles Aguilar, Lazaro Bequer, Edmundo Baya, Jorge Gonzalez"
Fulvio Salamanca,Fulvio Salamanca y su orquesta,8/14/1957,La polquita,,Milonga,Instrumental,Odeón,Fulvio Salamanca,,Fulvio Salamanca,Italo Bessa,"Eduardo Corti, Miguel Carrasco, Julio Esbrés, Osvaldo Rizzo","Elvino Vardaro, Alfonso Bernava, Julio Graria, José Carli, Eugenio Napoli"
Fulvio Salamanca,Fulvio Salamanca y su orquesta,8/14/1957,Mano cruel,,Tango,Armando Guerrico y Jorge Garré,Odeón,Carmelo Mutarelli,Armando Tagini,Fulvio Salamanca,Italo Bessa,"Eduardo Corti, Miguel Carrasco, Julio Esbrés, Osvaldo Rizzo","Elvino Vardaro, Alfonso Bernava, Julio Graria, José Carli, Eugenio Napoli"
Fulvio Salamanca,Fulvio Salamanca y su orquesta,11/29/1957,"Adiós, corazón",,Tango,Armando Guerrico,Odeón,Lalo Etchegoncelay,Héctor Sapelli,Fulvio Salamanca,Italo Bessa,"Eduardo Corti, Miguel Carrasco, Julio Esbrés, Osvaldo Rizzo","Elvino Vardaro, Alfonso Bernava, Julio Graria, José Carli, Eugenio Napoli"
Fulvio Salamanca,Fulvio Salamanca y su orquesta,11/29/1957,Nueve puntos,,Tango,Instrumental,Odeón,Francisco Canaro,,Fulvio Salamanca,Italo Bessa,"Eduardo Corti, Miguel Carrasco, Julio Esbrés, Osvaldo Rizzo","Elvino Vardaro, Alfonso Bernava, Julio Graria, José Carli, Eugenio Napoli"
Fulvio Salamanca,Fulvio Salamanca y su orquesta,1958,Milonga sentimental,,Milonga,Armando Guerrico y Mario Luna,,Sebastián Piana,Homero Manzi,,,,
Fulvio Salamanca,Fulvio Salamanca y su orquesta,4/10/1958,Barra de oro,,Tango,Jorge Garré,Odeón,Eduardo Moreno,Eduardo Moreno,Fulvio Salamanca,Italo Bessa,"Eduardo Corti, Miguel Carrasco, Julio Esbrés, Osvaldo Rizzo","Elvino Vardaro, Alfonso Bernava, Julio Graria, José Carli, Eugenio Napoli"
Fulvio Salamanca,Fulvio Salamanca y su orquesta,4/10/1958,Yo tengo un pecado nuevo,,Tango,Armando Guerrico,Odeón,Mariano Mores,Alberto Laureano Martínez,Fulvio Salamanca,Italo Bessa,"Eduardo Corti, Miguel Carrasco, Julio Esbrés, Osvaldo Rizzo","Elvino Vardaro, Alfonso Bernava, Julio Graria, José Carli, Eugenio Napoli"
Fulvio Salamanca,Fulvio Salamanca y su orquesta,6/6/1958,Bomboncito,,Tango,Armando Guerrico,Odeón,Antonio Romano y Jorge Cerioti,Luis Caruso,Fulvio Salamanca,Italo Bessa,"Eduardo Corti, Miguel Carrasco, Julio Esbrés, Osvaldo Rizzo","Elvino Vardaro, Alfonso Bernava, Julio Graria, José Carli, Eugenio Napoli"
Fulvio Salamanca,Fulvio Salamanca y su orquesta,6/6/1958,Qué te pasa Buenos Aires,,Tango,Jorge Garré,Odeón,Eduardo Cortti,Juan José Correia,Fulvio Salamanca,Italo Bessa,"Eduardo Corti, Miguel Carrasco, Julio Esbrés, Osvaldo Rizzo","Elvino Vardaro, Alfonso Bernava, Julio Graria, José Carli, Eugenio Napoli"
Fulvio Salamanca,Fulvio Salamanca y su orquesta,7/6/1958,Mi colegiala,,Vals,Armando Guerrico,Odeón,Héctor Gentile,Ángel di Rosa,Fulvio Salamanca,Italo Bessa,"Eduardo Corti, Miguel Carrasco, Julio Esbrés, Osvaldo Rizzo","Elvino Vardaro, Alfonso Bernava, Julio Graria, José Carli, Eugenio Napoli"
Fulvio Salamanca,Fulvio Salamanca y su orquesta,7/6/1958,Raza criolla (El taita),,Tango,Instrumental,Odeón,Salvador Grupillo,,Fulvio Salamanca,Italo Bessa,"Eduardo Corti, Miguel Carrasco, Julio Esbrés, Osvaldo Rizzo","Elvino Vardaro, Alfonso Bernava, Julio Graria, José Carli, Eugenio Napoli"
Fulvio Salamanca,Fulvio Salamanca y su orquesta,9/18/1958,Todo es amor,,Tango,Armando Guerrico,Odeón,Leo Lipesker,Alejandro Romay,Fulvio Salamanca,Italo Bessa,"Eduardo Corti, Miguel Carrasco, Julio Esbrés, Osvaldo Rizzo","Elvino Vardaro, Alfonso Bernava, Julio Graria, José Carli, Eugenio Napoli"
Fulvio Salamanca,Fulvio Salamanca y su orquesta,11/21/1958,Lo que fuiste,,Tango,Mario Luna,Odeón,Rafael Tuegols,Francisco García Jiménez,Fulvio Salamanca,Italo Bessa,"Eduardo Corti, Miguel Carrasco, Julio Esbrés, Osvaldo Rizzo","Elvino Vardaro, Alfonso Bernava, Julio Graria, José Carli, Eugenio Napoli"
Fulvio Salamanca,Fulvio Salamanca y su orquesta,11/21/1958,No me dijo ni adiós,,Tango,Armando Guerrico,Odeón,Lalo Etchegoncelay,Héctor Sapelli,Fulvio Salamanca,Italo Bessa,"Eduardo Corti, Miguel Carrasco, Julio Esbrés, Osvaldo Rizzo","Elvino Vardaro, Alfonso Bernava, Julio Graria, José Carli, Eugenio Napoli"
Fulvio Salamanca,Fulvio Salamanca y su orquesta,1/28/1959,Es mejor olvidar,,Tango,Armando Guerrico,Odeón,Héctor Stamponi,Eduardo Parula,Fulvio Salamanca,Italo Bessa,"Eduardo Corti, Miguel Carrasco, Julio Esbrés, Osvaldo Rizzo","Elvino Vardaro, Alfonso Bernava, Julio Graria, José Carli, Eugenio Napoli"
Fulvio Salamanca,Fulvio Salamanca y su orquesta,1/28/1959,Matraca,,Tango,Instrumental,Odeón,Fulvio Salamanca,,Fulvio Salamanca,Italo Bessa,"Eduardo Corti, Miguel Carrasco, Julio Esbrés, Osvaldo Rizzo","Elvino Vardaro, Alfonso Bernava, Julio Graria, José Carli, Eugenio Napoli"
Fulvio Salamanca,Fulvio Salamanca y su orquesta,4/16/1959,Dame mi libertad,,Tango,Mario Luna,Odeón,Manuel Sucher,Carlos Bahr,Fulvio Salamanca,Italo Bessa,"Eduardo Corti, Miguel Carrasco, Julio Esbrés, Osvaldo Rizzo","Elvino Vardaro, Alfonso Bernava, Julio Graria, José Carli, Eugenio Napoli"
Fulvio Salamanca,Fulvio Salamanca y su orquesta,4/16/1959,Vuelve amor,,Tango,Armando Guerrico,Odeón,Roberto Rufino,Reinaldo Yiso,Fulvio Salamanca,Italo Bessa,"Eduardo Corti, Miguel Carrasco, Julio Esbrés, Osvaldo Rizzo","Elvino Vardaro, Alfonso Bernava, Julio Graria, José Carli, Eugenio Napoli"
Fulvio Salamanca,Fulvio Salamanca y su orquesta,7/17/1959,Hasta siempre amor,,Tango,Armando Guerrico,Odeón,Donato Racciatti,Federico Silva,Fulvio Salamanca,Italo Bessa,"Eduardo Corti, Miguel Carrasco, Julio Esbrés, Osvaldo Rizzo","Elvino Vardaro, Alfonso Bernava, Julio Graria, José Carli, Eugenio Napoli"
Fulvio Salamanca,Fulvio Salamanca y su orquesta,7/17/1959,La rayuela,,Tango,Instrumental,Odeón,Julio De Caro,,Fulvio Salamanca,Italo Bessa,"Eduardo Corti, Miguel Carrasco, Julio Esbrés, Osvaldo Rizzo","Elvino Vardaro, Alfonso Bernava, Julio Graria, José Carli, Eugenio Napoli"
Fulvio Salamanca,Fulvio Salamanca y su orquesta,9/21/1959,Idolo eterno,,Tango,Armando Guerrico,Odeón,Fulvio Salamanca,Manuel Barros,Fulvio Salamanca,Italo Bessa,"Eduardo Corti, Miguel Carrasco, Julio Esbrés, Osvaldo Rizzo","Elvino Vardaro, Alfonso Bernava, Julio Graria, José Carli, Eugenio Napoli"
Fulvio Salamanca,Fulvio Salamanca y su orquesta,9/21/1959,Pensalo bien,,Tango,Luis Correa,Odeón,Juan Visciglio,Nolo López; Julio Alberto,Fulvio Salamanca,Italo Bessa,"Eduardo Corti, Miguel Carrasco, Julio Esbrés, Osvaldo Rizzo","Elvino Vardaro, Alfonso Bernava, Julio Graria, José Carli, Eugenio Napoli"
Fulvio Salamanca,Fulvio Salamanca y su orquesta,11/6/1959,Ansiedad,,Vals,Armando Guerrico,Odeón,"José Enrique ""Chelique"" Sarabia","José Enrique ""Chelique"" Sarabia",Fulvio Salamanca,Italo Bessa,"Eduardo Corti, Miguel Carrasco, Julio Esbrés, Osvaldo Rizzo","Elvino Vardaro, Alfonso Bernava, Julio Graria, José Carli, Eugenio Napoli"
Fulvio Salamanca,Fulvio Salamanca y su orquesta,11/6/1959,Gallo ciego,,Tango,Instrumental,Odeón,Agustin Bardi,,Fulvio Salamanca,Italo Bessa,"Eduardo Corti, Miguel Carrasco, Julio Esbrés, Osvaldo Rizzo","Elvino Vardaro, Alfonso Bernava, Julio Graria, José Carli, Eugenio Napoli"
Fulvio Salamanca,Fulvio Salamanca y su orquesta,12/22/1959,Así se baila hoy,,Tango,Luis Correa,Odeón,Marcos Vera,Ernesto Cardenal,Fulvio Salamanca,Italo Bessa,"Eduardo Corti, Miguel Carrasco, Julio Esbrés, Osvaldo Rizzo","Elvino Vardaro, Alfonso Bernava, Julio Graria, José Carli, Eugenio Napoli"
Fulvio Salamanca,Fulvio Salamanca y su orquesta,12/22/1959,El mareo,,Tango,Instrumental,Odeón,Julio De Caro,Mario César Gomila,Fulvio Salamanca,Italo Bessa,"Eduardo Corti, Miguel Carrasco, Julio Esbrés, Osvaldo Rizzo","Elvino Vardaro, Alfonso Bernava, Julio Graria, José Carli, Eugenio Napoli"
Fulvio Salamanca,Fulvio Salamanca y su orquesta,12/22/1959,La porteñita,,Milonga,Armando Guerrico,Odeón,Leo Lipesker,Reinaldo Yiso,Fulvio Salamanca,Italo Bessa,"Eduardo Corti, Miguel Carrasco, Julio Esbrés, Osvaldo Rizzo","Elvino Vardaro, Alfonso Bernava, Julio Graria, José Carli, Eugenio Napoli"
Fulvio Salamanca,Fulvio Salamanca y su orquesta,12/22/1959,Recuerdo,,Tango,Armando Guerrico y Luis Correa,Odeón,Osvaldo Pugliese,Eduardo Moreno,Fulvio Salamanca,Italo Bessa,"Eduardo Corti, Miguel Carrasco, Julio Esbrés, Osvaldo Rizzo","Elvino Vardaro, Alfonso Bernava, Julio Graria, José Carli, Eugenio Napoli"
Fulvio Salamanca,Fulvio Salamanca y su orquesta,7/12/1960,Flor del valle,,Tango,Armando Guerrico,Odeón,Guillermo Barbieri,Luis Garros Pe,Fulvio Salamanca,Italo Bessa,"Eduardo Corti, Miguel Carrasco, Julio Esbrés, Osvaldo Rizzo","Elvino Vardaro, Alfonso Bernava, Julio Graria, José Carli, Eugenio Napoli"
Fulvio Salamanca,Fulvio Salamanca y su orquesta,7/12/1960,Inocencia,,Tango,Luis Correa,Odeón,Mercedes Simone,Mercedes Simone,Fulvio Salamanca,Italo Bessa,"Eduardo Corti, Miguel Carrasco, Julio Esbrés, Osvaldo Rizzo","Elvino Vardaro, Alfonso Bernava, Julio Graria, José Carli, Eugenio Napoli"
Fulvio Salamanca,Fulvio Salamanca y su orquesta,7/1961,Así se baila hoy,,Tango,Luis Correa,Philips,Marcos Vera,Ernesto Cardenal,Fulvio Salamanca,Italo Bessa,"Eduardo Corti, Miguel Carrasco, Julio Esbrés, Osvaldo Rizzo","Elvino Vardaro, Alfonso Bernava, Julio Graria, José Carli, Eugenio Napoli"
Fulvio Salamanca,Fulvio Salamanca y su orquesta,7/1961,"Dónde estás, cariño",,Tango,Armando Guerrico,Philips,Juan Sánchez Gorio,Reinaldo Yiso,Fulvio Salamanca,Italo Bessa,"Eduardo Corti, Miguel Carrasco, Julio Esbrés, Osvaldo Rizzo","Elvino Vardaro, Alfonso Bernava, Julio Graria, José Carli, Eugenio Napoli"
Fulvio Salamanca,Fulvio Salamanca y su orquesta,7/1961,El remate,,Tango,Instrumental,Philips,Alfredo Mazzucchi,,Fulvio Salamanca,Italo Bessa,"Eduardo Corti, Miguel Carrasco, Julio Esbrés, Osvaldo Rizzo","Elvino Vardaro, Alfonso Bernava, Julio Graria, José Carli, Eugenio Napoli"
Fulvio Salamanca,Fulvio Salamanca y su orquesta,7/1961,La camelera,,Milonga,Instrumental,Philips,Héctor Stamponi,,Fulvio Salamanca,Italo Bessa,"Eduardo Corti, Miguel Carrasco, Julio Esbrés, Osvaldo Rizzo","Elvino Vardaro, Alfonso Bernava, Julio Graria, José Carli, Eugenio Napoli"
Fulvio Salamanca,Fulvio Salamanca y su orquesta,7/1961,La revancha,,Tango,Instrumental,Philips,Pedro Laurenz,,Fulvio Salamanca,Italo Bessa,"Eduardo Corti, Miguel Carrasco, Julio Esbrés, Osvaldo Rizzo","Elvino Vardaro, Alfonso Bernava, Julio Graria, José Carli, Eugenio Napoli"
Fulvio Salamanca,Fulvio Salamanca y su orquesta,7/1961,La uruguaya y la porteña,,Milonga,Luis Correa,Philips,Leopoldo Díaz Vélez,Leopoldo Díaz Vélez,Fulvio Salamanca,Italo Bessa,"Eduardo Corti, Miguel Carrasco, Julio Esbrés, Osvaldo Rizzo","Elvino Vardaro, Alfonso Bernava, Julio Graria, José Carli, Eugenio Napoli"
Fulvio Salamanca,Fulvio Salamanca y su orquesta,7/1961,Los dos la queremos,,Tango,Luis Correa,Philips,Alberto Celenza,Reinaldo Ghiso,Fulvio Salamanca,Italo Bessa,"Eduardo Corti, Miguel Carrasco, Julio Esbrés, Osvaldo Rizzo","Elvino Vardaro, Alfonso Bernava, Julio Graria, José Carli, Eugenio Napoli"
Fulvio Salamanca,Fulvio Salamanca y su orquesta,7/1961,Los siete enanitos,,Tango,Instrumental,Philips,Fulvio Salamanca,,Fulvio Salamanca,Italo Bessa,"Eduardo Corti, Miguel Carrasco, Julio Esbrés, Osvaldo Rizzo","Elvino Vardaro, Alfonso Bernava, Julio Graria, José Carli, Eugenio Napoli"
Fulvio Salamanca,Fulvio Salamanca y su orquesta,7/1961,Pelele,,Tango,Instrumental,Philips,Pedro Maffia,,Fulvio Salamanca,Italo Bessa,"Eduardo Corti, Miguel Carrasco, Julio Esbrés, Osvaldo Rizzo","Elvino Vardaro, Alfonso Bernava, Julio Graria, José Carli, Eugenio Napoli"
Fulvio Salamanca,Fulvio Salamanca y su orquesta,7/1961,"Quereme, corazón",,Tango,Armando Guerrico,Philips,Cayetano Ziccaro,Enrique Josis,Fulvio Salamanca,Italo Bessa,"Eduardo Corti, Miguel Carrasco, Julio Esbrés, Osvaldo Rizzo","Elvino Vardaro, Alfonso Bernava, Julio Graria, José Carli, Eugenio Napoli"
Fulvio Salamanca,Fulvio Salamanca y su orquesta,7/1961,Y el último beso,,Tango,Armando Guerrico,Philips,Erma Suárez,Reinaldo Yiso,Fulvio Salamanca,Italo Bessa,"Eduardo Corti, Miguel Carrasco, Julio Esbrés, Osvaldo Rizzo","Elvino Vardaro, Alfonso Bernava, Julio Graria, José Carli, Eugenio Napoli"
Fulvio Salamanca,Fulvio Salamanca y su orquesta,7/1961,Yo soy del tiempo aquel,,Tango,Luis Correa,Philips,Rafael Moreno,Antonio Cantó,Fulvio Salamanca,Italo Bessa,"Eduardo Corti, Miguel Carrasco, Julio Esbrés, Osvaldo Rizzo","Elvino Vardaro, Alfonso Bernava, Julio Graria, José Carli, Eugenio Napoli"
Fulvio Salamanca,Fulvio Salamanca y su orquesta,12/19/1963,Amarraditos,,Vals,Luis Correa,Odeón,Pedro Belisario Pérez,Margarita Durán,Fulvio Salamanca,Italo Bessa,"Eduardo Corti, Miguel Carrasco, Julio Esbrés, Osvaldo Rizzo","Elvino Vardaro, Alfonso Bernava, Julio Graria, José Carli, Eugenio Napoli"
Fulvio Salamanca,Fulvio Salamanca y su orquesta,12/19/1963,De todo te olvidas,,Tango,Luis Roca,Odeón,Salvador Merico,Enrique Cadícamo,Fulvio Salamanca,Italo Bessa,"Eduardo Corti, Miguel Carrasco, Julio Esbrés, Osvaldo Rizzo","Elvino Vardaro, Alfonso Bernava, Julio Graria, José Carli, Eugenio Napoli"
Fulvio Salamanca,Fulvio Salamanca y su orquesta,12/19/1963,El último café,,Tango,Julio Rodolfo,Odeón,Héctor Stamponi,Cátulo Castillo,Fulvio Salamanca,Italo Bessa,"Eduardo Corti, Miguel Carrasco, Julio Esbrés, Osvaldo Rizzo","Elvino Vardaro, Alfonso Bernava, Julio Graria, José Carli, Eugenio Napoli"
Fulvio Salamanca,Fulvio Salamanca y su orquesta,12/19/1963,Muñeco saltarín,,Tango,Instrumental,Odeón,Fulvio Salamanca,,Fulvio Salamanca,Italo Bessa,"Eduardo Corti, Miguel Carrasco, Julio Esbrés, Osvaldo Rizzo","Elvino Vardaro, Alfonso Bernava, Julio Graria, José Carli, Eugenio Napoli"
Fulvio Salamanca,Fulvio Salamanca y su orquesta,1964,Chiclana,,Tango,Instrumental,Music Hall,"Francisco Lomuto, Enrique Lomuto",,Fulvio Salamanca,Italo Bessa,"Eduardo Corti, Miguel Carrasco, Julio Esbrés, Osvaldo Rizzo","Elvino Vardaro, Alfonso Bernava, Julio Graria, José Carli, Eugenio Napoli"
Fulvio Salamanca,Fulvio Salamanca y su orquesta,1964,Don Goyo,,Tango,Instrumental,Music Hall,Juan Maglio,,Fulvio Salamanca,Italo Bessa,"Eduardo Corti, Miguel Carrasco, Julio Esbrés, Osvaldo Rizzo","Elvino Vardaro, Alfonso Bernava, Julio Graria, José Carli, Eugenio Napoli"
Fulvio Salamanca,Fulvio Salamanca y su orquesta,1964,El choclo,,Tango,Instrumental,Music Hall,Angel Villoldo,Angel Villoldo,Fulvio Salamanca,Italo Bessa,"Eduardo Corti, Miguel Carrasco, Julio Esbrés, Osvaldo Rizzo","Elvino Vardaro, Alfonso Bernava, Julio Graria, José Carli, Eugenio Napoli"
Fulvio Salamanca,Fulvio Salamanca y su orquesta,1964,La mamma,,Tango,Luis Roca,Music Hall,Charles Aznavour,Robert Gall,Fulvio Salamanca,Italo Bessa,"Eduardo Corti, Miguel Carrasco, Julio Esbrés, Osvaldo Rizzo","Elvino Vardaro, Alfonso Bernava, Julio Graria, José Carli, Eugenio Napoli"
Fulvio Salamanca,Fulvio Salamanca y su orquesta,1964,Maipo,,Tango,Instrumental,Music Hall,Eduardo Arolas,Gabriel Clausi,Fulvio Salamanca,Italo Bessa,"Eduardo Corti, Miguel Carrasco, Julio Esbrés, Osvaldo Rizzo","Elvino Vardaro, Alfonso Bernava, Julio Graria, José Carli, Eugenio Napoli"
Fulvio Salamanca,Fulvio Salamanca y su orquesta,1964,Mariposita,,Tango,Julio Rodolfo,Music Hall,Anselmo Aieta,Francisco García Jiménez,Fulvio Salamanca,Italo Bessa,"Eduardo Corti, Miguel Carrasco, Julio Esbrés, Osvaldo Rizzo","Elvino Vardaro, Alfonso Bernava, Julio Graria, José Carli, Eugenio Napoli"
Fulvio Salamanca,Fulvio Salamanca y su orquesta,1964,Milongueracha,,Milonga,Instrumental,Music Hall,"Fulvio Salamanca, Alberto Celenza",,Fulvio Salamanca,Italo Bessa,"Eduardo Corti, Miguel Carrasco, Julio Esbrés, Osvaldo Rizzo","Elvino Vardaro, Alfonso Bernava, Julio Graria, José Carli, Eugenio Napoli"
Fulvio Salamanca,Fulvio Salamanca y su orquesta,1964,Morena,,Milonga,Instrumental,Music Hall,Francisco Canaro,,Fulvio Salamanca,Italo Bessa,"Eduardo Corti, Miguel Carrasco, Julio Esbrés, Osvaldo Rizzo","Elvino Vardaro, Alfonso Bernava, Julio Graria, José Carli, Eugenio Napoli"
Fulvio Salamanca,Fulvio Salamanca y su orquesta,1964,Nada,,Tango,Luis Roca,Music Hall,José Dames,Horacio Sanguinetti,Fulvio Salamanca,Italo Bessa,"Eduardo Corti, Miguel Carrasco, Julio Esbrés, Osvaldo Rizzo","Elvino Vardaro, Alfonso Bernava, Julio Graria, José Carli, Eugenio Napoli"
Fulvio Salamanca,Fulvio Salamanca y su orquesta,1964,Organito del amor,,Milonga,Carlos Nogués,Music Hall,Cátulo Castillo,José González Castillo,Fulvio Salamanca,Italo Bessa,"Eduardo Corti, Miguel Carrasco, Julio Esbrés, Osvaldo Rizzo","Elvino Vardaro, Alfonso Bernava, Julio Graria, José Carli, Eugenio Napoli"
Fulvio Salamanca,Fulvio Salamanca y su orquesta,1964,Una canción para mi pueblo,,Tango,Julio Rodolfo,Music Hall,Alberto Mastra,Alberto Mastra,Fulvio Salamanca,Italo Bessa,"Eduardo Corti, Miguel Carrasco, Julio Esbrés, Osvaldo Rizzo","Elvino Vardaro, Alfonso Bernava, Julio Graria, José Carli, Eugenio Napoli"
Fulvio Salamanca,Fulvio Salamanca y su orquesta,1964,Una vez,,Tango,Luis Roca,Music Hall,Mariano Mores,Enrique Cadícamo,Fulvio Salamanca,Italo Bessa,"Eduardo Corti, Miguel Carrasco, Julio Esbrés, Osvaldo Rizzo","Elvino Vardaro, Alfonso Bernava, Julio Graria, José Carli, Eugenio Napoli"
Fulvio Salamanca,Fulvio Salamanca y su orquesta,1965,Delantal,,Tango,Alberto Hidalgo,Music Hall,Fulvio Salamanca,Félix Rosario Arena,Fulvio Salamanca,Italo Bessa,"Eduardo Corti, Miguel Carrasco, Julio Esbrés, Osvaldo Rizzo","Elvino Vardaro, Alfonso Bernava, Julio Graria, José Carli, Eugenio Napoli"
Fulvio Salamanca,Fulvio Salamanca y su orquesta,1965,Todo corazón,,Tango,Instrumental,Music Hall,Fulvio Salamanca,,Fulvio Salamanca,Italo Bessa,"Eduardo Corti, Miguel Carrasco, Julio Esbrés, Osvaldo Rizzo","Elvino Vardaro, Alfonso Bernava, Julio Graria, José Carli, Eugenio Napoli"
Fulvio Salamanca,Fulvio Salamanca y su orquesta,1966,Así fui yo,,Milonga,Alberto Hidalgo y Julio Rodolfo,Music Hall,Alberto Mastra,Alberto Mastra,Fulvio Salamanca,Italo Bessa,"Eduardo Corti, Miguel Carrasco, Julio Esbrés, Osvaldo Rizzo","Elvino Vardaro, Alfonso Bernava, Julio Graria, José Carli, Eugenio Napoli"
Fulvio Salamanca,Fulvio Salamanca y su orquesta,1966,Buenos Aires - Tokio,,Tango,Instrumental,Music Hall,Fulvio Salamanca,,Fulvio Salamanca,Italo Bessa,"Eduardo Corti, Miguel Carrasco, Julio Esbrés, Osvaldo Rizzo","Elvino Vardaro, Alfonso Bernava, Julio Graria, José Carli, Eugenio Napoli"
Fulvio Salamanca,Fulvio Salamanca y su orquesta,1966,Cautivo,,Tango,Julio Rodolfo,Music Hall,Egidio Pittaluga,Luis Rubistein,Fulvio Salamanca,Italo Bessa,"Eduardo Corti, Miguel Carrasco, Julio Esbrés, Osvaldo Rizzo","Elvino Vardaro, Alfonso Bernava, Julio Graria, José Carli, Eugenio Napoli"
Fulvio Salamanca,Fulvio Salamanca y su orquesta,1966,Copacabana,,Tango,Instrumental,Music Hall,Fulvio Salamanca,,Fulvio Salamanca,Italo Bessa,"Eduardo Corti, Miguel Carrasco, Julio Esbrés, Osvaldo Rizzo","Elvino Vardaro, Alfonso Bernava, Julio Graria, José Carli, Eugenio Napoli"
Fulvio Salamanca,Fulvio Salamanca y su orquesta,1966,El potrerito,,Milonga,Alberto Hidalgo,Music Hall,,,Fulvio Salamanca,Italo Bessa,"Eduardo Corti, Miguel Carrasco, Julio Esbrés, Osvaldo Rizzo","Elvino Vardaro, Alfonso Bernava, Julio Graria, José Carli, Eugenio Napoli"
Fulvio Salamanca,Fulvio Salamanca y su orquesta,1966,Frase,,Tango,Alberto Hidalgo,Music Hall,Armando Pontier,Homero Expósito,Fulvio Salamanca,Italo Bessa,"Eduardo Corti, Miguel Carrasco, Julio Esbrés, Osvaldo Rizzo","Elvino Vardaro, Alfonso Bernava, Julio Graria, José Carli, Eugenio Napoli"
Fulvio Salamanca,Fulvio Salamanca y su orquesta,1966,Herrero Sentimental,,Tango,Instrumental,Music Hall,"Antonio Sureda, Roberto Maida",,Fulvio Salamanca,Italo Bessa,"Eduardo Corti, Miguel Carrasco, Julio Esbrés, Osvaldo Rizzo","Elvino Vardaro, Alfonso Bernava, Julio Graria, José Carli, Eugenio Napoli"
Fulvio Salamanca,Fulvio Salamanca y su orquesta,1966,Mi lejana Buenos Aires,,Tango,Instrumental,Music Hall,Fulvio Salamanca,,Fulvio Salamanca,Italo Bessa,"Eduardo Corti, Miguel Carrasco, Julio Esbrés, Osvaldo Rizzo","Elvino Vardaro, Alfonso Bernava, Julio Graria, José Carli, Eugenio Napoli"
Fulvio Salamanca,Fulvio Salamanca y su orquesta,1966,Payadora,,Milonga,Instrumental,Music Hall,Julián Plaza,,Fulvio Salamanca,Italo Bessa,"Eduardo Corti, Miguel Carrasco, Julio Esbrés, Osvaldo Rizzo","Elvino Vardaro, Alfonso Bernava, Julio Graria, José Carli, Eugenio Napoli"
Fulvio Salamanca,Fulvio Salamanca y su orquesta,1966,Solamente por amor,,Tango,Alberto Hidalgo,Music Hall,,,Fulvio Salamanca,Italo Bessa,"Eduardo Corti, Miguel Carrasco, Julio Esbrés, Osvaldo Rizzo","Elvino Vardaro, Alfonso Bernava, Julio Graria, José Carli, Eugenio Napoli"
Fulvio Salamanca,Fulvio Salamanca y su orquesta,1966,Tu angustia y mi dolor,,Tango,Julio Rodolfo,Music Hall,Fulvio Salamanca,,Fulvio Salamanca,Italo Bessa,"Eduardo Corti, Miguel Carrasco, Julio Esbrés, Osvaldo Rizzo","Elvino Vardaro, Alfonso Bernava, Julio Graria, José Carli, Eugenio Napoli"
Fulvio Salamanca,Fulvio Salamanca y su orquesta,1966,Una rubia que vive en la luna,,Vals,Julio Rodolfo,Music Hall,,Federico Silva,Fulvio Salamanca,Italo Bessa,"Eduardo Corti, Miguel Carrasco, Julio Esbrés, Osvaldo Rizzo","Elvino Vardaro, Alfonso Bernava, Julio Graria, José Carli, Eugenio Napoli"
Fulvio Salamanca,Fulvio Salamanca y su orquesta,1967,A media luz,,Tango,Instrumental,Music Hall,Edgardo Donato,Carlos César Lenzi,Fulvio Salamanca,Italo Bessa,"Eduardo Corti, Miguel Carrasco, Julio Esbrés, Osvaldo Rizzo","Elvino Vardaro, Alfonso Bernava, Julio Graria, José Carli, Eugenio Napoli"
Fulvio Salamanca,Fulvio Salamanca y su orquesta,1967,"Adiós, muchachos",,Tango,Instrumental,Music Hall,Julio César Sanders,César Vedani,Fulvio Salamanca,Italo Bessa,"Eduardo Corti, Miguel Carrasco, Julio Esbrés, Osvaldo Rizzo","Elvino Vardaro, Alfonso Bernava, Julio Graria, José Carli, Eugenio Napoli"
Fulvio Salamanca,Fulvio Salamanca y su orquesta,1967,"Adiós, pampa mía",,Tango,Instrumental,Music Hall,"Francisco Canaro, Mariano Mores",Ivo Pelay,Fulvio Salamanca,Italo Bessa,"Eduardo Corti, Miguel Carrasco, Julio Esbrés, Osvaldo Rizzo","Elvino Vardaro, Alfonso Bernava, Julio Graria, José Carli, Eugenio Napoli"
Fulvio Salamanca,Fulvio Salamanca y su orquesta,1967,Caminito,,Tango,Instrumental,Music Hall,Juan de Dios Filiberto,Gabino Coria Peñaloza,Fulvio Salamanca,Italo Bessa,"Eduardo Corti, Miguel Carrasco, Julio Esbrés, Osvaldo Rizzo","Elvino Vardaro, Alfonso Bernava, Julio Graria, José Carli, Eugenio Napoli"
Fulvio Salamanca,Fulvio Salamanca y su orquesta,1967,Canaro en Paris,,Tango,Instrumental,Music Hall,"Alejandro Scarpino, Juan Caldarella",,Fulvio Salamanca,Italo Bessa,"Eduardo Corti, Miguel Carrasco, Julio Esbrés, Osvaldo Rizzo","Elvino Vardaro, Alfonso Bernava, Julio Graria, José Carli, Eugenio Napoli"
Fulvio Salamanca,Fulvio Salamanca y su orquesta,1967,El amanecer,,Tango,Instrumental,Music Hall,Roberto Firpo,,Fulvio Salamanca,Italo Bessa,"Eduardo Corti, Miguel Carrasco, Julio Esbrés, Osvaldo Rizzo","Elvino Vardaro, Alfonso Bernava, Julio Graria, José Carli, Eugenio Napoli"
Fulvio Salamanca,Fulvio Salamanca y su orquesta,1967,El choclo,,Tango,Instrumental,Music Hall,Angel Villoldo,Angel Villoldo,Fulvio Salamanca,Italo Bessa,"Eduardo Corti, Miguel Carrasco, Julio Esbrés, Osvaldo Rizzo","Elvino Vardaro, Alfonso Bernava, Julio Graria, José Carli, Eugenio Napoli"
Fulvio Salamanca,Fulvio Salamanca y su orquesta,1967,El huracán,,Tango,Instrumental,Music Hall,Osvaldo Donato; Edgardo Donato,Nolo López,Fulvio Salamanca,Italo Bessa,"Eduardo Corti, Miguel Carrasco, Julio Esbrés, Osvaldo Rizzo","Elvino Vardaro, Alfonso Bernava, Julio Graria, José Carli, Eugenio Napoli"
Fulvio Salamanca,Fulvio Salamanca y su orquesta,1967,Felicia,,Tango,Instrumental,Music Hall,Enrique Saborido,Carlos Mauricio Pacheco,Fulvio Salamanca,Italo Bessa,"Eduardo Corti, Miguel Carrasco, Julio Esbrés, Osvaldo Rizzo","Elvino Vardaro, Alfonso Bernava, Julio Graria, José Carli, Eugenio Napoli"
Fulvio Salamanca,Fulvio Salamanca y su orquesta,1967,La cumparsita,,Tango,Instrumental,Music Hall,Gerardo Matos Rodriguez,Gerardo Matos Rodriguez,Fulvio Salamanca,Italo Bessa,"Eduardo Corti, Miguel Carrasco, Julio Esbrés, Osvaldo Rizzo","Elvino Vardaro, Alfonso Bernava, Julio Graria, José Carli, Eugenio Napoli"
Fulvio Salamanca,Fulvio Salamanca y su orquesta,1967,"Mamá, yo quiero un novio",,Tango,Instrumental,Music Hall,Ramón Collazo,"Roberto Fontaina, Víctor Soliño",Fulvio Salamanca,Italo Bessa,"Eduardo Corti, Miguel Carrasco, Julio Esbrés, Osvaldo Rizzo","Elvino Vardaro, Alfonso Bernava, Julio Graria, José Carli, Eugenio Napoli"
Fulvio Salamanca,Fulvio Salamanca y su orquesta,1967,"Yira, yira",,Tango,Instrumental,Music Hall,Enrique Santos Discépolo,Enrique Santos Discépolo,Fulvio Salamanca,Italo Bessa,"Eduardo Corti, Miguel Carrasco, Julio Esbrés, Osvaldo Rizzo","Elvino Vardaro, Alfonso Bernava, Julio Graria, José Carli, Eugenio Napoli"
Fulvio Salamanca,Fulvio Salamanca y su orquesta,1968,Al separarnos,,Vals,Julio Rodolfo,,Fulvio Salamanca,Eugenio Majul,,,,
Fulvio Salamanca,Fulvio Salamanca y su orquesta,1968,Aquel tapado de armiño,,Tango,Instrumental,,Enrique Delfino,Manuel Romero,,,,
Fulvio Salamanca,Fulvio Salamanca y su orquesta,1968,Callao once,,Tango,Instrumental,,Javier Mazzea,,,,,
Fulvio Salamanca,Fulvio Salamanca y su orquesta,1968,Camino del recreo,,Milonga,Instrumental,,Fulvio Salamanca,,,,,
Fulvio Salamanca,Fulvio Salamanca y su orquesta,1968,Carmen,,Milonga,Alberto Hidalgo,Music Hall,Edgardo Donato,,Fulvio Salamanca,Italo Bessa,"Eduardo Corti, Miguel Carrasco, Julio Esbrés, Osvaldo Rizzo","Elvino Vardaro, Alfonso Bernava, Julio Graria, José Carli, Eugenio Napoli"
Fulvio Salamanca,Fulvio Salamanca y su orquesta,1968,Cero alas,,Tango,Julio Rodolfo,Music Hall,Arturo Hércules Gallucci,Francisco Bohigas,Fulvio Salamanca,Italo Bessa,"Eduardo Corti, Miguel Carrasco, Julio Esbrés, Osvaldo Rizzo","Elvino Vardaro, Alfonso Bernava, Julio Graria, José Carli, Eugenio Napoli"
Fulvio Salamanca,Fulvio Salamanca y su orquesta,1968,Como rosas prendidas,,Tango,Julio Rodolfo,,Fulvio Salamanca,Fulvio Salamanca,,,,
Fulvio Salamanca,Fulvio Salamanca y su orquesta,1968,Cómo aprender a quererte,,Tango,Julio Rodolfo,,Carlos Lucero,Javier Mazzea,,,,
Fulvio Salamanca,Fulvio Salamanca y su orquesta,1968,Dibujos,,Tango,Instrumental,Music Hall,José Ranieri,,Fulvio Salamanca,Italo Bessa,"Eduardo Corti, Miguel Carrasco, Julio Esbrés, Osvaldo Rizzo","Elvino Vardaro, Alfonso Bernava, Julio Graria, José Carli, Eugenio Napoli"
Fulvio Salamanca,Fulvio Salamanca y su orquesta,1968,El abrojito,,Tango,Julio Rodolfo,Music Hall,Luis Bernstein,Jesús Fernández Blanco,Fulvio Salamanca,Italo Bessa,"Eduardo Corti, Miguel Carrasco, Julio Esbrés, Osvaldo Rizzo","Elvino Vardaro, Alfonso Bernava, Julio Graria, José Carli, Eugenio Napoli"
Fulvio Salamanca,Fulvio Salamanca y su orquesta,1968,Está sonando un tango,,Tango,Julio Rodolfo,Music Hall,Félix Rosario Arena,,Fulvio Salamanca,Italo Bessa,"Eduardo Corti, Miguel Carrasco, Julio Esbrés, Osvaldo Rizzo","Elvino Vardaro, Alfonso Bernava, Julio Graria, José Carli, Eugenio Napoli"
Fulvio Salamanca,Fulvio Salamanca y su orquesta,1968,La cachila,,Tango,Instrumental,Music Hall,Eduardo Arolas,Héctor Polito,Fulvio Salamanca,Italo Bessa,"Eduardo Corti, Miguel Carrasco, Julio Esbrés, Osvaldo Rizzo","Elvino Vardaro, Alfonso Bernava, Julio Graria, José Carli, Eugenio Napoli"
Fulvio Salamanca,Fulvio Salamanca y su orquesta,1968,Los despojos,,Tango,Julio Rodolfo,,José Dames,Horacio Sanguinetti,,,,
Fulvio Salamanca,Fulvio Salamanca y su orquesta,1968,Matraca,,Tango,Instrumental,,Fulvio Salamanca,,,,,
Fulvio Salamanca,Fulvio Salamanca y su orquesta,1968,Mi novia de ayer,,Vals,Julio Rodolfo,Music Hall,Arturo Gallucci,José Barreiros Bazán,Fulvio Salamanca,Italo Bessa,"Eduardo Corti, Miguel Carrasco, Julio Esbrés, Osvaldo Rizzo","Elvino Vardaro, Alfonso Bernava, Julio Graria, José Carli, Eugenio Napoli"
Fulvio Salamanca,Fulvio Salamanca y su orquesta,1968,Nostalgias,,Tango,Instrumental,,Juan Carlos Cobián,Enrique Cadícamo,,,,
Fulvio Salamanca,Fulvio Salamanca y su orquesta,1968,Nuestra despedida,,Tango,Alberto Hidalgo,Music Hall,Armando Pontier,Federico Silva,Fulvio Salamanca,Italo Bessa,"Eduardo Corti, Miguel Carrasco, Julio Esbrés, Osvaldo Rizzo","Elvino Vardaro, Alfonso Bernava, Julio Graria, José Carli, Eugenio Napoli"
Fulvio Salamanca,Fulvio Salamanca y su orquesta,1968,Rosa morena,,Milonga,Instrumental,Music Hall,Enrique Maciel,Héctor Pedro Blomberg,Fulvio Salamanca,Italo Bessa,"Eduardo Corti, Miguel Carrasco, Julio Esbrés, Osvaldo Rizzo","Elvino Vardaro, Alfonso Bernava, Julio Graria, José Carli, Eugenio Napoli"
Fulvio Salamanca,Fulvio Salamanca y su orquesta,1968,Tanguereando,,Tango,Alberto Hidalgo,Music Hall,Fulvio Salamanca,,Fulvio Salamanca,Italo Bessa,"Eduardo Corti, Miguel Carrasco, Julio Esbrés, Osvaldo Rizzo","Elvino Vardaro, Alfonso Bernava, Julio Graria, José Carli, Eugenio Napoli"
Fulvio Salamanca,Fulvio Salamanca y su orquesta,1969,Ahí va el dulce,,Tango,Instrumental,Music Hall,"Pedro Maffia, Pedro Laurenz",,Fulvio Salamanca,Italo Bessa,"Eduardo Corti, Miguel Carrasco, Julio Esbrés, Osvaldo Rizzo","Elvino Vardaro, Alfonso Bernava, Julio Graria, José Carli, Eugenio Napoli"
Fulvio Salamanca,Fulvio Salamanca y su orquesta,1969,Canaro en Paris,,Tango,Instrumental,Music Hall,"Alejandro Scarpino, Juan Caldarella",,Fulvio Salamanca,Italo Bessa,"Eduardo Corti, Miguel Carrasco, Julio Esbrés, Osvaldo Rizzo","Elvino Vardaro, Alfonso Bernava, Julio Graria, José Carli, Eugenio Napoli"
Fulvio Salamanca,Fulvio Salamanca y su orquesta,1969,Desde el alma,,Vals,Instrumental,Music Hall,Rosita Melo,"Homero Manzi, Víctor Piuma Vélez",Fulvio Salamanca,Italo Bessa,"Eduardo Corti, Miguel Carrasco, Julio Esbrés, Osvaldo Rizzo","Elvino Vardaro, Alfonso Bernava, Julio Graria, José Carli, Eugenio Napoli"
Fulvio Salamanca,Fulvio Salamanca y su orquesta,1969,Don Goyo,,Tango,Instrumental,Music Hall,Juan Maglio,,Fulvio Salamanca,Italo Bessa,"Eduardo Corti, Miguel Carrasco, Julio Esbrés, Osvaldo Rizzo","Elvino Vardaro, Alfonso Bernava, Julio Graria, José Carli, Eugenio Napoli"
Fulvio Salamanca,Fulvio Salamanca y su orquesta,1969,El choclo,,Tango,Instrumental,Music Hall,Angel Villoldo,Angel Villoldo,Fulvio Salamanca,Italo Bessa,"Eduardo Corti, Miguel Carrasco, Julio Esbrés, Osvaldo Rizzo","Elvino Vardaro, Alfonso Bernava, Julio Graria, José Carli, Eugenio Napoli"
Fulvio Salamanca,Fulvio Salamanca y su orquesta,1969,Inspiración,,Tango,Instrumental,Music Hall,Peregrino Paulos,Luis Rubistein,Fulvio Salamanca,Italo Bessa,"Eduardo Corti, Miguel Carrasco, Julio Esbrés, Osvaldo Rizzo","Elvino Vardaro, Alfonso Bernava, Julio Graria, José Carli, Eugenio Napoli"
Fulvio Salamanca,Fulvio Salamanca y su orquesta,1969,La cautiva,,Tango,Instrumental,Music Hall,Eduardo Arolas,,Fulvio Salamanca,Italo Bessa,"Eduardo Corti, Miguel Carrasco, Julio Esbrés, Osvaldo Rizzo","Elvino Vardaro, Alfonso Bernava, Julio Graria, José Carli, Eugenio Napoli"
Fulvio Salamanca,Fulvio Salamanca y su orquesta,1969,Mi dolor,,Tango,Instrumental,Music Hall,Carlos Marcucci,Manuel Meaños,Fulvio Salamanca,Italo Bessa,"Eduardo Corti, Miguel Carrasco, Julio Esbrés, Osvaldo Rizzo","Elvino Vardaro, Alfonso Bernava, Julio Graria, José Carli, Eugenio Napoli"
Fulvio Salamanca,Fulvio Salamanca y su orquesta,1969,Mi refugio,,Tango,Instrumental,Music Hall,Juan Carlos Cobián,,Fulvio Salamanca,Italo Bessa,"Eduardo Corti, Miguel Carrasco, Julio Esbrés, Osvaldo Rizzo","Elvino Vardaro, Alfonso Bernava, Julio Graria, José Carli, Eugenio Napoli"
Fulvio Salamanca,Fulvio Salamanca y su orquesta,1969,Nunca tuvo novio,,Tango,Instrumental,Music Hall,Agustín Bardi,Enrique Cadícamo,Fulvio Salamanca,Italo Bessa,"Eduardo Corti, Miguel Carrasco, Julio Esbrés, Osvaldo Rizzo","Elvino Vardaro, Alfonso Bernava, Julio Graria, José Carli, Eugenio Napoli"
Fulvio Salamanca,Fulvio Salamanca y su orquesta,1969,Payadora,,Milonga,Instrumental,Music Hall,Julián Plaza,,Fulvio Salamanca,Italo Bessa,"Eduardo Corti, Miguel Carrasco, Julio Esbrés, Osvaldo Rizzo","Elvino Vardaro, Alfonso Bernava, Julio Graria, José Carli, Eugenio Napoli"
Fulvio Salamanca,Fulvio Salamanca y su orquesta,1969,Pedacito de cielo,,Vals,Instrumental,Music Hall,"Enrique Francini, Héctor Stamponi",Homero Expósito,Fulvio Salamanca,Italo Bessa,"Eduardo Corti, Miguel Carrasco, Julio Esbrés, Osvaldo Rizzo","Elvino Vardaro, Alfonso Bernava, Julio Graria, José Carli, Eugenio Napoli"
Fulvio Salamanca,Fulvio Salamanca y su orquesta,1975,El huracán,,Tango,Instrumental,,Osvaldo Donato y Edgardo Donato,Nolo López,,,,
Fulvio Salamanca,Fulvio Salamanca y su orquesta,1975,Recuerdo,,Tango,Instrumental,,Osvaldo Pugliese,Eduardo Moreno,,,,
Fulvio Salamanca,Fulvio Salamanca y su orquesta,1975,Rodríguez Peña,,Tango,Instrumental,,Vicente Greco,Juan Velich,,,,
Fulvio Salamanca,Fulvio Salamanca y su orquesta,1987,Al separarnos,,Vals,Julio Rodolfo,Almaly,Fulvio Salamanca,Eugenio Majul,"Fulvio Salamanca, Fulvio Salamanca","Italo Bessa, Francisco Rueda","Eduardo Corti, Miguel Carrasco, Julio Esbrés, Osvaldo Rizzo, Alberto Vidal, Alberto Zeni","Elvino Vardaro, Alfonso Bernava, Julio Graria, José Carli, Eugenio Napoli, Carlos Piccione, Daniel Magenat"
Fulvio Salamanca,Fulvio Salamanca y su orquesta,1987,Aquel tapado de armiño,,Tango,Instrumental,Almaly,Enrique Delfino,Manuel Romero,"Fulvio Salamanca, Fulvio Salamanca","Italo Bessa, Francisco Rueda","Eduardo Corti, Miguel Carrasco, Julio Esbrés, Osvaldo Rizzo, Alberto Vidal, Alberto Zeni","Elvino Vardaro, Alfonso Bernava, Julio Graria, José Carli, Eugenio Napoli, Carlos Piccione, Daniel Magenat"
Fulvio Salamanca,Fulvio Salamanca y su orquesta,1987,Callao once,,Tango,Instrumental,Almaly,Javier Mazzea,,"Fulvio Salamanca, Fulvio Salamanca","Italo Bessa, Francisco Rueda","Eduardo Corti, Miguel Carrasco, Julio Esbrés, Osvaldo Rizzo, Alberto Vidal, Alberto Zeni","Elvino Vardaro, Alfonso Bernava, Julio Graria, José Carli, Eugenio Napoli, Carlos Piccione, Daniel Magenat"
Fulvio Salamanca,Fulvio Salamanca y su orquesta,1987,Camino del recreo,,Milonga,Instrumental,Almaly,Fulvio Salamanca,Fulvio Salamanca,"Fulvio Salamanca, Fulvio Salamanca","Italo Bessa, Francisco Rueda","Eduardo Corti, Miguel Carrasco, Julio Esbrés, Osvaldo Rizzo, Alberto Vidal, Alberto Zeni","Elvino Vardaro, Alfonso Bernava, Julio Graria, José Carli, Eugenio Napoli, Carlos Piccione, Daniel Magenat"
Fulvio Salamanca,Fulvio Salamanca y su orquesta,1987,Cautivo,,Tango,Julio Rodolfo,Almaly,Egidio Pittaluga,Luis Rubistein,"Fulvio Salamanca, Fulvio Salamanca","Italo Bessa, Francisco Rueda","Eduardo Corti, Miguel Carrasco, Julio Esbrés, Osvaldo Rizzo, Alberto Vidal, Alberto Zeni","Elvino Vardaro, Alfonso Bernava, Julio Graria, José Carli, Eugenio Napoli, Carlos Piccione, Daniel Magenat"
Fulvio Salamanca,Fulvio Salamanca y su orquesta,1987,Como rosas prendidas,,Tango,Julio Rodolfo,Almaly,Fulvio Salamanca,Fulvio Salamanca,"Fulvio Salamanca, Fulvio Salamanca","Italo Bessa, Francisco Rueda","Eduardo Corti, Miguel Carrasco, Julio Esbrés, Osvaldo Rizzo, Alberto Vidal, Alberto Zeni","Elvino Vardaro, Alfonso Bernava, Julio Graria, José Carli, Eugenio Napoli, Carlos Piccione, Daniel Magenat"
Fulvio Salamanca,Fulvio Salamanca y su orquesta,1987,Cómo aprender a quererte,,Tango,Julio Rodolfo,Almaly,Carlos Lucero,Javier Mazzea,"Fulvio Salamanca, Fulvio Salamanca","Italo Bessa, Francisco Rueda","Eduardo Corti, Miguel Carrasco, Julio Esbrés, Osvaldo Rizzo, Alberto Vidal, Alberto Zeni","Elvino Vardaro, Alfonso Bernava, Julio Graria, José Carli, Eugenio Napoli, Carlos Piccione, Daniel Magenat"
Fulvio Salamanca,Fulvio Salamanca y su orquesta,1987,Dibujos,,Tango,Instrumental,Almaly,José Ranieri,,"Fulvio Salamanca, Fulvio Salamanca","Italo Bessa, Francisco Rueda","Eduardo Corti, Miguel Carrasco, Julio Esbrés, Osvaldo Rizzo, Alberto Vidal, Alberto Zeni","Elvino Vardaro, Alfonso Bernava, Julio Graria, José Carli, Eugenio Napoli, Carlos Piccione, Daniel Magenat"
Fulvio Salamanca,Fulvio Salamanca y su orquesta,1987,Los despojos,,Tango,Julio Rodolfo,Almaly,José Dames,Horacio Sanguinetti,"Fulvio Salamanca, Fulvio Salamanca","Italo Bessa, Francisco Rueda","Eduardo Corti, Miguel Carrasco, Julio Esbrés, Osvaldo Rizzo, Alberto Vidal, Alberto Zeni","Elvino Vardaro, Alfonso Bernava, Julio Graria, José Carli, Eugenio Napoli, Carlos Piccione, Daniel Magenat"
Fulvio Salamanca,Fulvio Salamanca y su orquesta,1987,Matraca,,Tango,Instrumental,Almaly,Fulvio Salamanca,Fulvio Salamanca,"Fulvio Salamanca, Fulvio Salamanca","Italo Bessa, Francisco Rueda","Eduardo Corti, Miguel Carrasco, Julio Esbrés, Osvaldo Rizzo, Alberto Vidal, Alberto Zeni","Elvino Vardaro, Alfonso Bernava, Julio Graria, José Carli, Eugenio Napoli, Carlos Piccione, Daniel Magenat"
Fulvio Salamanca,Fulvio Salamanca y su orquesta,1987,Milongueracha,,Milonga,Instrumental,Almaly,"Fulvio Salamanca, Alberto Celenza",,"Fulvio Salamanca, Fulvio Salamanca","Italo Bessa, Francisco Rueda","Eduardo Corti, Miguel Carrasco, Julio Esbrés, Osvaldo Rizzo, Alberto Vidal, Alberto Zeni","Elvino Vardaro, Alfonso Bernava, Julio Graria, José Carli, Eugenio Napoli, Carlos Piccione, Daniel Magenat"
Fulvio Salamanca,Fulvio Salamanca y su orquesta,1987,Nostalgias,,Tango,Instrumental,Almaly,Antonio Sureda,,"Fulvio Salamanca, Fulvio Salamanca","Italo Bessa, Francisco Rueda","Eduardo Corti, Miguel Carrasco, Julio Esbrés, Osvaldo Rizzo, Alberto Vidal, Alberto Zeni","Elvino Vardaro, Alfonso Bernava, Julio Graria, José Carli, Eugenio Napoli, Carlos Piccione, Daniel Magenat"
Fulvio Salamanca,Fulvio Salamanca y su orquesta,1987,Rosa Morena (Abuelita Dominga),,Milonga,Enrique Maciel,,Enrique Maciel,Héctor Pedro Blomberg,,,,
