Bandleader,Orchestra,Date,Title,AltTitle,Genre,Singer,Label,Master,Composer,Author,Arranger,Grouping,Pianist,Bassist,Bandoneons,Strings,Lineup,Matrix,Disc
Horacio Salgán,Horacio Salgán y su Gran Orquesta Típica,5/4/1950,La Clavada,,Tango,Instrumental,RCA Víctor,78rpm,Ernesto Zambonini,,,50-57 Típica,Horacio Salgán,Rafael Ferro,"Ernesto Baffa, Américo Figola, Antonio Scelza, Mario Montagna, Ismael Paz (Bass Clarinet)","Víctor Felice, Ariol Aroldo Gessaghi, José Paz, David Aszenmil, Ramón Coronel, Francisco Sammartino (Viola), Ignacio Fuster (Cello)","Piano, Bass, 4 Bandoneons, 5 Violins, Bass Clarinet, Viola, Cello",93676,601962-B
Horacio Salgán,Horacio Salgán y su Gran Orquesta Típica,5/4/1950,Recuerdo,,Tango,Instrumental,RCA Víctor,78rpm,Osvaldo Pugliese,Eduardo Moreno,,50-57 Típica,Horacio Salgán,Rafael Ferro,"Ernesto Baffa, Américo Figola, Antonio Scelza, Mario Montagna, Ismael Paz (Bass Clarinet)","Víctor Felice, Ariol Aroldo Gessaghi, José Paz, David Aszenmil, Ramón Coronel, Francisco Sammartino (Viola), Ignacio Fuster (Cello)","Piano, Bass, 4 Bandoneons, 5 Violins, Bass Clarinet, Viola, Cello",93675,601962-A
Horacio Salgán,Horacio Salgán y su Gran Orquesta Típica,6/21/1950,Como Abrazado A Un Rencor,,Tango,Ángel Díaz,RCA Víctor,78rpm,Rafael Rossi,Antonio Podestá,,50-57 Típica,Horacio Salgán,Rafael Ferro,"Ernesto Baffa, Américo Figola, Antonio Scelza, Mario Montagna, Ismael Paz (Bass Clarinet)","Víctor Felice, Ariol Aroldo Gessaghi, José Paz, David Aszenmil, Ramón Coronel, Francisco Sammartino (Viola), Ignacio Fuster (Cello)","Piano, Bass, 4 Bandoneons, 5 Violins, Bass Clarinet, Viola, Cello",93776,601997-B
Horacio Salgán,Horacio Salgán y su Gran Orquesta Típica,6/21/1950,Mi Refugio,,Tango,Instrumental,RCA Víctor,78rpm,Juan Cobián,,,50-57 Típica,Horacio Salgán,Rafael Ferro,"Ernesto Baffa, Américo Figola, Antonio Scelza, Mario Montagna, Ismael Paz (Bass Clarinet)","Víctor Felice, Ariol Aroldo Gessaghi, José Paz, David Aszenmil, Ramón Coronel, Francisco Sammartino (Viola), Ignacio Fuster (Cello)","Piano, Bass, 4 Bandoneons, 5 Violins, Bass Clarinet, Viola, Cello",93775,601997-A
Horacio Salgán,Horacio Salgán y su Gran Orquesta Típica,8/11/1950,Mala Junta,,Tango,Instrumental,RCA Víctor,78rpm,"Julio De Caro, Pedro Laurenz",,,50-57 Típica,Horacio Salgán,Rafael Ferro,"Ernesto Baffa, Américo Figola, Antonio Scelza, Mario Montagna, Ismael Paz (Bass Clarinet)","Víctor Felice, Ariol Aroldo Gessaghi, José Paz, David Aszenmil, Ramón Coronel, Francisco Sammartino (Viola), Ignacio Fuster (Cello)","Piano, Bass, 4 Bandoneons, 5 Violins, Bass Clarinet, Viola, Cello",93939,602060-A
Horacio Salgán,Horacio Salgán y su Gran Orquesta Típica,8/11/1950,Motivo De Vals,,Vals,Ángel Díaz,RCA Víctor,78rpm,Horacio Salgán,Carlos Bahr,,50-57 Típica,Horacio Salgán,Rafael Ferro,"Ernesto Baffa, Américo Figola, Antonio Scelza, Mario Montagna, Ismael Paz (Bass Clarinet)","Víctor Felice, Ariol Aroldo Gessaghi, José Paz, David Aszenmil, Ramón Coronel, Francisco Sammartino (Viola), Ignacio Fuster (Cello)","Piano, Bass, 4 Bandoneons, 5 Violins, Bass Clarinet, Viola, Cello",93940,602060-B
Horacio Salgán,Horacio Salgán y su Gran Orquesta Típica,12/29/1950,Don Agustín Bardi,,Tango,Instrumental,RCA Víctor,78rpm,Horacio Salgán,,,50-57 Típica,Horacio Salgán,Rafael Ferro,"Ernesto Baffa, Américo Figola, Antonio Scelza, Mario Montagna, Ismael Paz (Bass Clarinet)","Víctor Felice, Ariol Aroldo Gessaghi, José Paz, David Aszenmil, Ramón Coronel, Francisco Sammartino (Viola), Ignacio Fuster (Cello)","Piano, Bass, 4 Bandoneons, 5 Violins, Bass Clarinet, Viola, Cello",94033,680228-B
Horacio Salgán,Horacio Salgán y su Gran Orquesta Típica,12/29/1950,Gallo Ciego,,Tango,Instrumental,RCA Víctor,78rpm,Agustín Bardi,,,50-57 Típica,Horacio Salgán,Rafael Ferro,"Ernesto Baffa, Américo Figola, Antonio Scelza, Mario Montagna, Ismael Paz (Bass Clarinet)","Víctor Felice, Ariol Aroldo Gessaghi, José Paz, David Aszenmil, Ramón Coronel, Francisco Sammartino (Viola), Ignacio Fuster (Cello)","Piano, Bass, 4 Bandoneons, 5 Violins, Bass Clarinet, Viola, Cello",94032,680228-A
Horacio Salgán,Horacio Salgán y su Gran Orquesta Típica,2/8/1951,Pobre Colombina,,Tango,Horacio Deval,RCA Víctor,78rpm,"Virgilio Carmona, Emilio Falero",Emilio Falero,,50-57 Típica,Horacio Salgán,Rafael Ferro,"Ernesto Baffa, Américo Figola, Antonio Scelza, Mario Montagna, Ismael Paz (Bass Clarinet)","Víctor Felice, Ariol Aroldo Gessaghi, José Paz, David Aszenmil, Ramón Coronel, Francisco Sammartino (Viola), Ignacio Fuster (Cello)","Piano, Bass, 4 Bandoneons, 5 Violins, Bass Clarinet, Viola, Cello",94340,680147-A
Horacio Salgán,Horacio Salgán y su Gran Orquesta Típica,2/8/1951,Vieja Recova,,Tango,Ángel Díaz,RCA Víctor,78rpm,Rodolfo Sciammarella,Enrique Cadícamo,,50-57 Típica,Horacio Salgán,Rafael Ferro,"Ernesto Baffa, Américo Figola, Antonio Scelza, Mario Montagna, Ismael Paz (Bass Clarinet)","Víctor Felice, Ariol Aroldo Gessaghi, José Paz, David Aszenmil, Ramón Coronel, Francisco Sammartino (Viola), Ignacio Fuster (Cello)","Piano, Bass, 4 Bandoneons, 5 Violins, Bass Clarinet, Viola, Cello",94341,680147-B
Horacio Salgán,Horacio Salgán y su Gran Orquesta Típica,5/30/1951,Shusheta,El Aristócrata,Tango,Instrumental,RCA Víctor,78rpm,Juan Cobián,Enrique Cadícamo,,50-57 Típica,Horacio Salgán,Rafael Ferro,"Ernesto Baffa, Américo Figola, Antonio Scelza, Mario Montagna, Ismael Paz (Bass Clarinet)","Víctor Felice, Ariol Aroldo Gessaghi, José Paz, David Aszenmil, Ramón Coronel, Francisco Sammartino (Viola), Ignacio Fuster (Cello)","Piano, Bass, 4 Bandoneons, 5 Violins, Bass Clarinet, Viola, Cello",94199,680173-B
Horacio Salgán,Horacio Salgán y su Gran Orquesta Típica,5/30/1951,Tierra Querida,,Tango,Instrumental,RCA Víctor,78rpm,Julio De Caro,Luis Díaz,,50-57 Típica,Horacio Salgán,Rafael Ferro,"Ernesto Baffa, Américo Figola, Antonio Scelza, Mario Montagna, Ismael Paz (Bass Clarinet)","Víctor Felice, Ariol Aroldo Gessaghi, José Paz, David Aszenmil, Ramón Coronel, Francisco Sammartino (Viola), Ignacio Fuster (Cello)","Piano, Bass, 4 Bandoneons, 5 Violins, Bass Clarinet, Viola, Cello",94200,680173-A
Horacio Salgán,Horacio Salgán y su Gran Orquesta Típica,7/5/1951,Las Mirlas,,Vals,Ángel Díaz,RCA Víctor,78rpm,Pedro Martínez,Jesús Trespalacios,,50-57 Típica,Horacio Salgán,Rafael Ferro,"Ernesto Baffa, Américo Figola, Antonio Scelza, Mario Montagna, Ismael Paz (Bass Clarinet)","Víctor Felice, Ariol Aroldo Gessaghi, José Paz, David Aszenmil, Ramón Coronel, Francisco Sammartino (Viola), Ignacio Fuster (Cello)","Piano, Bass, 4 Bandoneons, 5 Violins, Bass Clarinet, Viola, Cello",94134,680155-B
Horacio Salgán,Horacio Salgán y su Gran Orquesta Típica,7/5/1951,Sueño Querido,,Tango,Horacio Deval,RCA Víctor,78rpm,Ángel Maffia,Mario Battistella,,50-57 Típica,Horacio Salgán,Rafael Ferro,"Ernesto Baffa, Américo Figola, Antonio Scelza, Mario Montagna, Ismael Paz (Bass Clarinet)","Víctor Felice, Ariol Aroldo Gessaghi, José Paz, David Aszenmil, Ramón Coronel, Francisco Sammartino (Viola), Ignacio Fuster (Cello)","Piano, Bass, 4 Bandoneons, 5 Violins, Bass Clarinet, Viola, Cello",94135,680155-A
Horacio Salgán,Horacio Salgán y su Gran Orquesta Típica,7/12/1951,La Tablada,,Tango,Instrumental,RCA Víctor,78rpm,Francisco Canaro,,,50-57 Típica,Horacio Salgán,Rafael Ferro,"Ernesto Baffa, Américo Figola, Antonio Scelza, Mario Montagna, Ismael Paz (Bass Clarinet)","Víctor Felice, Ariol Aroldo Gessaghi, José Paz, David Aszenmil, Ramón Coronel, Francisco Sammartino (Viola), Ignacio Fuster (Cello)","Piano, Bass, 4 Bandoneons, 5 Violins, Bass Clarinet, Viola, Cello",94434,680201-B
Horacio Salgán,Horacio Salgán y su Gran Orquesta Típica,7/12/1951,Ojos Negros,,Tango,Instrumental,RCA Víctor,78rpm,Vicente Greco,,,50-57 Típica,Horacio Salgán,Rafael Ferro,"Ernesto Baffa, Américo Figola, Antonio Scelza, Mario Montagna, Ismael Paz (Bass Clarinet)","Víctor Felice, Ariol Aroldo Gessaghi, José Paz, David Aszenmil, Ramón Coronel, Francisco Sammartino (Viola), Ignacio Fuster (Cello)","Piano, Bass, 4 Bandoneons, 5 Violins, Bass Clarinet, Viola, Cello",94433,680201-A
Horacio Salgán,Horacio Salgán y su Gran Orquesta Típica,12/17/1951,N.P.(No Place),,Tango,Angel Diaz,RCA Víctor,78rpm,Juan J.Riverol,,,50-57 Típica,Horacio Salgán,Rafael Ferro,"Ernesto Baffa, Américo Figola, Antonio Scelza, Mario Montagna, Ismael Paz (Bass Clarinet)","Víctor Felice, Ariol Aroldo Gessaghi, José Paz, David Aszenmil, Ramón Coronel, Francisco Sammartino (Viola), Ignacio Fuster (Cello)","Piano, Bass, 4 Bandoneons, 5 Violins, Bass Clarinet, Viola, Cello",94439,680202-B
Horacio Salgán,Horacio Salgán y su Gran Orquesta Típica,12/17/1951,Np,No Placé,Tango,Ángel Díaz,RCA Víctor,Tape,Juan Riverol,Francisco Loiácono,,50-57 Típica,Horacio Salgán,Rafael Ferro,"Ernesto Baffa, Américo Figola, Antonio Scelza, Mario Montagna, Ismael Paz (Bass Clarinet)","Víctor Felice, Ariol Aroldo Gessaghi, José Paz, David Aszenmil, Ramón Coronel, Francisco Sammartino (Viola), Ignacio Fuster (Cello)","Piano, Bass, 4 Bandoneons, 5 Violins, Bass Clarinet, Viola, Cello",,
Horacio Salgán,Horacio Salgán y su Gran Orquesta Típica,12/17/1951,Yo Te Bendigo,,Tango,Horacio Deval,RCA Víctor,Tape,Juan Filiberto,Juan Bruno,,50-57 Típica,Horacio Salgán,Rafael Ferro,"Ernesto Baffa, Américo Figola, Antonio Scelza, Mario Montagna, Ismael Paz (Bass Clarinet)","Víctor Felice, Ariol Aroldo Gessaghi, José Paz, David Aszenmil, Ramón Coronel, Francisco Sammartino (Viola), Ignacio Fuster (Cello)","Piano, Bass, 4 Bandoneons, 5 Violins, Bass Clarinet, Viola, Cello",94438,680202-A
Horacio Salgán,Horacio Salgán y su Gran Orquesta Típica,5/20/1952,Sentimental Y Canyengue,,Tango,Instrumental,RCA Víctor,Tape,"Leopoldo Federico, Victor Felice",,,50-57 Típica,Horacio Salgán,Rafael Ferro,"Ernesto Baffa, Américo Figola, Antonio Scelza, Mario Montagna, Ismael Paz (Bass Clarinet)","Víctor Felice, Ariol Aroldo Gessaghi, José Paz, David Aszenmil, Ramón Coronel, Francisco Sammartino (Viola), Ignacio Fuster (Cello)","Piano, Bass, 4 Bandoneons, 5 Violins, Bass Clarinet, Viola, Cello",,
Horacio Salgán,Horacio Salgán y su Gran Orquesta Típica,5/20/1952,Un Momento,,Vals,Roberto Goyeneche,RCA Víctor,Tape,Héctor Stamponi,Héctor Stamponi,,50-57 Típica,Horacio Salgán,Rafael Ferro,"Ernesto Baffa, Américo Figola, Antonio Scelza, Mario Montagna, Ismael Paz (Bass Clarinet)","Víctor Felice, Ariol Aroldo Gessaghi, José Paz, David Aszenmil, Ramón Coronel, Francisco Sammartino (Viola), Ignacio Fuster (Cello)","Piano, Bass, 4 Bandoneons, 5 Violins, Bass Clarinet, Viola, Cello",01016,680681-A
Horacio Salgán,Horacio Salgán y su Gran Orquesta Típica,5/30/1952,Alma De Loca,,Tango,Roberto Goyeneche,RCA Víctor,Tape,Guillermo Cavazza,Jacinto Font,,50-57 Típica,Horacio Salgán,Rafael Ferro,"Ernesto Baffa, Américo Figola, Antonio Scelza, Mario Montagna, Ismael Paz (Bass Clarinet)","Víctor Felice, Ariol Aroldo Gessaghi, José Paz, David Aszenmil, Ramón Coronel, Francisco Sammartino (Viola), Ignacio Fuster (Cello)","Piano, Bass, 4 Bandoneons, 5 Violins, Bass Clarinet, Viola, Cello",94938,680296-B
Horacio Salgán,Horacio Salgán y su Gran Orquesta Típica,5/30/1952,Los Mareados,,Tango,Instrumental,RCA Víctor,Tape,Juan Cobián,Enrique Cadícamo,,50-57 Típica,Horacio Salgán,Rafael Ferro,"Ernesto Baffa, Américo Figola, Antonio Scelza, Mario Montagna, Ismael Paz (Bass Clarinet)","Víctor Felice, Ariol Aroldo Gessaghi, José Paz, David Aszenmil, Ramón Coronel, Francisco Sammartino (Viola), Ignacio Fuster (Cello)","Piano, Bass, 4 Bandoneons, 5 Violins, Bass Clarinet, Viola, Cello",94939,680296-A
Horacio Salgán,Horacio Salgán y su Gran Orquesta Típica,6/25/1952,Boedo,,Tango,Instrumental,RCA Víctor,Tape,Julio De Caro,Dante Linyera,,50-57 Típica,Horacio Salgán,Rafael Ferro,"Ernesto Baffa, Américo Figola, Antonio Scelza, Mario Montagna, Ismael Paz (Bass Clarinet)","Víctor Felice, Ariol Aroldo Gessaghi, José Paz, David Aszenmil, Ramón Coronel, Francisco Sammartino (Viola), Ignacio Fuster (Cello)","Piano, Bass, 4 Bandoneons, 5 Violins, Bass Clarinet, Viola, Cello",94969,680312-A
Horacio Salgán,Horacio Salgán y su Gran Orquesta Típica,6/25/1952,Una Carta,,Tango,Ángel Díaz,RCA Víctor,Tape,Miguel Bucino,Miguel Bucino,,50-57 Típica,Horacio Salgán,Rafael Ferro,"Ernesto Baffa, Américo Figola, Antonio Scelza, Mario Montagna, Ismael Paz (Bass Clarinet)","Víctor Felice, Ariol Aroldo Gessaghi, José Paz, David Aszenmil, Ramón Coronel, Francisco Sammartino (Viola), Ignacio Fuster (Cello)","Piano, Bass, 4 Bandoneons, 5 Violins, Bass Clarinet, Viola, Cello",94970,680312-B
Horacio Salgán,Horacio Salgán y su Gran Orquesta Típica,9/4/1952,Ilusión De Mi Vida,,Vals,Instrumental,RCA Víctor,Tape,Feliciano Brunelli,Nolo López,,50-57 Típica,Horacio Salgán,Rafael Ferro,"Ernesto Baffa, Américo Figola, Antonio Scelza, Mario Montagna, Ismael Paz (Bass Clarinet)","Víctor Felice, Ariol Aroldo Gessaghi, José Paz, David Aszenmil, Ramón Coronel, Francisco Sammartino (Viola), Ignacio Fuster (Cello)","Piano, Bass, 4 Bandoneons, 5 Violins, Bass Clarinet, Viola, Cello",94865,680247-A
Horacio Salgán,Horacio Salgán y su Gran Orquesta Típica,9/4/1952,La Llamó Silbando,,Tango,Instrumental,RCA Víctor,Tape,Horacio Salgán,,,50-57 Típica,Horacio Salgán,Rafael Ferro,"Ernesto Baffa, Américo Figola, Antonio Scelza, Mario Montagna, Ismael Paz (Bass Clarinet)","Víctor Felice, Ariol Aroldo Gessaghi, José Paz, David Aszenmil, Ramón Coronel, Francisco Sammartino (Viola), Ignacio Fuster (Cello)","Piano, Bass, 4 Bandoneons, 5 Violins, Bass Clarinet, Viola, Cello",94868,680247-B
Horacio Salgán,Horacio Salgán y su Gran Orquesta Típica,9/16/1952,Del 1 Al 5,Dia De Pago,Tango,Instrumental,RCA Víctor,Tape,Horacio Salgán,,,50-57 Típica,Horacio Salgán,Rafael Ferro,"Ernesto Baffa, Américo Figola, Antonio Scelza, Mario Montagna, Ismael Paz (Bass Clarinet)","Víctor Felice, Ariol Aroldo Gessaghi, José Paz, David Aszenmil, Ramón Coronel, Francisco Sammartino (Viola), Ignacio Fuster (Cello)","Piano, Bass, 4 Bandoneons, 5 Violins, Bass Clarinet, Viola, Cello",00129,680392-B
Horacio Salgán,Horacio Salgán y su Gran Orquesta Típica,9/16/1952,Yo Soy El Mismo,,Tango,Roberto Goyeneche,RCA Víctor,Tape,Edmundo Rivero,Víctor Felice,,50-57 Típica,Horacio Salgán,Rafael Ferro,"Ernesto Baffa, Américo Figola, Antonio Scelza, Mario Montagna, Ismael Paz (Bass Clarinet)","Víctor Felice, Ariol Aroldo Gessaghi, José Paz, David Aszenmil, Ramón Coronel, Francisco Sammartino (Viola), Ignacio Fuster (Cello)","Piano, Bass, 4 Bandoneons, 5 Violins, Bass Clarinet, Viola, Cello",00128,680392-A
Horacio Salgán,Horacio Salgán y su Gran Orquesta Típica,5/20/1953,Sentimental Y Canyenge,,Tango,Instrumental,RCA Víctor,78rpm,L.Federico,V.Felice,,50-57 Típica,Horacio Salgán,Rafael Ferro,"Ernesto Baffa, Américo Figola, Antonio Scelza, Mario Montagna, Ismael Paz (Bass Clarinet)","Víctor Felice, Ariol Aroldo Gessaghi, José Paz, David Aszenmil, Ramón Coronel, Francisco Sammartino (Viola), Ignacio Fuster (Cello)","Piano, Bass, 4 Bandoneons, 5 Violins, Bass Clarinet, Viola, Cello",01017,680681-B
Horacio Salgán,Horacio Salgán y su Gran Orquesta Típica,2/9/1953,Doble Castigo,,Tango,Ángel Díaz,RCA Víctor,Tape,Elías Randal,Carlos Bahr,,50-57 Típica,Horacio Salgán,Rafael Ferro,"Ernesto Baffa, Américo Figola, Antonio Scelza, Mario Montagna, Ismael Paz (Bass Clarinet)","Víctor Felice, Ariol Aroldo Gessaghi, José Paz, David Aszenmil, Ramón Coronel, Francisco Sammartino (Viola), Ignacio Fuster (Cello)","Piano, Bass, 4 Bandoneons, 5 Violins, Bass Clarinet, Viola, Cello",01620,681044-B
Horacio Salgán,Horacio Salgán y su Gran Orquesta Típica,2/9/1953,Don Goyo,,Tango,Instrumental,RCA Víctor,Tape,Luis Bernstein,,,50-57 Típica,Horacio Salgán,Rafael Ferro,"Ernesto Baffa, Américo Figola, Antonio Scelza, Mario Montagna, Ismael Paz (Bass Clarinet)","Víctor Felice, Ariol Aroldo Gessaghi, José Paz, David Aszenmil, Ramón Coronel, Francisco Sammartino (Viola), Ignacio Fuster (Cello)","Piano, Bass, 4 Bandoneons, 5 Violins, Bass Clarinet, Viola, Cello",01617,681043-A
Horacio Salgán,Horacio Salgán y su Gran Orquesta Típica,2/9/1953,El Marne,,Tango,Instrumental,RCA Víctor,Tape,Eduardo Arolas,,,50-57 Típica,Horacio Salgán,Rafael Ferro,"Ernesto Baffa, Américo Figola, Antonio Scelza, Mario Montagna, Ismael Paz (Bass Clarinet)","Víctor Felice, Ariol Aroldo Gessaghi, José Paz, David Aszenmil, Ramón Coronel, Francisco Sammartino (Viola), Ignacio Fuster (Cello)","Piano, Bass, 4 Bandoneons, 5 Violins, Bass Clarinet, Viola, Cello",01619,681044-A
Horacio Salgán,Horacio Salgán y su Gran Orquesta Típica,2/9/1953,Siga El Corso,,Tango,Roberto Goyeneche,RCA Víctor,Tape,Anselmo Aieta,Francisco Jiménez,,50-57 Típica,Horacio Salgán,Rafael Ferro,"Ernesto Baffa, Américo Figola, Antonio Scelza, Mario Montagna, Ismael Paz (Bass Clarinet)","Víctor Felice, Ariol Aroldo Gessaghi, José Paz, David Aszenmil, Ramón Coronel, Francisco Sammartino (Viola), Ignacio Fuster (Cello)","Piano, Bass, 4 Bandoneons, 5 Violins, Bass Clarinet, Viola, Cello",01618,681043-B
Horacio Salgán,Horacio Salgán y su Gran Orquesta Típica,1953,Desde El Alma,,Vals,Instrumental,Disco TK,Tape,Rosita Melo,"Víctor Vélez, Homero Manzi",,50-57 Típica,Horacio Salgán,Rafael Ferro,"Ernesto Baffa, Américo Figola, Antonio Scelza, Mario Montagna, Ismael Paz (Bass Clarinet)","Víctor Felice, Ariol Aroldo Gessaghi, José Paz, David Aszenmil, Ramón Coronel, Francisco Sammartino (Viola), Ignacio Fuster (Cello)","Piano, Bass, 4 Bandoneons, 5 Violins, Bass Clarinet, Viola, Cello",623,S5243-A
Horacio Salgán,Horacio Salgán y su Gran Orquesta Típica,1953,La Cautiva,,Tango,Instrumental,Disco TK,Tape,Alejandro Flores,Claudio Frollo,,50-57 Típica,Horacio Salgán,Rafael Ferro,"Ernesto Baffa, Américo Figola, Antonio Scelza, Mario Montagna, Ismael Paz (Bass Clarinet)","Víctor Felice, Ariol Aroldo Gessaghi, José Paz, David Aszenmil, Ramón Coronel, Francisco Sammartino (Viola), Ignacio Fuster (Cello)","Piano, Bass, 4 Bandoneons, 5 Violins, Bass Clarinet, Viola, Cello",625,S5244-A
Horacio Salgán,Horacio Salgán y su Gran Orquesta Típica,1953,Malevaje,,Tango,Ángel Díaz,Disco TK,Tape,Juan Filiberto,Enrique Discépolo,,50-57 Típica,Horacio Salgán,Rafael Ferro,"Ernesto Baffa, Américo Figola, Antonio Scelza, Mario Montagna, Ismael Paz (Bass Clarinet)","Víctor Felice, Ariol Aroldo Gessaghi, José Paz, David Aszenmil, Ramón Coronel, Francisco Sammartino (Viola), Ignacio Fuster (Cello)","Piano, Bass, 4 Bandoneons, 5 Violins, Bass Clarinet, Viola, Cello",626,S5244-B
Horacio Salgán,Horacio Salgán y su Gran Orquesta Típica,1953,Margarita Gauthier,,Tango,Roberto Goyeneche,Disco TK,Tape,Joaquín Mora,Julio Nelson,,50-57 Típica,Horacio Salgán,Rafael Ferro,"Ernesto Baffa, Américo Figola, Antonio Scelza, Mario Montagna, Ismael Paz (Bass Clarinet)","Víctor Felice, Ariol Aroldo Gessaghi, José Paz, David Aszenmil, Ramón Coronel, Francisco Sammartino (Viola), Ignacio Fuster (Cello)","Piano, Bass, 4 Bandoneons, 5 Violins, Bass Clarinet, Viola, Cello",624,S5243-B
Horacio Salgán,Horacio Salgán y su Gran Orquesta Típica,1953,Nueve De Julio,9 De Julio,Tango,Instrumental,Disco TK,Tape,José Padula,Lito Bayardo,,50-57 Típica,Horacio Salgán,Rafael Ferro,"Ernesto Baffa, Américo Figola, Antonio Scelza, Mario Montagna, Ismael Paz (Bass Clarinet)","Víctor Felice, Ariol Aroldo Gessaghi, José Paz, David Aszenmil, Ramón Coronel, Francisco Sammartino (Viola), Ignacio Fuster (Cello)","Piano, Bass, 4 Bandoneons, 5 Violins, Bass Clarinet, Viola, Cello",621,S5242-A
Horacio Salgán,Horacio Salgán y su Gran Orquesta Típica,1953,Pan,,Tango,Roberto Goyeneche,Disco TK,Tape,Eduardo Pereyra,Celedonio Flores,,50-57 Típica,Horacio Salgán,Rafael Ferro,"Ernesto Baffa, Américo Figola, Antonio Scelza, Mario Montagna, Ismael Paz (Bass Clarinet)","Víctor Felice, Ariol Aroldo Gessaghi, José Paz, David Aszenmil, Ramón Coronel, Francisco Sammartino (Viola), Ignacio Fuster (Cello)","Piano, Bass, 4 Bandoneons, 5 Violins, Bass Clarinet, Viola, Cello",622,S5242-B
Horacio Salgán,Horacio Salgán y su Gran Orquesta Típica,1954,A Fuego Lento,,Tango,Instrumental,Disco TK,Tape,Horacio Salgán,,,50-57 Típica,Horacio Salgán,Rafael Ferro,"Ernesto Baffa, Américo Figola, Antonio Scelza, Mario Montagna, Ismael Paz (Bass Clarinet)","Víctor Felice, Ariol Aroldo Gessaghi, José Paz, David Aszenmil, Ramón Coronel, Francisco Sammartino (Viola), Ignacio Fuster (Cello)","Piano, Bass, 4 Bandoneons, 5 Violins, Bass Clarinet, Viola, Cello",905,S5354-A
Horacio Salgán,Horacio Salgán y su Gran Orquesta Típica,1954,El Vino Triste,,Tango,Ángel Díaz,Disco TK,Tape,Juan D'Arienzo,Manuel Romero,,50-57 Típica,Horacio Salgán,Rafael Ferro,"Ernesto Baffa, Américo Figola, Antonio Scelza, Mario Montagna, Ismael Paz (Bass Clarinet)","Víctor Felice, Ariol Aroldo Gessaghi, José Paz, David Aszenmil, Ramón Coronel, Francisco Sammartino (Viola), Ignacio Fuster (Cello)","Piano, Bass, 4 Bandoneons, 5 Violins, Bass Clarinet, Viola, Cello",783,S5310-B
Horacio Salgán,Horacio Salgán y su Gran Orquesta Típica,1954,Grillito,,Tango,Instrumental,Disco TK,Tape,Horacio Salgán,,,50-57 Típica,Horacio Salgán,Rafael Ferro,"Ernesto Baffa, Américo Figola, Antonio Scelza, Mario Montagna, Ismael Paz (Bass Clarinet)","Víctor Felice, Ariol Aroldo Gessaghi, José Paz, David Aszenmil, Ramón Coronel, Francisco Sammartino (Viola), Ignacio Fuster (Cello)","Piano, Bass, 4 Bandoneons, 5 Violins, Bass Clarinet, Viola, Cello",782,S5310-A
Horacio Salgán,Horacio Salgán y su Gran Orquesta Típica,1954,Por El Camino,,Vals,Roberto Goyeneche,Disco TK,Tape,Carlos Flores,Benjamín Lara,,50-57 Típica,Horacio Salgán,Rafael Ferro,"Ernesto Baffa, Américo Figola, Antonio Scelza, Mario Montagna, Ismael Paz (Bass Clarinet)","Víctor Felice, Ariol Aroldo Gessaghi, José Paz, David Aszenmil, Ramón Coronel, Francisco Sammartino (Viola), Ignacio Fuster (Cello)","Piano, Bass, 4 Bandoneons, 5 Violins, Bass Clarinet, Viola, Cello",906,S5354-B
Horacio Salgán,Horacio Salgán y su Gran Orquesta Típica,1955,Alma Corazón Y Vida,,Vals,Ángel Díaz y Roberto Goyeneche,Disco TK,Tape,Adrián Albán,Adrián Albán,,50-57 Típica,Horacio Salgán,Rafael Ferro,"Ernesto Baffa, Américo Figola, Antonio Scelza, Mario Montagna, Ismael Paz (Bass Clarinet)","Víctor Felice, Ariol Aroldo Gessaghi, José Paz, David Aszenmil, Ramón Coronel, Francisco Sammartino (Viola), Ignacio Fuster (Cello)","Piano, Bass, 4 Bandoneons, 5 Violins, Bass Clarinet, Viola, Cello",1033,S5401-A
Horacio Salgán,Horacio Salgán y su Gran Orquesta Típica,1955,Silbando,,Tango,Ángel Díaz,Disco TK,Tape,"Cátulo Castillo, Sebastián Piana",José Castillo,,50-57 Típica,Horacio Salgán,Rafael Ferro,"Ernesto Baffa, Américo Figola, Antonio Scelza, Mario Montagna, Ismael Paz (Bass Clarinet)","Víctor Felice, Ariol Aroldo Gessaghi, José Paz, David Aszenmil, Ramón Coronel, Francisco Sammartino (Viola), Ignacio Fuster (Cello)","Piano, Bass, 4 Bandoneons, 5 Violins, Bass Clarinet, Viola, Cello",1034,S5401-B
Horacio Salgán,Horacio Salgán y su Gran Orquesta Típica,1955,Sueño Azul,,Tango,Instrumental,Disco TK,Tape,Francisco De Caro,Mario Gomila,,50-57 Típica,Horacio Salgán,Rafael Ferro,"Ernesto Baffa, Américo Figola, Antonio Scelza, Mario Montagna, Ismael Paz (Bass Clarinet)","Víctor Felice, Ariol Aroldo Gessaghi, José Paz, David Aszenmil, Ramón Coronel, Francisco Sammartino (Viola), Ignacio Fuster (Cello)","Piano, Bass, 4 Bandoneons, 5 Violins, Bass Clarinet, Viola, Cello",1047,S5407-A
Horacio Salgán,Horacio Salgán y su Gran Orquesta Típica,1955,Sus Ojos Se Cerraron,,Tango,Roberto Goyeneche,Disco TK,Tape,Carlos Gardel,Alfredo Le Pera,,50-57 Típica,Horacio Salgán,Rafael Ferro,"Ernesto Baffa, Américo Figola, Antonio Scelza, Mario Montagna, Ismael Paz (Bass Clarinet)","Víctor Felice, Ariol Aroldo Gessaghi, José Paz, David Aszenmil, Ramón Coronel, Francisco Sammartino (Viola), Ignacio Fuster (Cello)","Piano, Bass, 4 Bandoneons, 5 Violins, Bass Clarinet, Viola, Cello",1048,S5407-B
Horacio Salgán,Horacio Salgán y su Gran Orquesta Típica,1956,Retirao,El Retirao,Tango,Instrumental,Disco TK,Tape,Carlos Posadas,,,50-57 Típica,Horacio Salgán,Rafael Ferro,"Ernesto Baffa, Américo Figola, Antonio Scelza, Mario Montagna, Ismael Paz (Bass Clarinet)","Víctor Felice, Ariol Aroldo Gessaghi, José Paz, David Aszenmil, Ramón Coronel, Francisco Sammartino (Viola), Ignacio Fuster (Cello)","Piano, Bass, 4 Bandoneons, 5 Violins, Bass Clarinet, Viola, Cello",1201,E10095-A
Horacio Salgán,Horacio Salgán y su Gran Orquesta Típica,1956,Un Cielo Para Los Dos,,Vals,Roberto Goyeneche y Ángel Díaz,Disco TK,Tape,Ángel Cabral,Enrique Dizeo,,50-57 Típica,Horacio Salgán,Rafael Ferro,"Ernesto Baffa, Américo Figola, Antonio Scelza, Mario Montagna, Ismael Paz (Bass Clarinet)","Víctor Felice, Ariol Aroldo Gessaghi, José Paz, David Aszenmil, Ramón Coronel, Francisco Sammartino (Viola), Ignacio Fuster (Cello)","Piano, Bass, 4 Bandoneons, 5 Violins, Bass Clarinet, Viola, Cello",1202,E10095-B
Horacio Salgán,Horacio Salgán y su Orquesta Típica,5/20/1956,Un Cielo Para Los Dos,,Vals,Roberto Goyeneche y Ángel Díaz,Disco TK,Tape,Ángel Cabral,Enrique Dizeo,,50-57 Típica,Horacio Salgán,Rafael Ferro,"Ernesto Baffa, Américo Figola, Antonio Scelza, Mario Montagna, Ismael Paz (Bass Clarinet)","Víctor Felice, Ariol Aroldo Gessaghi, José Paz, David Aszenmil, Ramón Coronel, Francisco Sammartino (Viola), Ignacio Fuster (Cello)","Piano, Bass, 4 Bandoneons, 5 Violins, Bass Clarinet, Viola, Cello",,
Horacio Salgán,Horacio Salgán y su Gran Orquesta Típica,1957,Entre Tango Y Tango,,Tango,Instrumental,Telefunken,Tape,Horacio Salgán,Jesús Otero,Horacio Salgán,50-57 Típica,Horacio Salgán,Rafael Ferro,"Ernesto Baffa, Américo Figola, Antonio Scelza, Mario Montagna, Ismael Paz (Bass Clarinet)","Víctor Felice, Ariol Aroldo Gessaghi, José Paz, David Aszenmil, Ramón Coronel, Francisco Sammartino (Viola), Ignacio Fuster (Cello)","Piano, Bass, 4 Bandoneons, 5 Violins, Bass Clarinet, Viola, Cello",,PLP-2003
Horacio Salgán,Horacio Salgán y su Gran Orquesta Típica,1957,Flores Negras,,Tango,Instrumental,Telefunken,Tape,Francisco De Caro,Mario Gomila,,50-57 Típica,Horacio Salgán,Rafael Ferro,"Ernesto Baffa, Américo Figola, Antonio Scelza, Mario Montagna, Ismael Paz (Bass Clarinet)","Víctor Felice, Ariol Aroldo Gessaghi, José Paz, David Aszenmil, Ramón Coronel, Francisco Sammartino (Viola), Ignacio Fuster (Cello)","Piano, Bass, 4 Bandoneons, 5 Violins, Bass Clarinet, Viola, Cello",,PLP-2003
Horacio Salgán,Horacio Salgán y su Gran Orquesta Típica,1957,Homenaje,,Milonga,Instrumental,Telefunken,Tape,Horacio Salgán,,,50-57 Típica,Horacio Salgán,Rafael Ferro,"Ernesto Baffa, Américo Figola, Antonio Scelza, Mario Montagna, Ismael Paz (Bass Clarinet)","Víctor Felice, Ariol Aroldo Gessaghi, José Paz, David Aszenmil, Ramón Coronel, Francisco Sammartino (Viola), Ignacio Fuster (Cello)","Piano, Bass, 4 Bandoneons, 5 Violins, Bass Clarinet, Viola, Cello",,PLP-2003
Horacio Salgán,Horacio Salgán y su Gran Orquesta Típica,1957,La Cachila,,Tango,Instrumental,Telefunken,Tape,Eduardo Arolas,,,50-57 Típica,Horacio Salgán,Rafael Ferro,"Ernesto Baffa, Américo Figola, Antonio Scelza, Mario Montagna, Ismael Paz (Bass Clarinet)","Víctor Felice, Ariol Aroldo Gessaghi, José Paz, David Aszenmil, Ramón Coronel, Francisco Sammartino (Viola), Ignacio Fuster (Cello)","Piano, Bass, 4 Bandoneons, 5 Violins, Bass Clarinet, Viola, Cello",,PLP-2003
Horacio Salgán,Horacio Salgán y su Gran Orquesta Típica,1957,La Casita De Mis Viejos,,Tango,Edmundo Rivero,Telefunken,Tape,Juan Cobián,Enrique Cadícamo,,50-57 Típica,Horacio Salgán,Rafael Ferro,"Ernesto Baffa, Américo Figola, Antonio Scelza, Mario Montagna, Ismael Paz (Bass Clarinet)","Víctor Felice, Ariol Aroldo Gessaghi, José Paz, David Aszenmil, Ramón Coronel, Francisco Sammartino (Viola), Ignacio Fuster (Cello)","Piano, Bass, 4 Bandoneons, 5 Violins, Bass Clarinet, Viola, Cello",,PLP-2003
Horacio Salgán,Horacio Salgán y su Gran Orquesta Típica,1957,La Última Curda,,Tango,Edmundo Rivero,Telefunken,Tape,Aníbal Troilo,Cátulo Castillo,,50-57 Típica,Horacio Salgán,Rafael Ferro,"Ernesto Baffa, Américo Figola, Antonio Scelza, Mario Montagna, Ismael Paz (Bass Clarinet)","Víctor Felice, Ariol Aroldo Gessaghi, José Paz, David Aszenmil, Ramón Coronel, Francisco Sammartino (Viola), Ignacio Fuster (Cello)","Piano, Bass, 4 Bandoneons, 5 Violins, Bass Clarinet, Viola, Cello",,P-6002-A
Horacio Salgán,Horacio Salgán y su Gran Orquesta Típica,1957,Milonguero Viejo,,Tango,Instrumental,Telefunken,Tape,Carlos Di Sarli,,,50-57 Típica,Horacio Salgán,Rafael Ferro,"Ernesto Baffa, Américo Figola, Antonio Scelza, Mario Montagna, Ismael Paz (Bass Clarinet)","Víctor Felice, Ariol Aroldo Gessaghi, José Paz, David Aszenmil, Ramón Coronel, Francisco Sammartino (Viola), Ignacio Fuster (Cello)","Piano, Bass, 4 Bandoneons, 5 Violins, Bass Clarinet, Viola, Cello",,P-6002-B
Horacio Salgán,Horacio Salgán y su Gran Orquesta Típica,1957,Responso,,Tango,Instrumental,Telefunken,Tape,Aníbal Troilo,,,50-57 Típica,Horacio Salgán,Rafael Ferro,"Ernesto Baffa, Américo Figola, Antonio Scelza, Mario Montagna, Ismael Paz (Bass Clarinet)","Víctor Felice, Ariol Aroldo Gessaghi, José Paz, David Aszenmil, Ramón Coronel, Francisco Sammartino (Viola), Ignacio Fuster (Cello)","Piano, Bass, 4 Bandoneons, 5 Violins, Bass Clarinet, Viola, Cello",,PLP-2003
Horacio Salgán,Horacio Salgán y Ubaldo De Lío,5/28/1959,A Fuego Lento,,Tango,Instrumental,Verve,78rpm,Horacio Salgán y Ubaldo De Lío,,,Salgán y De Lío,Horacio Salgán,,,Ubaldo De Lío (Guitar),"Piano, Guitar",,MGV2149
Horacio Salgán,Horacio Salgán y Ubaldo De Lío,5/28/1959,Agustín Bardi,,Tango,Instrumental,Verve,78rpm,Horacio Salgán y Ubaldo De Lío,,,Salgán y De Lío,Horacio Salgán,,,Ubaldo De Lío (Guitar),"Piano, Guitar",,
Horacio Salgán,Horacio Salgán y Ubaldo De Lío,5/28/1959,Al Buenos Aires De Las Tres De La Mañana,,Tango,Instrumental,Verve,Tape,Adolfo Abalos,,,Salgán y De Lío,Horacio Salgán,,,Ubaldo De Lío (Guitar),"Piano, Guitar",,MGV2149
Horacio Salgán,Horacio Salgán y Ubaldo De Lío,5/28/1959,Ay Tirana,,Tango,Instrumental,Verve,78rpm,"Oscar De Los Hoyos, Tamasi",,,Salgán y De Lío,Horacio Salgán,,,Ubaldo De Lío (Guitar),"Piano, Guitar",,MGV2149
Horacio Salgán,Horacio Salgán y Ubaldo De Lío,5/28/1959,Boedo,,Tango,Instrumental,Verve,78rpm,Julio De Caro,,,Salgán y De Lío,Horacio Salgán,,,Ubaldo De Lío (Guitar),"Piano, Guitar",,MGV2149
Horacio Salgán,Horacio Salgán y Ubaldo De Lío,5/28/1959,Bosque Encantado,,Tango,Instrumental,Verve,78rpm,Horacio Salgán y Ubaldo De Lío,,,Salgán y De Lío,Horacio Salgán,,,Ubaldo De Lío (Guitar),"Piano, Guitar",,
Horacio Salgán,Horacio Salgán y Ubaldo De Lío,5/28/1959,Buenos Aires A Las Tres De La Mañana,,Tango,Instrumental,Verve,78rpm,Abalos,,,Salgán y De Lío,Horacio Salgán,,,Ubaldo De Lío (Guitar),"Piano, Guitar",,
Horacio Salgán,Horacio Salgán y Ubaldo De Lío,5/28/1959,Don Agustín Bardi,,Tango,Instrumental,Verve,Tape,Horacio Salgán,,,Salgán y De Lío,Horacio Salgán,,,Ubaldo De Lío (Guitar),"Piano, Guitar",,MGV2149
Horacio Salgán,Horacio Salgán y Ubaldo De Lío,5/28/1959,El Bosque Mágico,,Tango,Instrumental,Verve,Tape,Horacio Salgán,,,Salgán y De Lío,Horacio Salgán,,,Ubaldo De Lío (Guitar),"Piano, Guitar",,MGV2149
Horacio Salgán,Horacio Salgán y Ubaldo De Lío,5/28/1959,La Casita De Mis Viejos,,Tango,Instrumental,Verve,78rpm,"Juan Carlos Cobain, Cadiamo",,,Salgán y De Lío,Horacio Salgán,,,Ubaldo De Lío (Guitar),"Piano, Guitar",,MGV2149
Horacio Salgán,Horacio Salgán y Ubaldo De Lío,5/28/1959,Mamá Vieja,,Tango,Instrumental,Verve,78rpm,"Larenza, Bayardo",,,Salgán y De Lío,Horacio Salgán,,,Ubaldo De Lío (Guitar),"Piano, Guitar",,MGV2149
Horacio Salgán,Horacio Salgán y Ubaldo De Lío,5/28/1959,Orgullo Criollo,,Tango,Instrumental,Verve,78rpm,"Pedro Laurenz, Julio De Caro",,,Salgán y De Lío,Horacio Salgán,,,Ubaldo De Lío (Guitar),"Piano, Guitar",,MGV2149
Horacio Salgán,Horacio Salgán y Ubaldo De Lío,5/28/1959,Para Qué,,Tango,Instrumental,Verve,78rpm,Ocampo,,,Salgán y De Lío,Horacio Salgán,,,Ubaldo De Lío (Guitar),"Piano, Guitar",,MGV2149
Horacio Salgán,Horacio Salgán y Ubaldo De Lío,5/28/1959,Tango Del Eco,,Tango,Instrumental,Verve,78rpm,Horacio Salgán,,,Salgán y De Lío,Horacio Salgán,,,Ubaldo De Lío (Guitar),"Piano, Guitar",,MGV2149
Horacio Salgán,Horacio Salgán y Ubaldo De Lío,5/28/1959,Taquito Militar,,Tango,Instrumental,Verve,78rpm,Mariano Mores,,,Salgán y De Lío,Horacio Salgán,,,Ubaldo De Lío (Guitar),"Piano, Guitar",,MGV2149
Horacio Salgán,Horacio Salgán y Ubaldo De Lío,5/28/1959,Valsecito Amigo,,Vals,Instrumental,Verve,78rpm,Aníbal Troilo,,,Salgán y De Lío,Horacio Salgán,,,Ubaldo De Lío (Guitar),"Piano, Guitar",,MGV2149
Horacio Salgán,Quinteto Real,1960,A Fuego Lento,,Tango,Instrumental,Columbia,Tape,Horacio Salgán,,Horacio Salgán,60-69 Quinteto,Horacio Salgán,Rafael Ferro,Pedro Láurenz,"Enrique Francini, Ubaldo De Lío (Guitar)","Piano, Bass, Bandoneon, Violin, Guitar",,45404
Horacio Salgán,Quinteto Real,1960,Buenos Aires,,Tango,Instrumental,Columbia,Tape,Manuel Jovés,Manuel Romero,Horacio Salgán,60-69 Quinteto,Horacio Salgán,Rafael Ferro,Pedro Láurenz,"Enrique Francini, Ubaldo De Lío (Guitar)","Piano, Bass, Bandoneon, Violin, Guitar",,45404
Horacio Salgán,Quinteto Real,1960,Canaro En París,,Tango,Instrumental,Columbia,Tape,"Juan Caldarella, Alejandro Scarpino",José Scarpino,Horacio Salgán,60-69 Quinteto,Horacio Salgán,Rafael Ferro,Pedro Láurenz,"Enrique Francini, Ubaldo De Lío (Guitar)","Piano, Bass, Bandoneon, Violin, Guitar",,45404
Horacio Salgán,Quinteto Real,1960,Corralera,,Milonga,Instrumental,Columbia,Tape,Anselmo Aieta,,Horacio Salgán,60-69 Quinteto,Horacio Salgán,Enrique Díaz,Pedro Láurenz,"Enrique Francini, Ubaldo De Lío (Guitar)","Piano, Bass, Bandoneon, Violin, Guitar",,45404
Horacio Salgán,Quinteto Real,1960,El Arranque,,Tango,Instrumental,Columbia,Tape,Julio De Caro,Mario Gomila,Horacio Salgán,60-69 Quinteto,Horacio Salgán,Rafael Ferro,Pedro Láurenz,"Enrique Francini, Ubaldo De Lío (Guitar)","Piano, Bass, Bandoneon, Violin, Guitar",,45404
Horacio Salgán,Quinteto Real,1960,Ensueños,,Tango,Instrumental,Columbia,Tape,Luis Brighenti,Enrique Cadícamo,Horacio Salgán,60-69 Quinteto,Horacio Salgán,Rafael Ferro,Pedro Láurenz,"Enrique Francini, Ubaldo De Lío (Guitar)","Piano, Bass, Bandoneon, Violin, Guitar",,45404
Horacio Salgán,Quinteto Real,1960,Felicia,,Tango,Instrumental,Columbia,Tape,Enrique Saborido,Carlos Pacheco,Horacio Salgán,60-69 Quinteto,Horacio Salgán,Rafael Ferro,Pedro Láurenz,"Enrique Francini, Ubaldo De Lío (Guitar)","Piano, Bass, Bandoneon, Violin, Guitar",,45404
Horacio Salgán,Quinteto Real,1960,Julián,,Tango,Instrumental,Columbia,Tape,Edgardo Donato,José Panizza,Horacio Salgán,60-69 Quinteto,Horacio Salgán,Rafael Ferro,Pedro Láurenz,"Enrique Francini, Ubaldo De Lío (Guitar)","Piano, Bass, Bandoneon, Violin, Guitar",,45404
Horacio Salgán,Quinteto Real,1960,La Trampera,,Milonga,Instrumental,Columbia,Tape,Aníbal Troilo,,Horacio Salgán,60-69 Quinteto,Horacio Salgán,Enrique Díaz,Pedro Láurenz,"Enrique Francini, Ubaldo De Lío (Guitar)","Piano, Bass, Bandoneon, Violin, Guitar",,45404
Horacio Salgán,Quinteto Real,1960,Mal De Amores,,Tango,Instrumental,Columbia,Tape,Pedro Laurenz,Lito Bayardo,Horacio Salgán,60-69 Quinteto,Horacio Salgán,Enrique Díaz,Pedro Láurenz,"Enrique Francini, Ubaldo De Lío (Guitar)","Piano, Bass, Bandoneon, Violin, Guitar",,45404
Horacio Salgán,Quinteto Real,1960,Organito De La Tarde,,Tango,Instrumental,Columbia,Tape,Cátulo Castillo,José Castillo,Horacio Salgán,60-69 Quinteto,Horacio Salgán,Rafael Ferro,Pedro Láurenz,"Enrique Francini, Ubaldo De Lío (Guitar)","Piano, Bass, Bandoneon, Violin, Guitar",,45404
Horacio Salgán,Quinteto Real,1960,Pobre Gallo Bataraz,,Tango,Instrumental,Columbia,Tape,Antonio Scatasso,,,60-69 Quinteto,Horacio Salgán,Rafael Ferro,Pedro Láurenz,"Enrique Francini, Ubaldo De Lío (Guitar)","Piano, Bass, Bandoneon, Violin, Guitar",,45404
Horacio Salgán,Quinteto Real,1960,Romance De Barrio,,Vals,Instrumental,Columbia,Tape,Aníbal Troilo,Homero Manzi,,60-69 Quinteto,Horacio Salgán,Rafael Ferro,Pedro Láurenz,"Enrique Francini, Ubaldo De Lío (Guitar)","Piano, Bass, Bandoneon, Violin, Guitar",,45404
Horacio Salgán,Quinteto Real,1960,Ya No Cantas Chingolo (Chingolito),,Tango,Instrumental,Columbia,Tape,Antonio Scatasso,Edmundo Bianchi,Horacio Salgán,60-69 Quinteto,Horacio Salgán,Rafael Ferro,Pedro Láurenz,"Enrique Francini, Ubaldo De Lío (Guitar)","Piano, Bass, Bandoneon, Violin, Guitar",,45404
Horacio Salgán,Horacio Salgán y su Orquesta Típica,1961,A Una Mujer,,Tango,Edmundo Rivero,Philips,Tape,Horacio Salgán,Carmelo Volpe,,61-70 Tipica II,,,,,,,13944
Horacio Salgán,Horacio Salgán y su Orquesta Típica,1961,Acquaforte,,Tango,Edmundo Rivero,Philips,Tape,Horacio Pettorossi,Juan Catán,Horacio Salgán,61-70 Tipica II,,,,,,,13944
Horacio Salgán,Horacio Salgán y su Orquesta Típica,1961,Al Mundo Le Falta Un Tornillo,,Tango,Edmundo Rivero,Philips,Tape,José María Aguilar,Enrique Cadícamo,,61-70 Tipica II,,,,,,,13944
Horacio Salgán,Horacio Salgán y su Orquesta Típica,1961,Alma De Loca,,Tango,Edmundo Rivero,Philips,Tape,Guillermo Cavazza,Jacinto Font,,61-70 Tipica II,,,,,,,13944
Horacio Salgán,Horacio Salgán y su Orquesta Típica,1961,Canchero,,Tango,Edmundo Rivero,Philips,Tape,Arturo De Bassi,Celedonio Flores,,61-70 Tipica II,,,,,,,13944
Horacio Salgán,Horacio Salgán y su Orquesta Típica,1961,La Gayola,,Tango,Edmundo Rivero,Philips,Tape,Rafael Tuegols,Armando Tagini,,61-70 Tipica II,,,,,,,13944
Horacio Salgán,Horacio Salgán y su Orquesta Típica,1961,La Uruguayita Lucía,,Tango,Edmundo Rivero,Philips,Tape,Eduardo Pereyra,D. López Barreto,,61-70 Tipica II,,,,,,,13944
Horacio Salgán,Horacio Salgán y su Orquesta Típica,1961,Siga El Corso,,Tango,Edmundo RIvero,Philips,Tape,Anselmo Aieta,Francisco Jiménez,,61-70 Tipica II,,,,,,,13944
Horacio Salgán,Horacio Salgán y su Orquesta Típica,1961,Soy Del Noventa,Soy Del 90,Tango,Edmundo Rivero,Philips,Tape,Tito Ribero,Carlos Waiss,Horacio Salgán,61-70 Tipica II,,,,,,,13944
Horacio Salgán,Horacio Salgán y su Orquesta Típica,1961,Sueño Querido,,Tango,Edmundo Rivero,Philips,Tape,Ángel Maffia,Mario Battistella,Horacio Salgán,61-70 Tipica II,,,,,,,13944
Horacio Salgán,Horacio Salgán y su Orquesta Típica,1961,Trenzas,,Tango,Edmundo Rivero,Philips,Tape,Armando Pontier,Homero Expósito,,61-70 Tipica II,,,,,,,13944
Horacio Salgán,Horacio Salgán y su Orquesta Típica,1961,Yo Te Bendigo,,Tango,Edmundo Rivero,Philips,Tape,Juan Filiberto,Juan Bruno,Horacio Salgán,61-70 Tipica II,,,,,,,13944
Horacio Salgán,Horacio Salgán y Ubaldo De Lío,1962,Malena,,Tango,Instrumental,Philips,Tape,Lucio Demare,Homero Manzi,,61-70 Tipica II,,,,,,,
Horacio Salgán,Horacio Salgán y Ubaldo De Lío,1962,Risa Loca,,Tango,Instrumental,Philips,Tape,Pedro Laurenz,Jose De Grandis,,61-70 Tipica II,,,,,,,
Horacio Salgán,Horacio Salgán y Ubaldo De Lío,1962,Un Tropezón,,Tango,Instrumental,Philips,Tape,R.De Los Hoyos,Bayon Herrera,,61-70 Tipica II,,,,,,,
Horacio Salgán,Horacio Salgán y su Orquesta Típica,1963,Con Bombo Leguero,,Fusion,Instrumental,Philips,Tape,Horacio Salgán,,,61-70 Tipica II,,,,,,,P83015-B
Horacio Salgán,Horacio Salgán y su Orquesta Típica,1963,Estrellas Brillantes,,Tango,Instrumental,Philips,Tape,S.Sasaki,,,61-70 Tipica II,,,,,,,84165
Horacio Salgán,Horacio Salgán y su Orquesta Típica,1963,Good Night,,Tango,Instrumental,Philips,Tape,Tradicional Japonesa,,,61-70 Tipica II,,,,,,,84165
Horacio Salgán,Horacio Salgán y su Orquesta Típica,1963,Hamebe No Uta,,Tango,Instrumental,Philips,Tape,Tradicional Japonesa,,,61-70 Tipica II,,,,,,,84165
Horacio Salgán,Horacio Salgán y su Orquesta Típica,1963,Kime Koishl,,Tango,Instrumental,Philips,Tape,Tradicional Japonesa,,,61-70 Tipica II,,,,,,,84165
Horacio Salgán,Horacio Salgán y su Orquesta Típica,1963,Kojo No Tsuki,,Tango,Instrumental,Philips,Tape,Tradicional Japonesa,,,61-70 Tipica II,,,,,,,84165
Horacio Salgán,Horacio Salgán y su Orquesta Típica,1963,Kuroda Bushi,,Tango,Instrumental,Philips,Tape,Tradicional Japonesa,,,61-70 Tipica II,,,,,,,84165
Horacio Salgán,Horacio Salgán y su Orquesta Típica,1963,Oedo Nihonbashi,,Tango,Instrumental,Philips,Tape,Tradicional Japonesa,,,61-70 Tipica II,,,,,,,84165
Horacio Salgán,Horacio Salgán y su Orquesta Típica,1963,Sueño Despiadado,,Tango,Instrumental,Philips,Tape,Tradicional Japonesa,,,61-70 Tipica II,,,,,,,84165
Horacio Salgán,Horacio Salgán y su Orquesta Típica,1963,Suzukake No Michi,,Tango,Instrumental,Philips,Tape,Tradicional Japonesa,,,61-70 Tipica II,,,,,,,84165
Horacio Salgán,Horacio Salgán y su Orquesta Típica,1963,Tango Del Balanceo,,Tango,Instrumental,Philips,Tape,Horacio Salgán,,,61-70 Tipica II,,,,,,365500,P83015-A
Horacio Salgán,Horacio Salgán y su Orquesta Típica,1963,Tareka Yumenaki,,Tango,Instrumental,Philips,Tape,Tradicional Japonesa,,,61-70 Tipica II,,,,,,,84165
Horacio Salgán,Horacio Salgán y su Orquesta Típica,1963,Te Amo Mucho,,Tango,Instrumental,Philips,Tape,T.Yoshida,,,61-70 Tipica II,,,,,,,84165
Horacio Salgán,Horacio Salgán y su Orquesta Típica,1963,Yoimachi Gusa,,Tango,Instrumental,Philips,Tape,Tradicional Japonesa,,,61-70 Tipica II,,,,,,,84165
Horacio Salgán,Quinteto Real,6/26/1963,Taquito Militar,,Milonga,Instrumental,CBS,Tape,Mariano Mores,Dante Gilardoni,,60-69 Quinteto,Horacio Salgán,Enrique Díaz,Pedro Láurenz,"Enrique Francini, Ubaldo De Lío (Guitar)","Piano, Bass, Bandoneon, Violin, Guitar",,9050
Horacio Salgán,Quinteto Real,6/26/1963,Vida Mía,,Tango,Instrumental,CBS,Tape,Osvaldo Fresedo,Emilio Fresedo,,60-69 Quinteto,Horacio Salgán,Enrique Díaz,Pedro Láurenz,"Enrique Francini, Ubaldo De Lío (Guitar)","Piano, Bass, Bandoneon, Violin, Guitar",,9050
Horacio Salgán,Quinteto Real,7/11/1963,Hotel Victoria,Gran Hotel Victoria,Tango,Instrumental,CBS,Tape,Feliciano Latasa,Carlos Pesce,,60-69 Quinteto,Horacio Salgán,Enrique Díaz,Pedro Láurenz,"Enrique Francini, Ubaldo De Lío (Guitar)","Piano, Bass, Bandoneon, Violin, Guitar",,9050
Horacio Salgán,Quinteto Real,9/5/1963,Tango Del Eco,,Tango,Instrumental,CBS,Tape,Horacio Salgán,,,60-69 Quinteto,Horacio Salgán,Enrique Díaz,Pedro Láurenz,"Enrique Francini, Ubaldo De Lío (Guitar)","Piano, Bass, Bandoneon, Violin, Guitar",,9050
Horacio Salgán,Horacio Salgán y su Orquesta Típica,1964,A Fuego Lento,Fuego Lento,Tango,Instrumental,Philips,Tape,Horacio Salgán,,,61-70 Tipica II,,,,,,,82018
Horacio Salgán,Horacio Salgán y su Orquesta Típica,1964,Boedo,,Tango,Instrumental,Philips,Tape,Julio De Caro,Dante Linyera,,61-70 Tipica II,,,,,,,82018
Horacio Salgán,Horacio Salgán y su Orquesta Típica,1964,Don Agustín Bardi,A Don Agustín Bardi,Tango,Instrumental,Philips,Tape,Horacio Salgán,,,61-70 Tipica II,,,,,,,82018
Horacio Salgán,Horacio Salgán y su Orquesta Típica,1964,El Choclo,,Tango,Instrumental,Philips,Tape,Ángel Villoldo,"Juan Catán, Enrique Discépolo",,61-70 Tipica II,,,,,,,82018
Horacio Salgán,Horacio Salgán y su Orquesta Típica,1964,El Entrerriano,El Entrerriano,Tango,Instrumental,Philips,Tape,Anselmo Mendizábal,Ernesto Amor,,61-70 Tipica II,,,,,,,82018
Horacio Salgán,Horacio Salgán y su Orquesta Típica,1964,El Marne,,Tango,Instrumental,Philips,Tape,Eduardo Arolas,Gabriel Clausi,,61-70 Tipica II,,,,,,,82018
Horacio Salgán,Horacio Salgán y su Orquesta Típica,1964,La Clavada,,Tango,Instrumental,Philips,Tape,Ernesto Zambonini,,,61-70 Tipica II,,,,,,,82018
Horacio Salgán,Horacio Salgán y su Orquesta Típica,1964,Mano Brava,,Milonga,Instrumental,Philips,Tape,Manuel Buzón,Enrique Cadícamo,,61-70 Tipica II,,,,,,,82018
Horacio Salgán,Horacio Salgán y su Orquesta Típica,1964,Ojos Negros,,Tango,Instrumental,Philips,Tape,Vicente Greco,,,61-70 Tipica II,,,,,,,82018
Horacio Salgán,Horacio Salgán y su Orquesta Típica,1964,Recuerdo,,Tango,Instrumental,Philips,Tape,Osvaldo Pugliese,Eduardo Moreno,,61-70 Tipica II,,,,,,,82018
Horacio Salgán,Horacio Salgán y su Orquesta Típica,1964,Shusheta,El Aristócrata,Tango,Instrumental,Philips,Tape,Juan Cobián,Enrique Cadícamo,,61-70 Tipica II,,,,,,,82018
Horacio Salgán,Horacio Salgán y su Orquesta Típica,1964,Tierra Querida,,Tango,Instrumental,Philips,Tape,Julio De Caro,Luis Díaz,,61-70 Tipica II,,,,,,,82018
Horacio Salgán,Quinteto Real,1964,A Fuego Lento,,Tango,Instrumental,CBS,Tape,Horacio Salgán,,,60-69 Quinteto,Horacio Salgán,Enrique Díaz,Pedro Láurenz,"Enrique Francini, Ubaldo De Lío (Guitar)","Piano, Bass, Bandoneon, Violin, Guitar",,
Horacio Salgán,Quinteto Real,1964,A La Gran Muñeca,,Tango,Instrumental,CBS,Tape,Jesús Ventura,Miguel Osés,,60-69 Quinteto,Horacio Salgán,Enrique Díaz,Pedro Láurenz,"Enrique Francini, Ubaldo De Lío (Guitar)","Piano, Bass, Bandoneon, Violin, Guitar",,9050
Horacio Salgán,Quinteto Real,1964,A Media Luz,,Tango,Instrumental,CBS,Tape,Edgardo Donato,Carlos Lenzi,,60-69 Quinteto,Horacio Salgán,Enrique Díaz,Pedro Láurenz,"Enrique Francini, Ubaldo De Lío (Guitar)","Piano, Bass, Bandoneon, Violin, Guitar",,
Horacio Salgán,Quinteto Real,1964,Adiós Muchachos,,Tango,Instrumental,CBS,Tape,Julio Sanders,César Vedani,,60-69 Quinteto,Horacio Salgán,Enrique Díaz,Pedro Láurenz,"Enrique Francini, Ubaldo De Lío (Guitar)","Piano, Bass, Bandoneon, Violin, Guitar",,9050
Horacio Salgán,Quinteto Real,1964,Adiós Pampa Mía,,Tango,Instrumental,CBS,Tape,"Francisco Canaro, Mariano Mores",Ivo Pelay,,60-69 Quinteto,Horacio Salgán,Enrique Díaz,Pedro Láurenz,"Enrique Francini, Ubaldo De Lío (Guitar)","Piano, Bass, Bandoneon, Violin, Guitar",,
Horacio Salgán,Quinteto Real,1964,Buenos Aires,,Tango,Instrumental,CBS,Tape,Manuel Jovés,Manuel Romero,,60-69 Quinteto,Horacio Salgán,Enrique Díaz,Pedro Láurenz,"Enrique Francini, Ubaldo De Lío (Guitar)","Piano, Bass, Bandoneon, Violin, Guitar",,
Horacio Salgán,Quinteto Real,1964,Caminito,,Tango,Instrumental,CBS,Tape,Juan Filiberto,Gabino Peñaloza,,60-69 Quinteto,Horacio Salgán,Enrique Díaz,Pedro Láurenz,"Enrique Francini, Ubaldo De Lío (Guitar)","Piano, Bass, Bandoneon, Violin, Guitar",,
Horacio Salgán,Quinteto Real,1964,Canaro En París,,Tango,Instrumental,CBS,Tape,"Alejandro Scarpino, Juan Caldarella",José Scarpino,,60-69 Quinteto,Horacio Salgán,Enrique Díaz,Pedro Láurenz,"Enrique Francini, Ubaldo De Lío (Guitar)","Piano, Bass, Bandoneon, Violin, Guitar",,
Horacio Salgán,Quinteto Real,1964,Corralera,,Milonga,Instrumental,CBS,Tape,Anselmo Aieta,,,60-69 Quinteto,Horacio Salgán,Enrique Díaz,Pedro Láurenz,"Enrique Francini, Ubaldo De Lío (Guitar)","Piano, Bass, Bandoneon, Violin, Guitar",,
Horacio Salgán,Quinteto Real,1964,De Puro Guapo,,Tango,Instrumental,CBS,Tape,Pedro Laurenz,Manuel Meaños,,60-69 Quinteto,Horacio Salgán,Enrique Díaz,Pedro Láurenz,"Enrique Francini, Ubaldo De Lío (Guitar)","Piano, Bass, Bandoneon, Violin, Guitar",,9050
Horacio Salgán,Quinteto Real,1964,El Amanecer,,Tango,Instrumental,CBS,Tape,Roberto Firpo,,,60-69 Quinteto,Horacio Salgán,Enrique Díaz,Pedro Láurenz,"Enrique Francini, Ubaldo De Lío (Guitar)","Piano, Bass, Bandoneon, Violin, Guitar",,9050
Horacio Salgán,Quinteto Real,1964,El Choclo,,Tango,Instrumental,CBS,Tape,Ángel Villoldo,"Juan Catán, Enrique Discépolo",,60-69 Quinteto,Horacio Salgán,Enrique Díaz,Pedro Láurenz,"Enrique Francini, Ubaldo De Lío (Guitar)","Piano, Bass, Bandoneon, Violin, Guitar",,
Horacio Salgán,Quinteto Real,1964,El Pollo Ricardo,,Tango,Instrumental,CBS,Tape,Luis Fernández,Luis Fernández,,60-69 Quinteto,Horacio Salgán,Enrique Díaz,Pedro Láurenz,"Enrique Francini, Ubaldo De Lío (Guitar)","Piano, Bass, Bandoneon, Violin, Guitar",,9050
Horacio Salgán,Quinteto Real,1964,Ensueños,,Tango,Instrumental,CBS,Tape,Luis Brighenti,Enrique Cadícamo,,60-69 Quinteto,Horacio Salgán,Enrique Díaz,Pedro Láurenz,"Enrique Francini, Ubaldo De Lío (Guitar)","Piano, Bass, Bandoneon, Violin, Guitar",,
Horacio Salgán,Quinteto Real,1964,Felicia,,Tango,Instrumental,CBS,Tape,Enrique Saborido,Carlos Pacheco,,60-69 Quinteto,Horacio Salgán,Enrique Díaz,Pedro Láurenz,"Enrique Francini, Ubaldo De Lío (Guitar)","Piano, Bass, Bandoneon, Violin, Guitar",,
Horacio Salgán,Quinteto Real,1964,Julián,,Tango,Instrumental,CBS,Tape,Edgardo Donato,José Panizza,,60-69 Quinteto,Horacio Salgán,Enrique Díaz,Pedro Láurenz,"Enrique Francini, Ubaldo De Lío (Guitar)","Piano, Bass, Bandoneon, Violin, Guitar",,
Horacio Salgán,Quinteto Real,1964,La Cumparsita,,Tango,Instrumental,CBS,Tape,Gerardo Rodríguez,"Pascual Contursi, Enrique Maroni, Gerardo Rodríguez",,60-69 Quinteto,Horacio Salgán,Enrique Díaz,Pedro Láurenz,"Enrique Francini, Ubaldo De Lío (Guitar)","Piano, Bass, Bandoneon, Violin, Guitar",,
Horacio Salgán,Quinteto Real,1964,La Puñalada,,Milonga,Instrumental,CBS,Tape,Pintín Castellanos,Celedonio Flores,,60-69 Quinteto,Horacio Salgán,Enrique Díaz,Pedro Láurenz,"Enrique Francini, Ubaldo De Lío (Guitar)","Piano, Bass, Bandoneon, Violin, Guitar",,
Horacio Salgán,Quinteto Real,1964,La Trampera,,Milonga,Instrumental,CBS,Tape,Aníbal Troilo,,,60-69 Quinteto,Horacio Salgán,Enrique Díaz,Pedro Láurenz,"Enrique Francini, Ubaldo De Lío (Guitar)","Piano, Bass, Bandoneon, Violin, Guitar",,
Horacio Salgán,Quinteto Real,1964,Mal De Amores,,Tango,Instrumental,CBS,Tape,Pedro Laurenz,,,60-69 Quinteto,Horacio Salgán,Enrique Díaz,Pedro Láurenz,"Enrique Francini, Ubaldo De Lío (Guitar)","Piano, Bass, Bandoneon, Violin, Guitar",,
Horacio Salgán,Quinteto Real,1964,Ojos Negros,,Tango,Instrumental,CBS,Tape,Vicente Greco,,,60-69 Quinteto,Horacio Salgán,Enrique Díaz,Pedro Láurenz,"Enrique Francini, Ubaldo De Lío (Guitar)","Piano, Bass, Bandoneon, Violin, Guitar",,
Horacio Salgán,Quinteto Real,1964,Organito De La Tarde,,Tango,Instrumental,CBS,Tape,Cátulo Castillo,José Castillo,,60-69 Quinteto,Horacio Salgán,Enrique Díaz,Pedro Láurenz,"Enrique Francini, Ubaldo De Lío (Guitar)","Piano, Bass, Bandoneon, Violin, Guitar",,
Horacio Salgán,Quinteto Real,1964,Palomita Blanca,,Vals,Instrumental,CBS,Tape,Anselmo Aieta,Francisco Jiménez,,60-69 Quinteto,Horacio Salgán,Enrique Díaz,Pedro Láurenz,"Enrique Francini, Ubaldo De Lío (Guitar)","Piano, Bass, Bandoneon, Violin, Guitar",,
Horacio Salgán,Quinteto Real,1964,Pobre Gallo Bataraz,,Vals,Instrumental,CBS,Tape,Antonio Scatasso,,,60-69 Quinteto,Horacio Salgán,Enrique Díaz,Pedro Láurenz,"Enrique Francini, Ubaldo De Lío (Guitar)","Piano, Bass, Bandoneon, Violin, Guitar",,
Horacio Salgán,Quinteto Real,1964,Romance De Barrio,,Vals,Instrumental,CBS,Tape,Aníbal Troilo,Homero Manzi,,60-69 Quinteto,Horacio Salgán,Enrique Díaz,Pedro Láurenz,"Enrique Francini, Ubaldo De Lío (Guitar)","Piano, Bass, Bandoneon, Violin, Guitar",,
Horacio Salgán,Quinteto Real,1964,Tema Otoñal,,Tango,Instrumental,CBS,Tape,Enrique Francini,,,60-69 Quinteto,Horacio Salgán,Enrique Díaz,Pedro Láurenz,"Enrique Francini, Ubaldo De Lío (Guitar)","Piano, Bass, Bandoneon, Violin, Guitar",,9050
Horacio Salgán,Quinteto Real,1964,Ya No Cantás Chingolo,Chingolito,Tango,Instrumental,CBS,Tape,Luis Scatasso,Edmundo Bianchi,,60-69 Quinteto,Horacio Salgán,Enrique Díaz,Pedro Láurenz,"Enrique Francini, Ubaldo De Lío (Guitar)","Piano, Bass, Bandoneon, Violin, Guitar",,
Horacio Salgán,Quinteto Real,3/16/1964,La Loca De Amor,,Vals,Instrumental,CBS,Tape,Enrique Caviglia,Ricardo Podestá,,60-69 Quinteto,Horacio Salgán,Enrique Díaz,Pedro Láurenz,"Enrique Francini, Ubaldo De Lío (Guitar)","Piano, Bass, Bandoneon, Violin, Guitar",,9050
Horacio Salgán,Quinteto Real,3/18/1964,El Abrojito,,Tango,Instrumental,CBS,Tape,Luis Bernstein,Jesús Blanco,,60-69 Quinteto,Horacio Salgán,Enrique Díaz,Pedro Láurenz,"Enrique Francini, Ubaldo De Lío (Guitar)","Piano, Bass, Bandoneon, Violin, Guitar",,9050
Horacio Salgán,Horacio Salgán y su Orquesta Típica,1965,Alicia,,Vals,Instrumental,Philips,Tape,Guillermo Barbieri,Eugenio Cárdenas,,61-70 Tipica II,,,,,Piano,,82126
Horacio Salgán,Horacio Salgán y su Orquesta Típica,1965,Del 1 Al 5,Del Uno Al Cinco,Tango,Instrumental,Philips,Tape,Horacio Salgán,,,61-70 Tipica II,,,,,Piano,,82126
Horacio Salgán,Horacio Salgán y su Orquesta Típica,1965,El Motivo,Pobre Paica,Tango,Instrumental,Philips,Tape,Juan Cobián,Pascual Contursi,,61-70 Tipica II,,,,,Piano,,82126
Horacio Salgán,Horacio Salgán y su Orquesta Típica,1965,Gallo Ciego,,Tango,Instrumental,Philips,Tape,Agustín Bardi,,,61-70 Tipica II,,,,,Piano,,82126
Horacio Salgán,Horacio Salgán y su Orquesta Típica,1965,Ilusión De Mi Vida,,Vals,Instrumental,Philips,Tape,Feliciano Brunelli,Nolo López,,61-70 Tipica II,,,,,Piano,,82126
Horacio Salgán,Horacio Salgán y su Orquesta Típica,1965,La Última Curda,,Tango,Instrumental,Philips,Tape,Aníbal Troilo,Cátulo Castillo,,61-70 Tipica II,,,,,Piano,,82126
Horacio Salgán,Horacio Salgán y su Orquesta Típica,1965,Los Despojos,,Tango,Instrumental,Philips,Tape,J.James,Horacio Sanguinetti,,61-70 Tipica II,,,,,,,82126
Horacio Salgán,Horacio Salgán y su Orquesta Típica,1965,Mal De Amores,,Tango,Instrumental,Philips,Tape,Pedro Laurenz,,,61-70 Tipica II,,,,,Piano,,82126
Horacio Salgán,Horacio Salgán y su Orquesta Típica,1965,Milonga Con Variación,Milonga Con Variaciones,Tango,Instrumental,Philips,Tape,Francisco Canaro,,,61-70 Tipica II,,,,,Piano,,82126
Horacio Salgán,Horacio Salgán y su Orquesta Típica,1965,Milonguero Viejo,Bailarín Porteño | Fresedo,Tango,Instrumental,Philips,Tape,Carlos Di Sarli,Enrique Sotelo,,61-70 Tipica II,,,,,Piano,,82126
Horacio Salgán,Horacio Salgán y su Orquesta Típica,1965,Responso,,Tango,Instrumental,Philips,Tape,Aníbal Troilo,,,61-70 Tipica II,,,,,Piano,,82126
Horacio Salgán,Horacio Salgán y su Orquesta Típica,1965,Siga El Corso,,Tango,Instrumental,Philips,Tape,Anselmo Aieta,Francisco Jiménez,,61-70 Tipica II,,,,,Piano,,82126
Horacio Salgán,Horacio Salgán y su Orquesta Típica,1965,Sus Ojos Se Cerraron,,Tango,Instrumental,Philips,Tape,Carlos Gardel,Alfredo Le Pera,,61-70 Tipica II,,,,,Piano,,82126
Horacio Salgán,Horacio Salgán y Ubaldo De Lío,1966,El Amanecer,,Tango,Instrumental,Philips,Tape,Roberto Firpo,,,Salgán y De Lío,Horacio Salgán,,,Ubaldo De Lío (Guitar),"Piano, Guitar",,82145
Horacio Salgán,Horacio Salgán y Ubaldo De Lío,1966,El Arranque,,Tango,Instrumental,Philips,Tape,Julio De Caro,Mario Gomila,,Salgán y De Lío,Horacio Salgán,,,Ubaldo De Lío (Guitar),"Piano, Guitar",,82145
Horacio Salgán,Horacio Salgán y Ubaldo De Lío,1966,El Pollo Ricardo,,Tango,Instrumental,Philips,Tape,Luis Fernández,Luis Fernández,,Salgán y De Lío,Horacio Salgán,,,Ubaldo De Lío (Guitar),"Piano, Guitar",,82145
Horacio Salgán,Horacio Salgán y Ubaldo De Lío,1966,La Tablada,,Tango,Instrumental,Philips,Tape,Francisco Canaro,,,Salgán y De Lío,Horacio Salgán,,,Ubaldo De Lío (Guitar),"Piano, Guitar",,82145
Horacio Salgán,Horacio Salgán y Ubaldo De Lío,1966,Mano Brava,,Milonga,Instrumental,Philips,Tape,Manuel Buzón,Enrique Cadícamo,,Salgán y De Lío,Horacio Salgán,,,Ubaldo De Lío (Guitar),"Piano, Guitar",,82145
Horacio Salgán,Horacio Salgán y Ubaldo De Lío,1966,Vida Mía,Vida Mia,Tango,Instrumental,Philips,Tape,Osvaldo Fresedo,Emilio Fresedo,,Salgán y De Lío,Horacio Salgán,,,Ubaldo De Lío (Guitar),"Piano, Guitar",,82145
Horacio Salgán,Horacio Salgán y Ubaldo De Lío,1967,El Entrerriano,,Tango,Instrumental,Philips,Tape,Anselmo Mendizábal,Ernesto Amor,,Salgán y De Lío,Horacio Salgán,,,Ubaldo De Lío (Guitar),"Piano, Guitar",,82145
Horacio Salgán,Horacio Salgán y Ubaldo De Lío,1968,De Puro Guapo,,Tango,Instrumental,Philips,Tape,Pedro Laurenz,Manuel Meaños,,Salgán y De Lío,Horacio Salgán,,,Ubaldo De Lío (Guitar),"Piano, Guitar",,82145
Horacio Salgán,Horacio Salgán y Ubaldo De Lío,1968,Fuimos,,Tango,Instrumental,Philips,Tape,José Dames,Homero Manzi,,Salgán y De Lío,Horacio Salgán,,,Ubaldo De Lío (Guitar),"Piano, Guitar",,82145
Horacio Salgán,Horacio Salgán y Ubaldo De Lío,1968,Grillito,,Tango,Instrumental,Philips,Tape,Horacio Salgán,,,Salgán y De Lío,Horacio Salgán,,,Ubaldo De Lío (Guitar),"Piano, Guitar",,82145
Horacio Salgán,Horacio Salgán y Ubaldo De Lío,1968,Loca De Amor,,Vals,Instrumental,Philips,Tape,Enrique Caviglia,Ricardo Podestá,,Salgán y De Lío,Horacio Salgán,,,Ubaldo De Lío (Guitar),"Piano, Guitar",,82145
Horacio Salgán,Horacio Salgán y Ubaldo De Lío,1968,Tango Del Eco,,Tango,Instrumental,Philips,Tape,Horacio Salgán,,,Salgán y De Lío,Horacio Salgán,,,Ubaldo De Lío (Guitar),"Piano, Guitar",,82145
Horacio Salgán,Horacio Salgán y su Orquesta Típica,1969,Bandoneón Arrabalero,,Tango,Edmundo Rivero,Philips,Tape,Juan Deambroggio,Pascual Contursi,,61-70 Tipica II,,,,,,,85581
Horacio Salgán,Horacio Salgán y su Orquesta Típica,1969,Dandy,,Tango,Edmundo RIvero,Philips,Tape,Irusta,Fugazot-Demare,,61-70 Tipica II,,,,,,,85581
Horacio Salgán,Horacio Salgán y su Orquesta Típica,1969,Entre Tango Y Tango,,Tango,Edmundo RIvero,Philips,Tape,Horacio Salgán,Jesús Otero,,61-70 Tipica II,,,,,,,85581
Horacio Salgán,Horacio Salgán y su Orquesta Típica,1969,Flor Campera,,Tango,Edmundo RIvero,Philips,Tape,J.M.Aguilar,J.P.Lopez,,61-70 Tipica II,,,,,,,85581
Horacio Salgán,Horacio Salgán y su Orquesta Típica,1969,La Casita De Mis Viejos,La Casita De Mis Padres,Tango,Edmundo Rivero,Philips,Tape,Juan Cobián,Enrique Cadícamo,,61-70 Tipica II,,,,,,,85581
Horacio Salgán,Horacio Salgán y su Orquesta Típica,1969,La Luz De Un Fósforo,,Tango,Edmundo Rivero,Philips,Tape,Alberto Villanueva,Enrique Cadícamo,,61-70 Tipica II,,,,,,,85581
Horacio Salgán,Horacio Salgán y su Orquesta Típica,1969,Lo Han Visto Con Otra,,Tango,Edmundo RIvero,Philips,Tape,Horacio Pettorossi,Horacio Pettorossi,,61-70 Tipica II,,,,,,,85581
Horacio Salgán,Horacio Salgán y su Orquesta Típica,1969,Pan,,Tango,Edmundo RIvero,Philips,Tape,Eduardo Pereyra,Celedonio Flores,,61-70 Tipica II,,,,,,,85581
Horacio Salgán,Horacio Salgán y su Orquesta Típica,1969,Pedacito De Cielo,,Vals,Edmundo Rivero,Philips,Tape,"Enrique Francini, Héctor Stamponi",Homero Expósito,,61-70 Tipica II,,,,,,,85581
Horacio Salgán,Horacio Salgán y su Orquesta Típica,1969,Sobre El Pucho,,Tango,Edmundo RIvero,Philips,Tape,J.Gonzalez Castillo,S.Piana,,61-70 Tipica II,,,,,,,85581
Horacio Salgán,Horacio Salgán y su Orquesta Típica,1969,Una Lágrima,,Tango,Edmundo Rivero,Philips,Tape,Nicolás Verona,Eugenio Cárdenas,,61-70 Tipica II,,,,,,,85581
Horacio Salgán,Horacio Salgán y su Orquesta Típica,1969,Yo Soy El Mismo,,Tango,Edmundo RIvero,Philips,Tape,Edmundo Rivero,Víctor Felice,,61-70 Tipica II,,,,,,,85581
Horacio Salgán,Quinteto Real,1969-03,Akasaka Bajo La Lluvia,,Tango,Instrumental,Philips,Tape,Mihara Tsunaki,,,60-69 Quinteto,Horacio Salgán,Enrique Díaz,Pedro Láurenz,"Enrique Francini, Ubaldo De Lío (Guitar)","Piano, Bass, Bandoneon, Violin, Guitar",,
Horacio Salgán,Quinteto Real,1969-03,Después Del Adiós,,Tango,Instrumental,Philips,Tape,Kyohei Tsutsumi,,,60-69 Quinteto,Horacio Salgán,Enrique Díaz,Pedro Láurenz,"Enrique Francini, Ubaldo De Lío (Guitar)","Piano, Bass, Bandoneon, Violin, Guitar",,
Horacio Salgán,Quinteto Real,1969-03,El Choclo,,Tango,Instrumental,Philips,Tape,Ángel Villoldo,"Juan Catán, Enrique Discépolo",,60-69 Quinteto,Horacio Salgán,Enrique Díaz,Pedro Láurenz,"Enrique Francini, Ubaldo De Lío (Guitar)","Piano, Bass, Bandoneon, Violin, Guitar",,
Horacio Salgán,Quinteto Real,1969-03,Estas Feliz Ahora,,Tango,Instrumental,Philips,Tape,Yasushi Nakamura,,,60-69 Quinteto,Horacio Salgán,Enrique Díaz,Pedro Láurenz,"Enrique Francini, Ubaldo De Lío (Guitar)","Piano, Bass, Bandoneon, Violin, Guitar",,
Horacio Salgán,Quinteto Real,1969-03,Flores Y Mariposas,,Tango,Instrumental,Philips,Tape,Masao Saiki,,,60-69 Quinteto,Horacio Salgán,Enrique Díaz,Pedro Láurenz,"Enrique Francini, Ubaldo De Lío (Guitar)","Piano, Bass, Bandoneon, Violin, Guitar",,
Horacio Salgán,Quinteto Real,1969-03,La Cumparsita,,Tango,Instrumental,Philips,Tape,Gerardo Rodríguez,"Pascual Contursi, Enrique Maroni, Gerardo Rodríguez",,60-69 Quinteto,Horacio Salgán,Enrique Díaz,Pedro Láurenz,"Enrique Francini, Ubaldo De Lío (Guitar)","Piano, Bass, Bandoneon, Violin, Guitar",,
Horacio Salgán,Quinteto Real,1969-03,Las Estrellas Están Mojadas,,Tango,Instrumental,Philips,Tape,Toshimasa Arai,,,60-69 Quinteto,Horacio Salgán,Enrique Díaz,Pedro Láurenz,"Enrique Francini, Ubaldo De Lío (Guitar)","Piano, Bass, Bandoneon, Violin, Guitar",,
Horacio Salgán,Quinteto Real,1969-03,Luna De La Noche,,Tango,Instrumental,Philips,Tape,Takashi Miki,,,60-69 Quinteto,Horacio Salgán,Enrique Díaz,Pedro Láurenz,"Enrique Francini, Ubaldo De Lío (Guitar)","Piano, Bass, Bandoneon, Violin, Guitar",,
Horacio Salgán,Quinteto Real,1969-03,Mujer Mayor,,Tango,Instrumental,Philips,Tape,Masao Saiki,,,60-69 Quinteto,Horacio Salgán,Enrique Díaz,Pedro Láurenz,"Enrique Francini, Ubaldo De Lío (Guitar)","Piano, Bass, Bandoneon, Violin, Guitar",,
Horacio Salgán,Quinteto Real,1969-03,Noche De Kushiro,,Tango,Instrumental,Philips,Tape,Usa Hero,,,60-69 Quinteto,Horacio Salgán,Enrique Díaz,Pedro Láurenz,"Enrique Francini, Ubaldo De Lío (Guitar)","Piano, Bass, Bandoneon, Violin, Guitar",,
Horacio Salgán,Quinteto Real,1969-03,Ondas De Amor,,Tango,Instrumental,Philips,Tape,Kunosuke Hamaguchi,,,60-69 Quinteto,Horacio Salgán,Enrique Díaz,Pedro Láurenz,"Enrique Francini, Ubaldo De Lío (Guitar)","Piano, Bass, Bandoneon, Violin, Guitar",,
Horacio Salgán,Quinteto Real,1969-03,Por La Niebla,,Tango,Instrumental,Philips,Tape,Jun Suzuki,,,60-69 Quinteto,Horacio Salgán,Enrique Díaz,Pedro Láurenz,"Enrique Francini, Ubaldo De Lío (Guitar)","Piano, Bass, Bandoneon, Violin, Guitar",,
Horacio Salgán,Quinteto Real,1969-03,Sabías Demasiado,,Tango,Instrumental,Philips,Tape,Nakanishi Eikyoku,,,60-69 Quinteto,Horacio Salgán,Enrique Díaz,Pedro Láurenz,"Enrique Francini, Ubaldo De Lío (Guitar)","Piano, Bass, Bandoneon, Violin, Guitar",,
Horacio Salgán,Quinteto Real,1969-03,Temporada De Amor,,Tango,Instrumental,Philips,Tape,Izumi Taku,,,60-69 Quinteto,Horacio Salgán,Enrique Díaz,Pedro Láurenz,"Enrique Francini, Ubaldo De Lío (Guitar)","Piano, Bass, Bandoneon, Violin, Guitar",,
Horacio Salgán,Horacio Salgán y Ubaldo De Lío,1970,Bahía Blanca,Bahia Blanca,Tango,Instrumental,Philips,Tape,Carlos Di Sarli,,,Salgán y De Lío,Horacio Salgán,,,Ubaldo De Lío (Guitar),"Piano, Guitar",,6347027
Horacio Salgán,Horacio Salgán y Ubaldo De Lío,1970,Desvelo,,Tango,Instrumental,Philips,Tape,E.Bonessi,E.Cadicamo,,Salgán y De Lío,Horacio Salgán,,,Ubaldo De Lío (Guitar),"Piano, Guitar",,6347027
Horacio Salgán,Horacio Salgán y Ubaldo De Lío,1970,El Bajel,,Tango,Instrumental,Philips,Tape,Julio Y Francisco De Caro,,,Salgán y De Lío,Horacio Salgán,,,Ubaldo De Lío (Guitar),"Piano, Guitar",,6347027
Horacio Salgán,Horacio Salgán y Ubaldo De Lío,1970,El Vals Y Tú,,Vals,Instrumental,Philips,Tape,"Horacio Salgán, Ubaldo De Lio",,,Salgán y De Lío,Horacio Salgán,,,Ubaldo De Lío (Guitar),"Piano, Guitar",,6347027
Horacio Salgán,Horacio Salgán y Ubaldo De Lío,1970,Hotel Victoria,Gran Hotel Victoria,Tango,Instrumental,Philips,Tape,Feliciano Latasa,Carlos Pesce,,Salgán y De Lío,Horacio Salgán,,,Ubaldo De Lío (Guitar),"Piano, Guitar",,6347027
Horacio Salgán,Horacio Salgán y Ubaldo De Lío,1970,Los Mareados,,Tango,Instrumental,Philips,Tape,Juan Cobián,Enrique Cadícamo,,Salgán y De Lío,Horacio Salgán,,,Ubaldo De Lío (Guitar),"Piano, Guitar",,6347027
Horacio Salgán,Horacio Salgán y Ubaldo De Lío,1970,Mis Calles Porteñas,,Tango,Instrumental,Philips,Tape,Horacio Salgán,Jose De Angelis,,Salgán y De Lío,Horacio Salgán,,,Ubaldo De Lío (Guitar),"Piano, Guitar",,6347027
Horacio Salgán,Horacio Salgán y Ubaldo De Lío,1970,Orgullo Criollo,,Tango,Instrumental,Philips,Tape,"Pedro Laurenz, Julio De Caro",,,Salgán y De Lío,Horacio Salgán,,,Ubaldo De Lío (Guitar),"Piano, Guitar",,6347027
Horacio Salgán,Horacio Salgán y Ubaldo De Lío,1970,Orlando Goñi,,Tango,Instrumental,Philips,Tape,Alfredo J. Gobbi,,,Salgán y De Lío,Horacio Salgán,,,Ubaldo De Lío (Guitar),"Piano, Guitar",,6347027
Horacio Salgán,Horacio Salgán y Ubaldo De Lío,1970,Te Vas Milonga,,Milonga,Instrumental,Philips,Tape,Abel Fleury,Fernando Ochoa,,Salgán y De Lío,Horacio Salgán,,,Ubaldo De Lío (Guitar),"Piano, Guitar",,6347027
Horacio Salgán,Horacio Salgán y Ubaldo De Lío,1970,Tiernamente,,Tango,Instrumental,Philips,Tape,Agustin Bardi,Mario Battistella,,Salgán y De Lío,Horacio Salgán,,,Ubaldo De Lío (Guitar),"Piano, Guitar",,6347027
Horacio Salgán,Horacio Salgán y Ubaldo De Lío,1970,Valsecito Amigo,,Vals,Instrumental,Philips,Tape,Aníbal Troilo,José Contursi,,Salgán y De Lío,Horacio Salgán,,,Ubaldo De Lío (Guitar),"Piano, Guitar",,6347027
Horacio Salgán,Horacio Salgán y Dante Amicarelli,1971,Amarraditos,,Vals,Instrumental,Philips,Tape,E.Perez,M.Durani,,Salgán y Amicarelli,"Horacio Salgán, Dante Amicarelli",,,,,,6347009
Horacio Salgán,Horacio Salgán y Dante Amicarelli,1971,Ave María,,Classical,Instrumental,Philips,Tape,Schubert,,,Salgán y Amicarelli,"Horacio Salgán, Dante Amicarelli",,,,,,6347009
Horacio Salgán,Horacio Salgán y Dante Amicarelli,1971,Añoranzas,,Chacarera,Instrumental,Philips,Tape,Julio Jerez,,,Salgán y Amicarelli,"Horacio Salgán, Dante Amicarelli",,,,,,6347041
Horacio Salgán,Horacio Salgán y Dante Amicarelli,1971,Bonita,,Vals,Instrumental,Philips,Tape,Ciriaco Ortiz,,,Salgán y Amicarelli,"Horacio Salgán, Dante Amicarelli",,,,,,6347009
Horacio Salgán,Horacio Salgán y Dante Amicarelli,1971,Caravana,,Jazz,Instrumental,Philips,Tape,Duke Elington,,,Salgán y Amicarelli,"Horacio Salgán, Dante Amicarelli",,,,,,6347041
Horacio Salgán,Horacio Salgán y Dante Amicarelli,1971,Chiclana,,Tango,Instrumental,Philips,Tape,Julio De Caro,,,Salgán y Amicarelli,"Horacio Salgán, Dante Amicarelli",,,,,,6347041
Horacio Salgán,Horacio Salgán y Dante Amicarelli,1971,El Bosque Mágico,,Tango,Instrumental,Philips,Tape,Horacio Salgán,,,Salgán y Amicarelli,"Horacio Salgán, Dante Amicarelli",,,,,,6347041
Horacio Salgán,Horacio Salgán y Dante Amicarelli,1971,El Ensueño De Bahía,,Bossa Nova,Instrumental,Philips,Tape,H.Salgán,D. Amicarelli,,Salgán y Amicarelli,"Horacio Salgán, Dante Amicarelli",,,,,,6347041
Horacio Salgán,Horacio Salgán y Dante Amicarelli,1971,En Bateau,,Classical,Instrumental,Philips,Tape,Debussy,,,Salgán y Amicarelli,"Horacio Salgán, Dante Amicarelli",,,,,,6347009
Horacio Salgán,Horacio Salgán y Dante Amicarelli,1971,Fuegos Artificiales,,Tango,Instrumental,Philips,Tape,Firpo,Arolas,,Salgán y Amicarelli,"Horacio Salgán, Dante Amicarelli",,,,,,6347009
Horacio Salgán,Horacio Salgán y Dante Amicarelli,1971,Juego De Damas,,Vals,Instrumental,Philips,Tape,H.Salgán,D. Amicarelli,,Salgán y Amicarelli,"Horacio Salgán, Dante Amicarelli",,,,,,6347041
Horacio Salgán,Horacio Salgán y Dante Amicarelli,1971,La Chica De Ipanema,,Bossa Nova,Instrumental,Philips,Tape,Jobim,De Moraes-Gimbel,,Salgán y Amicarelli,"Horacio Salgán, Dante Amicarelli",,,,,,6347009
Horacio Salgán,Horacio Salgán y Dante Amicarelli,1971,La Sombra De Tu Sonrisa,,Tango,Instrumental,Philips,Tape,Webster,Mardel,,Salgán y Amicarelli,"Horacio Salgán, Dante Amicarelli",,,,,,6347041
Horacio Salgán,Horacio Salgán y Dante Amicarelli,1971,Las Hojas Muertas,,Jazz,Instrumental,Philips,Tape,Kosma,Prevert,,Salgán y Amicarelli,"Horacio Salgán, Dante Amicarelli",,,,,,6347041
Horacio Salgán,Horacio Salgán y Dante Amicarelli,1971,Laura,,Jazz,Instrumental,Philips,Tape,D. Raskin,J. Mercer,,Salgán y Amicarelli,"Horacio Salgán, Dante Amicarelli",,,,,,6347041
Horacio Salgán,Horacio Salgán y Dante Amicarelli,1971,Malambo De Las Campanas,,Tango,Instrumental,Philips,Tape,Horacio Salgán,,,Salgán y Amicarelli,"Horacio Salgán, Dante Amicarelli",,,,,,6347009
Horacio Salgán,Horacio Salgán y Dante Amicarelli,1971,Pimienta,,Tango,Instrumental,Philips,Tape,Osvaldo Fresedo,,,Salgán y Amicarelli,"Horacio Salgán, Dante Amicarelli",,,,,,6347041
Horacio Salgán,Horacio Salgán y Dante Amicarelli,1971,Ritmo Fascinante,,Jazz,Instrumental,Philips,Tape,Gershwin,,,Salgán y Amicarelli,"Horacio Salgán, Dante Amicarelli",,,,,,6347009
Horacio Salgán,Horacio Salgán y Dante Amicarelli,1971,Rumba De Jamaica,,Rumba,Instrumental,Philips,Tape,Arthur Benjamin,,,Salgán y Amicarelli,"Horacio Salgán, Dante Amicarelli",,,,,,6347009
Horacio Salgán,Horacio Salgán y Dante Amicarelli,1971,Sangre Y Razón,,Bolero,Instrumental,Philips,Tape,Amicarelli,,,Salgán y Amicarelli,"Horacio Salgán, Dante Amicarelli",,,,,,6347009
Horacio Salgán,Horacio Salgán y Dante Amicarelli,1971,Scherzo,,Classical,Instrumental,Philips,Tape,Mendelssohn,,,Salgán y Amicarelli,"Horacio Salgán, Dante Amicarelli",,,,,,6347041
Horacio Salgán,Horacio Salgán y Dante Amicarelli,1971,Tu Romanza,,Tango,Instrumental,Philips,Tape,Horacio Salgán,,,Salgán y Amicarelli,"Horacio Salgán, Dante Amicarelli",,,,,,6347041
Horacio Salgán,Horacio Salgán y Dante Amicarelli,1971,Zamba De Vargas,,Zamba,Instrumental,Philips,Tape,Anónimo,,,Salgán y Amicarelli,"Horacio Salgán, Dante Amicarelli",,,,,,6347009
Horacio Salgán,Horacio Salgán y su Orquesta Típica,6/18/1973,El As De La Manga,,Tango,Miguel Montero,Odeón,Tape,Horacio Salgán,Roberto Lambertucci,,77-04 Tipica III,,,,,,40502,6442
Horacio Salgán,Horacio Salgán y su Orquesta Típica,6/18/1973,El Que Lo Sabe Todo,,Tango,Miguel Montero,Odeón,Tape,Horacio Salgán,Roberto Lambertucci,,77-04 Tipica III,,,,,,40500,6442
Horacio Salgán,Horacio Salgán y su Orquesta Típica,6/18/1973,Los Cosos De Buenos Aires,,Tango,Miguel Montero,Odeón,Tape,Horacio Salgán,Roberto Lambertucci,,77-04 Tipica III,,,,,,40499,6442
Horacio Salgán,Horacio Salgán y su Orquesta Típica,6/18/1973,Salvador El Influyente,,Tango,Miguel Montero,Odeón,Tape,Horacio Salgán,Roberto Lambertucci,,77-04 Tipica III,,,,,,40501,6442
Horacio Salgán,Horacio Salgán y su Orquesta Típica,6/22/1973,El Futuro Soldado,,Tango,Miguel Montero,Odeón,Tape,Horacio Salgán,Roberto Lambertucci,,77-04 Tipica III,,,,,,40506,6442
Horacio Salgán,Horacio Salgán y su Orquesta Típica,6/22/1973,El Ganador Del Prode,,Tango,Miguel Montero,Odeón,Tape,Horacio Salgán,Roberto Lambertucci,,77-04 Tipica III,,,,,,40508,6442
Horacio Salgán,Horacio Salgán y su Orquesta Típica,6/22/1973,El Pibe Corazón,,Tango,Miguel Montero,Odeón,Tape,Horacio Salgán,Roberto Lambertucci,,77-04 Tipica III,,,,,,40505,6442
Horacio Salgán,Horacio Salgán y su Orquesta Típica,6/22/1973,Perfecto Garronelli,,Tango,Miguel Montero,Odeón,Tape,Horacio Salgán,Roberto Lambertucci,,77-04 Tipica III,,,,,,40507,6442
Horacio Salgán,Horacio Salgán y su Orquesta Típica,6/27/1973,El Tuerca De Los Domingos,,Tango,Miguel Montero,Odeón,Tape,Horacio Salgán,Roberto Lambertucci,,77-04 Tipica III,,,,,,40549,6442
Horacio Salgán,Horacio Salgán y su Orquesta Típica,6/27/1973,El Viejito Mejillón,,Milonga,Miguel Montero,Odeón,Tape,Horacio Salgán,Roberto Lambertucci,,77-04 Tipica III,,,,,,40548,6442
Horacio Salgán,Horacio Salgán y su Orquesta Típica,7/13/1973,El Rey De Los Plomos,,Tango,Miguel Montero,Odeón,Tape,Horacio Salgán,Roberto Lambertucci,,77-04 Tipica III,,,,,,40620,6442
Horacio Salgán,Horacio Salgán y su Orquesta Típica,7/13/1973,Inocencio El Chapa Chapa,,Tango,Miguel Montero,Odeón,Tape,Horacio Salgán,Roberto Lambertucci,,77-04 Tipica III,,,,,,40620,6442
Horacio Salgán,Horacio Salgán y Ubaldo De Lío,1976,A Fuego Lento,Fuego Lento,Tango,Instrumental,Cabal,Tape,Horacio Salgán,,,Salgán y De Lío,Horacio Salgán,,,Ubaldo De Lío (Guitar),"Piano, Guitar",,LPN-11016
Horacio Salgán,Horacio Salgán y Ubaldo De Lío,1976,Boedo,,Tango,Instrumental,Cabal,Tape,Julio De Caro,Dante Linyera,,Salgán y De Lío,Horacio Salgán,,,Ubaldo De Lío (Guitar),"Piano, Guitar",,LPN-11016
Horacio Salgán,Horacio Salgán y Ubaldo De Lío,1976,Corralera,,Milonga,Instrumental,Cabal,Tape,Anselmo Aieta,,,Salgán y De Lío,Horacio Salgán,,,Ubaldo De Lío (Guitar),"Piano, Guitar",,LPN-11016
Horacio Salgán,Horacio Salgán y Ubaldo De Lío,1976,Don Agustín Bardi,A Don Agustín Bardi,Tango,Instrumental,Cabal,Tape,Horacio Salgán,,,Salgán y De Lío,Horacio Salgán,,,Ubaldo De Lío (Guitar),"Piano, Guitar",,LPN-11016
Horacio Salgán,Horacio Salgán y Ubaldo De Lío,1976,Hotel Victoria,Gran Hotel Victoria,Tango,Instrumental,Cabal,Tape,Feliciano Latasa,Carlos Pesce,,Salgán y De Lío,Horacio Salgán,,,Ubaldo De Lío (Guitar),"Piano, Guitar",,LPN-11016
Horacio Salgán,Horacio Salgán y Ubaldo De Lío,1976,La Loca De Amor,,Vals,Instrumental,Cabal,Tape,Enrique Caviglia,Ricardo Podestá,,Salgán y De Lío,Horacio Salgán,,,Ubaldo De Lío (Guitar),"Piano, Guitar",,LPN-11016
Horacio Salgán,Horacio Salgán y Ubaldo De Lío,1976,Organito De La Tarde,,Tango,Instrumental,Cabal,Tape,Cátulo Castillo,José Castillo,,Salgán y De Lío,Horacio Salgán,,,Ubaldo De Lío (Guitar),"Piano, Guitar",,LPN-11016
Horacio Salgán,Horacio Salgán y Ubaldo De Lío,1976,Palomita Blanca,,Vals,Instrumental,Cabal,Tape,Anselmo Aieta,Francisco Jiménez,,Salgán y De Lío,Horacio Salgán,,,Ubaldo De Lío (Guitar),"Piano, Guitar",,LPN-11016
Horacio Salgán,Horacio Salgán y Ubaldo De Lío,1976,Tal Vez No Tenga Fin,,Tango,Instrumental,Cabal,Tape,Horacio Salgán,,,Salgán y De Lío,Horacio Salgán,,,Ubaldo De Lío (Guitar),"Piano, Guitar",,LPN-11016
Horacio Salgán,Horacio Salgán y Ubaldo De Lío,1976,Taquito Militar,,Milonga,Instrumental,Cabal,Tape,Mariano Mores,,,Salgán y De Lío,Horacio Salgán,,,Ubaldo De Lío (Guitar),"Piano, Guitar",,LPN-11016
Horacio Salgán,Horacio Salgán y Ubaldo De Lío,1976,Te Vas Milonga,Te Vas,Milonga,Instrumental,Cabal,Tape,Abel Fleury,Fernando Ochoa,,Salgán y De Lío,Horacio Salgán,,,Ubaldo De Lío (Guitar),"Piano, Guitar",,LPN-11016
Horacio Salgán,Horacio Salgán y Ubaldo De Lío,1976,Vida Mía,Vida Mia,Tango,Instrumental,Cabal,Tape,Osvaldo Fresedo,Emilio Fresedo,,Salgán y De Lío,Horacio Salgán,,,Ubaldo De Lío (Guitar),"Piano, Guitar",,LPN-11016
Horacio Salgán,Horacio Salgán y Ubaldo De Lío,3/7/1981,Hotel Victoria,Gran Hotel Victoria,Tango,Instrumental,Philips,Tape,Feliciano Latasa,Carlos Pesce,,Salgán y De Lío,Horacio Salgán,,,Ubaldo De Lío (Guitar),"Piano, Guitar",,
Horacio Salgán,Horacio Salgán y Ubaldo De Lío,3/7/1981,Taquito Militar,,Milonga,Instrumental,Philips,Tape,Mariano Mores,,,Salgán y De Lío,Horacio Salgán,,,Ubaldo De Lío (Guitar),"Piano, Guitar",,
Horacio Salgán,Horacio Salgán y su Orquesta Típica,3/7/1981,A Fuego Lento,Fuego Lento,Tango,Instrumental,Philips,Tape,Horacio Salgán,,,77-81 Tipica III,Horacio Salgán,,,,Piano,,
Horacio Salgán,Horacio Salgán y su Orquesta Típica,3/7/1981,Chiquilín De Bachín,,Tango,Ranko Fujisawa,Philips,Tape,Astor Piazzolla,Horacio Ferrer,,77-81 Tipica III,Horacio Salgán,,,,Piano,,
Horacio Salgán,Horacio Salgán y su Orquesta Típica,3/7/1981,El Choclo,,Tango,Instrumental,Philips,Tape,Ángel Villoldo,"Juan Catán, Enrique Discépolo",,77-81 Tipica III,Horacio Salgán,,,,Piano,,
Horacio Salgán,Horacio Salgán y su Orquesta Típica,3/7/1981,Gallo Ciego,,Tango,Instrumental,Philips,Tape,Agustín Bardi,,,77-81 Tipica III,Horacio Salgán,,,,Piano,,
Horacio Salgán,Horacio Salgán y su Orquesta Típica,3/7/1981,Ilusión De Mi Vida,,Vals,Instrumental,Philips,Tape,Feliciano Brunelli,Nolo López,,77-81 Tipica III,Horacio Salgán,,,,Piano,,
Horacio Salgán,Horacio Salgán y su Orquesta Típica,3/7/1981,La Cumparsita,Si Supieras,Tango,Instrumental,Philips,Tape,Gerardo Rodríguez,"Pascual Contursi, Enrique Maroni, Gerardo Rodríguez",,77-81 Tipica III,Horacio Salgán,,,,Piano,,
Horacio Salgán,Horacio Salgán y su Orquesta Típica,3/7/1981,La Luz De Un Fósforo,,Tango,Ana María,Philips,Tape,Alberto Villanueva,Enrique Cadícamo,,77-81 Tipica III,Horacio Salgán,,,,Piano,,
Horacio Salgán,Horacio Salgán y su Orquesta Típica,3/7/1981,Lo Han Visto Con Otra,,Tango,Ana María,Philips,Tape,Horacio Pettorossi,Horacio Pettorossi,,77-81 Tipica III,Horacio Salgán,,,,Piano,,
Horacio Salgán,Horacio Salgán y su Orquesta Típica,3/7/1981,Mamá Yo Quiero Un Novio,,Tango,Ranko Fujisawa,Philips,Tape,Ramón Collazo,Roberto Fontaina,,77-81 Tipica III,Horacio Salgán,,,,Piano,,
Horacio Salgán,Horacio Salgán y su Orquesta Típica,3/7/1981,Mano A Mano,Viejo Bandoneón,Tango,Alberto Taboada,Philips,Tape,"Carlos Gardel, José Razzano",Celedonio Flores,,77-81 Tipica III,Horacio Salgán,,,,Piano,,
Horacio Salgán,Horacio Salgán y su Orquesta Típica,3/7/1981,Recuerdo,,Tango,Instrumental,Philips,Tape,Osvaldo Pugliese,Eduardo Moreno,,77-81 Tipica III,Horacio Salgán,,,,Piano,,
Horacio Salgán,Horacio Salgán y su Orquesta Típica,3/7/1981,Responso,,Tango,Instrumental,Philips,Tape,Aníbal Troilo,,,77-81 Tipica III,Horacio Salgán,,,,Piano,,
Horacio Salgán,Horacio Salgán y su Orquesta Típica,3/7/1981,Trenzas,,Tango,Alberto Taboada,Philips,Tape,Armando Pontier,Homero Expósito,,77-81 Tipica III,Horacio Salgán,,,,Piano,,
Horacio Salgán,Horacio Salgán y su Orquesta Típica,3/7/1981,Una Canción,,Tango,Ranko Fujisawa,Philips,Tape,Aníbal Troilo,Cátulo Castillo,,77-81 Tipica III,Horacio Salgán,,,,Piano,,
Horacio Salgán,Nuevo Quinteto Real,3/7/1981,Felicia,,Tango,Instrumental,Philips,Tape,Enrique Saborido,Carlos Pacheco,,87-97 Nuevo Quinteto,Horacio Salgán,Oscar Giunta,Néstor Marconi,"Antonio Agri, Ubaldo De Lío (Guitar)","Piano, Bass, Bandoneon, Violin, Guitar",,
Horacio Salgán,Nuevo Quinteto Real,1987,A Fuego Lento,Fuego Lento,Tango,Instrumental,Philips,Tape,Horacio Salgán,,,87-97 Nuevo Quinteto,Horacio Salgán,Omar Murtagh,Leopoldo Federico,"Antonio Agri, Ubaldo De Lío (Guitar)","Piano, Bass, Bandoneon, Violin, Guitar",,839 798-2
Horacio Salgán,Nuevo Quinteto Real,1987,Aquellos Tangos Camperos,,Tango,Instrumental,Philips,Tape,"Horacio Salgán, Ubaldo De Lio",,,87-97 Nuevo Quinteto,Horacio Salgán,Omar Murtagh,Leopoldo Federico,"Antonio Agri, Ubaldo De Lío (Guitar)","Piano, Bass, Bandoneon, Violin, Guitar",,834 798-2
Horacio Salgán,Nuevo Quinteto Real,1987,Caminito,,Tango,Instrumental,Philips,Tape,Juan Filiberto,Gabino Peñaloza,,87-97 Nuevo Quinteto,Horacio Salgán,Omar Murtagh,Leopoldo Federico,"Antonio Agri, Ubaldo De Lío (Guitar)","Piano, Bass, Bandoneon, Violin, Guitar",,835 798-2
Horacio Salgán,Nuevo Quinteto Real,1987,Canaro En París,Canaro En París,Tango,Instrumental,Philips,Tape,"Alejandro Scarpino, Juan Caldarella",José Scarpino,,87-97 Nuevo Quinteto,Horacio Salgán,Omar Murtagh,Leopoldo Federico,"Antonio Agri, Ubaldo De Lío (Guitar)","Piano, Bass, Bandoneon, Violin, Guitar",,843 798-2
Horacio Salgán,Nuevo Quinteto Real,1987,El Amanecer,,Tango,Instrumental,Philips,Tape,Roberto Firpo,,,87-97 Nuevo Quinteto,Horacio Salgán,Omar Murtagh,Leopoldo Federico,"Antonio Agri, Ubaldo De Lío (Guitar)","Piano, Bass, Bandoneon, Violin, Guitar",,832 798-2
Horacio Salgán,Nuevo Quinteto Real,1987,El Choclo,,Tango,Instrumental,Philips,Tape,Ángel Villoldo,"Juan Catán, Enrique Discépolo",,87-97 Nuevo Quinteto,Horacio Salgán,Omar Murtagh,Leopoldo Federico,"Antonio Agri, Ubaldo De Lío (Guitar)","Piano, Bass, Bandoneon, Violin, Guitar",,842 798-2
Horacio Salgán,Nuevo Quinteto Real,1987,Felicia,,Tango,Instrumental,Philips,Tape,Enrique Saborido,Carlos Pacheco,,87-97 Nuevo Quinteto,Horacio Salgán,Omar Murtagh,Leopoldo Federico,"Antonio Agri, Ubaldo De Lío (Guitar)","Piano, Bass, Bandoneon, Violin, Guitar",,833 798-2
Horacio Salgán,Nuevo Quinteto Real,1987,Hotel Victoria,Gran Hotel Victoria,Tango,Instrumental,Philips,Tape,Feliciano Latasa,Carlos Pesce,,87-97 Nuevo Quinteto,Horacio Salgán,Omar Murtagh,Leopoldo Federico,"Antonio Agri, Ubaldo De Lío (Guitar)","Piano, Bass, Bandoneon, Violin, Guitar",,838 798-2
Horacio Salgán,Nuevo Quinteto Real,1987,La Clavada,,Tango,Instrumental,Philips,Tape,Ernesto Zambonini,,,87-97 Nuevo Quinteto,Horacio Salgán,Omar Murtagh,Leopoldo Federico,"Antonio Agri, Ubaldo De Lío (Guitar)","Piano, Bass, Bandoneon, Violin, Guitar",,837 798-2
Horacio Salgán,Nuevo Quinteto Real,1987,La Cumparsita,Si Supieras,Tango,Instrumental,Philips,Tape,Gerardo Rodríguez,"Pascual Contursi, Enrique Maroni, Gerardo Rodríguez",,87-97 Nuevo Quinteto,Horacio Salgán,Omar Murtagh,Leopoldo Federico,"Antonio Agri, Ubaldo De Lío (Guitar)","Piano, Bass, Bandoneon, Violin, Guitar",,845 798-2
Horacio Salgán,Nuevo Quinteto Real,1987,La Puñalada,,Milonga,Instrumental,Philips,Tape,Pintín Castellanos,Celedonio Flores,,87-97 Nuevo Quinteto,Horacio Salgán,Omar Murtagh,Leopoldo Federico,"Antonio Agri, Ubaldo De Lío (Guitar)","Piano, Bass, Bandoneon, Violin, Guitar",,844 798-2
Horacio Salgán,Nuevo Quinteto Real,1987,Mal De Amores,,Tango,Instrumental,Philips,Tape,Pedro Laurenz,,,87-97 Nuevo Quinteto,Horacio Salgán,Omar Murtagh,Leopoldo Federico,"Antonio Agri, Ubaldo De Lío (Guitar)","Piano, Bass, Bandoneon, Violin, Guitar",,840 798-2
Horacio Salgán,Nuevo Quinteto Real,1987,Organito De La Tarde,,Tango,Instrumental,Philips,Tape,Cátulo Castillo,José Castillo,,87-97 Nuevo Quinteto,Horacio Salgán,Omar Murtagh,Leopoldo Federico,"Antonio Agri, Ubaldo De Lío (Guitar)","Piano, Bass, Bandoneon, Violin, Guitar",,841 798-2
Horacio Salgán,Nuevo Quinteto Real,1987,Taquito Militar,,Milonga,Instrumental,Philips,Tape,Mariano Mores,,,87-97 Nuevo Quinteto,Horacio Salgán,Omar Murtagh,Leopoldo Federico,"Antonio Agri, Ubaldo De Lío (Guitar)","Piano, Bass, Bandoneon, Violin, Guitar",,836 798-2
Horacio Salgán,Horacio Salgán y Ubaldo De Lío,1988,A Fuego Lento,Fuego Lento,Tango,Instrumental,Circe,Tape,Horacio Salgán,,,Salgán y De Lío,Horacio Salgán,,,Ubaldo De Lío (Guitar),"Piano, Guitar",,
Horacio Salgán,Horacio Salgán y Ubaldo De Lío,1988,Aquellos Tangos Camperos,,Tango,Instrumental,Circe,Tape,"Horacio Salgán, Ubaldo De Lio",,,Salgán y De Lío,Horacio Salgán,,,Ubaldo De Lío (Guitar),"Piano, Guitar",,
Horacio Salgán,Horacio Salgán y Ubaldo De Lío,1988,Corralera,,Milonga,Instrumental,Circe,Tape,Anselmo Aieta,,,Salgán y De Lío,Horacio Salgán,,,Ubaldo De Lío (Guitar),"Piano, Guitar",,
Horacio Salgán,Horacio Salgán y Ubaldo De Lío,1988,Don Agustín Bardi,A Don Agustín Bardi,Tango,Instrumental,Circe,Tape,Horacio Salgán,,,Salgán y De Lío,Horacio Salgán,,,Ubaldo De Lío (Guitar),"Piano, Guitar",,
Horacio Salgán,Horacio Salgán y Ubaldo De Lío,1988,El Amanecer,,Tango,Instrumental,Circe,Tape,Roberto Firpo,,,Salgán y De Lío,Horacio Salgán,,,Ubaldo De Lío (Guitar),"Piano, Guitar",,
Horacio Salgán,Horacio Salgán y Ubaldo De Lío,1988,El Arranque,,Tango,Instrumental,Circe,Tape,Julio De Caro,Mario Gomila,,Salgán y De Lío,Horacio Salgán,,,Ubaldo De Lío (Guitar),"Piano, Guitar",,
Horacio Salgán,Horacio Salgán y Ubaldo De Lío,1988,El Bosque Mágico,,Milonga,Instrumental,Circe,Tape,Horacio Salgán,,,Salgán y De Lío,Horacio Salgán,,,Ubaldo De Lío (Guitar),"Piano, Guitar",,
Horacio Salgán,Horacio Salgán y Ubaldo De Lío,1988,Hotel Victoria,Gran Hotel Victoria,Tango,Instrumental,Circe,Tape,Feliciano Latasa,Carlos Pesce,,Salgán y De Lío,Horacio Salgán,,,Ubaldo De Lío (Guitar),"Piano, Guitar",,
Horacio Salgán,Horacio Salgán y Ubaldo De Lío,1988,La Loca De Amor,Loca De Amor,Vals,Instrumental,Circe,Tape,Enrique Caviglia,Ricardo Podestá,,Salgán y De Lío,Horacio Salgán,,,Ubaldo De Lío (Guitar),"Piano, Guitar",,
Horacio Salgán,Horacio Salgán y Ubaldo De Lío,1988,La Tablada,,Tango,Instrumental,Circe,Tape,Francisco Canaro,,,Salgán y De Lío,Horacio Salgán,,,Ubaldo De Lío (Guitar),"Piano, Guitar",,
Horacio Salgán,Horacio Salgán y Ubaldo De Lío,1988,Los Mareados,,Tango,Instrumental,Circe,Tape,Juan Cobián,Enrique Cadícamo,,Salgán y De Lío,Horacio Salgán,,,Ubaldo De Lío (Guitar),"Piano, Guitar",,
Horacio Salgán,Horacio Salgán y Ubaldo De Lío,1988,Malena,,Tango,Instrumental,Circe,Tape,Lucio Demare,Homero Manzi,,Salgán y De Lío,Horacio Salgán,,,Ubaldo De Lío (Guitar),"Piano, Guitar",,
Horacio Salgán,Horacio Salgán y Ubaldo De Lío,1988,Organito De La Tarde,,Tango,Instrumental,Circe,Tape,Cátulo Castillo,José Castillo,,Salgán y De Lío,Horacio Salgán,,,Ubaldo De Lío (Guitar),"Piano, Guitar",,
Horacio Salgán,Horacio Salgán y Ubaldo De Lío,1988,Te Vas Milonga,Te Vas,Milonga,Instrumental,Circe,Tape,Abel Fleury,Fernando Ochoa,,Salgán y De Lío,Horacio Salgán,,,Ubaldo De Lío (Guitar),"Piano, Guitar",,
Horacio Salgán,Orquesta Sinfónica,7/13/1990,Annunciación De Gardel,,Tango,Horacio Ferrer,ABR Discos,Tape,,,,90 Sinfónica,Horacio Salgán,,Leopoldo Federico,"Haydée Francia, Ubaldo De Lío (Guitar)","Piano, Bandoneon, Violin, Guitar",,
Horacio Salgán,Orquesta Sinfónica,7/13/1990,Carta Al Río De La Plata,,Tango,Instrumental,ABR Discos,Tape,"Carlos Gardel, Horacio Salgán",Horacio Ferrer,,90 Sinfónica,Horacio Salgán,,Leopoldo Federico,"Haydée Francia, Ubaldo De Lío (Guitar)","Piano, Bandoneon, Violin, Guitar",,
Horacio Salgán,Orquesta Sinfónica,7/13/1990,Desde El Azul Del Cielo,,Tango,Instrumental,ABR Discos,Tape,"Carlos Gardel, Horacio Salgán","Alfredo Le Pera, Horacio Ferrer",,90 Sinfónica,Horacio Salgán,,Leopoldo Federico,"Antonio Agri, Ubaldo De Lío (Guitar)","Piano, Bandoneon, Violin, Guitar",,
Horacio Salgán,Orquesta Sinfónica,7/13/1990,El Día De Santa Guitarrita,,Tango,Instrumental,ABR Discos,Tape,Horacio Salgán,Horacio Ferrer,,90 Sinfónica,Horacio Salgán,,Leopoldo Federico,"Haydée Francia, Ubaldo De Lío (Guitar)","Piano, Bandoneon, Violin, Guitar",,
Horacio Salgán,Orquesta Sinfónica,7/13/1990,El Mago De Buenos Aires,,Tango,Instrumental,ABR Discos,Tape,Horacio Salgán,Horacio Ferrer,,90 Sinfónica,Horacio Salgán,,Leopoldo Federico,"Haydée Francia, Ubaldo De Lío (Guitar)","Piano, Bandoneon, Violin, Guitar",,
Horacio Salgán,Orquesta Sinfónica,7/13/1990,En El Barrio Del Abasto,,Tango,Instrumental,ABR Discos,Tape,Horacio Salgán,Horacio Ferrer,,90 Sinfónica,Horacio Salgán,,Leopoldo Federico,"Haydée Francia, Ubaldo De Lío (Guitar)","Piano, Bandoneon, Violin, Guitar",,
Horacio Salgán,Orquesta Sinfónica,7/13/1990,En Un Circo Criollo,,Tango,Instrumental,ABR Discos,Tape,Horacio Salgán,Horacio Ferrer,,90 Sinfónica,Horacio Salgán,,Leopoldo Federico,"Haydée Francia, Ubaldo De Lío (Guitar)","Piano, Bandoneon, Violin, Guitar",,
Horacio Salgán,Orquesta Sinfónica,7/13/1990,En Una Iglesia De Medellín,,Tango,Instrumental,ABR Discos,Tape,,,,90 Sinfónica,Horacio Salgán,,Leopoldo Federico,"Haydée Francia, Ubaldo De Lío (Guitar)","Piano, Bandoneon, Violin, Guitar",,
Horacio Salgán,Horacio Salgán y Ubaldo De Lío,1991,Boedo,,Tango,Instrumental,Milan Sur,Tape,Julio De Caro,Dante Linyera,,Salgán y De Lío,Horacio Salgán,,,Ubaldo De Lío (Guitar),"Piano, Guitar",,CH806
Horacio Salgán,Horacio Salgán y Ubaldo De Lío,1991,Comme Il Faut,,Tango,Instrumental,Milan Sur,Tape,Eduardo Arolas,Gabriel Clausi,,Salgán y De Lío,Horacio Salgán,,,Ubaldo De Lío (Guitar),"Piano, Guitar",,CH806
Horacio Salgán,Horacio Salgán y Ubaldo De Lío,1991,El Choclo,,Tango,Instrumental,Milan Sur,Tape,Ángel Villoldo,"Juan Catán, Enrique Discépolo",,Salgán y De Lío,Horacio Salgán,,,Ubaldo De Lío (Guitar),"Piano, Guitar",,CH806
Horacio Salgán,Horacio Salgán y Ubaldo De Lío,1991,El Vals Y Tú,,Vals,Instrumental,Milan Sur,Tape,"Horacio Salgán, Ubaldo De Lio",,,Salgán y De Lío,Horacio Salgán,,,Ubaldo De Lío (Guitar),"Piano, Guitar",,CH806
Horacio Salgán,Horacio Salgán y Ubaldo De Lío,1991,Fuimos,,Tango,Instrumental,Milan Sur,Tape,José Dames,Homero Manzi,,Salgán y De Lío,Horacio Salgán,,,Ubaldo De Lío (Guitar),"Piano, Guitar",,CH806
Horacio Salgán,Horacio Salgán y Ubaldo De Lío,1991,Independiente Club,,Tango,Instrumental,Milan Sur,Tape,Agustín Bardi,,,Salgán y De Lío,Horacio Salgán,,,Ubaldo De Lío (Guitar),"Piano, Guitar",,CH806
Horacio Salgán,Horacio Salgán y Ubaldo De Lío,1991,La Pulpera De Santa Lucía,,Vals,Instrumental,Milan Sur,Tape,E.Maciel,H.P.Blomberg,,Salgán y De Lío,Horacio Salgán,,,Ubaldo De Lío (Guitar),"Piano, Guitar",,CH806
Horacio Salgán,Horacio Salgán y Ubaldo De Lío,1991,Mano Brava,,Milonga,Instrumental,Milan Sur,Tape,Manuel Buzón,Enrique Cadícamo,,Salgán y De Lío,Horacio Salgán,,,Ubaldo De Lío (Guitar),"Piano, Guitar",,CH806
Horacio Salgán,Horacio Salgán y Ubaldo De Lío,1991,Orgullo Criollo,,Tango,Instrumental,Milan Sur,Tape,"Pedro Laurenz, Julio De Caro",,,Salgán y De Lío,Horacio Salgán,,,Ubaldo De Lío (Guitar),"Piano, Guitar",,CH806
Horacio Salgán,Horacio Salgán y Ubaldo De Lío,1991,Risa Loca,,Tango,Instrumental,Milan Sur,Tape,Pedro Laurenz,,,Salgán y De Lío,Horacio Salgán,,,Ubaldo De Lío (Guitar),"Piano, Guitar",,CH806
Horacio Salgán,Horacio Salgán y Ubaldo De Lío,1991,Shusheta,,Tango,Instrumental,Milan Sur,Tape,Juan Cobián,Enrique Cadícamo,,Salgán y De Lío,Horacio Salgán,,,Ubaldo De Lío (Guitar),"Piano, Guitar",,CH806
Horacio Salgán,Horacio Salgán y Ubaldo De Lío,1991,Tal Vez No Tenga Fin,,Tango,Instrumental,Milan Sur,Tape,Horacio Salgán,,,Salgán y De Lío,Horacio Salgán,,,Ubaldo De Lío (Guitar),"Piano, Guitar",,CH806
Horacio Salgán,Horacio Salgán y Ubaldo De Lío,1991,Tango Del Eco,,Tango,Instrumental,Milan Sur,Tape,Horacio Salgán,,,Salgán y De Lío,Horacio Salgán,,,Ubaldo De Lío (Guitar),"Piano, Guitar",,CH806
Horacio Salgán,Horacio Salgán y Ubaldo De Lío,1991,Valsecito Amigo,,Vals,Instrumental,Milan Sur,Tape,Aníbal Troilo,José Contursi,,Salgán y De Lío,Horacio Salgán,,,Ubaldo De Lío (Guitar),"Piano, Guitar",,CH806
Horacio Salgán,Nuevo Quinteto Real,1996,De Puro Guapo,,Tango,Instrumental,,,Pedro Laurenz,Manuel Meaños,,87-97 Nuevo Quinteto,,Omar Murtagh,Néstor Marconi,"Antonio Agri, Ubaldo De Lío (Guitar)","Bass, Bandoneon, Violin, Guitar",,
Horacio Salgán,Nuevo Quinteto Real,1996,El Amanecer,,Tango,Instrumental,,,Roberto Firpo,,,87-97 Nuevo Quinteto,,Omar Murtagh,Néstor Marconi,"Antonio Agri, Ubaldo De Lío (Guitar)","Bass, Bandoneon, Violin, Guitar",,
Horacio Salgán,Nuevo Quinteto Real,1996,El Arranque,,Tango,Instrumental,,,Julio De Caro,Mario Gomila,,87-97 Nuevo Quinteto,,Omar Murtagh,Néstor Marconi,"Antonio Agri, Ubaldo De Lío (Guitar)","Bass, Bandoneon, Violin, Guitar",,
Horacio Salgán,Nuevo Quinteto Real,1996,Julián,,Tango,Instrumental,,,Edgardo Donato,José Panizza,,87-97 Nuevo Quinteto,,Omar Murtagh,Néstor Marconi,"Antonio Agri, Ubaldo De Lío (Guitar)","Bass, Bandoneon, Violin, Guitar",,
Horacio Salgán,Nuevo Quinteto Real,1996,La Puñalada,,Milonga,Instrumental,,,Pintín Castellanos,Celedonio Flores,,87-97 Nuevo Quinteto,,Omar Murtagh,Néstor Marconi,"Antonio Agri, Ubaldo De Lío (Guitar)","Bass, Bandoneon, Violin, Guitar",,
Horacio Salgán,Horacio Salgán y Ubaldo De Lío,1/19/1996,Comme Il Faut,Como Debe Ser,Tango,Instrumental,EMI,Tape,Eduardo Arolas,Gabriel Clausi,,Salgán y De Lío,Horacio Salgán,,Leopoldo Federico,"Haydée Francia, Ubaldo De Lío (Guitar)","Piano, Bandoneon, Violin, Guitar",,
Horacio Salgán,Horacio Salgán y Ubaldo De Lío,1/19/1996,La Cumparsita,Si Supieras,Tango,Instrumental,EMI,Tape,Gerardo Rodríguez,"Pascual Contursi, Enrique Maroni, Gerardo Rodríguez",,Salgán y De Lío,Horacio Salgán,,Leopoldo Federico,"Haydée Francia, Ubaldo De Lío (Guitar)","Piano, Bandoneon, Violin, Guitar",,
Horacio Salgán,Horacio Salgán y Ubaldo De Lío,1/19/1996,Valsecito Amigo,,Vals,Instrumental,EMI,Tape,Aníbal Troilo,José Contursi,,Salgán y De Lío,Horacio Salgán,,Leopoldo Federico,"Haydée Francia, Ubaldo De Lío (Guitar)","Piano, Bandoneon, Violin, Guitar",,
Horacio Salgán,Nuevo Quinteto Real,1/19/1996,A Fuego Lento,Fuego Lento,Tango,Instrumental,EMI,Tape,Horacio Salgán,,,87-97 Nuevo Quinteto,Horacio Salgán,Oscar Giunta,Néstor Marconi,"Antonio Agri, Ubaldo De Lío (Guitar)","Piano, Bass, Bandoneon, Violin, Guitar",,
Horacio Salgán,Nuevo Quinteto Real,1/19/1996,Canaro En París,Canaro En París,Tango,Instrumental,EMI,Tape,"Alejandro Scarpino, Juan Caldarella",José Scarpino,,87-97 Nuevo Quinteto,Horacio Salgán,Oscar Giunta,Néstor Marconi,"Antonio Agri, Ubaldo De Lío (Guitar)","Piano, Bass, Bandoneon, Violin, Guitar",,
Horacio Salgán,Nuevo Quinteto Real,1/19/1996,El Abrojito,,Tango,Instrumental,EMI,Tape,Luis Bernstein,Jesús Blanco,,87-97 Nuevo Quinteto,Horacio Salgán,Oscar Giunta,Néstor Marconi,"Antonio Agri, Ubaldo De Lío (Guitar)","Piano, Bass, Bandoneon, Violin, Guitar",,
Horacio Salgán,Nuevo Quinteto Real,1/19/1996,El Choclo,,Tango,Instrumental,EMI,Tape,Ángel Villoldo,"Juan Catán, Enrique Discépolo",,87-97 Nuevo Quinteto,Horacio Salgán,Oscar Giunta,Néstor Marconi,"Antonio Agri, Ubaldo De Lío (Guitar)","Piano, Bass, Bandoneon, Violin, Guitar",,
Horacio Salgán,Nuevo Quinteto Real,1/19/1996,Gallo Ciego,,Tango,Instrumental,EMI,Tape,Agustín Bardi,,,87-97 Nuevo Quinteto,Horacio Salgán,Oscar Giunta,Néstor Marconi,"Antonio Agri, Ubaldo De Lío (Guitar)","Piano, Bass, Bandoneon, Violin, Guitar",,
Horacio Salgán,Nuevo Quinteto Real,1/19/1996,La Clavada,,Tango,Instrumental,EMI,Tape,Ernesto Zambonini,,,87-97 Nuevo Quinteto,Horacio Salgán,Oscar Giunta,Néstor Marconi,"Antonio Agri, Ubaldo De Lío (Guitar)","Piano, Bass, Bandoneon, Violin, Guitar",,
Horacio Salgán,Nuevo Quinteto Real,1/19/1996,La Llamó Silbando,,Tango,Instrumental,EMI,Tape,Horacio Salgán,,,87-97 Nuevo Quinteto,Horacio Salgán,Oscar Giunta,Néstor Marconi,"Antonio Agri, Ubaldo De Lío (Guitar)","Piano, Bass, Bandoneon, Violin, Guitar",,
Horacio Salgán,Nuevo Quinteto Real,1/19/1996,La Puñalada,,Tango,Instrumental,EMI,Tape,Pintín Castellanos,Celedonio Flores,,87-97 Nuevo Quinteto,Horacio Salgán,Oscar Giunta,Néstor Marconi,"Antonio Agri, Ubaldo De Lío (Guitar)","Piano, Bass, Bandoneon, Violin, Guitar",,
Horacio Salgán,Nuevo Quinteto Real,1/19/1996,Ojos Negros,,Tango,Instrumental,EMI,Tape,Vicente Greco,,,87-97 Nuevo Quinteto,Horacio Salgán,Oscar Giunta,Néstor Marconi,"Antonio Agri, Ubaldo De Lío (Guitar)","Piano, Bass, Bandoneon, Violin, Guitar",,
Horacio Salgán,Nuevo Quinteto Real,1997,A Fuego Lento,Fuego Lento,Tango,Instrumental,Deutsche Grammophon,Tape,Horacio Salgán,,,87-97 Nuevo Quinteto,Horacio Salgán,Omar Murtagh,Néstor Marconi,"Antonio Agri, Ubaldo De Lío (Guitar)","Piano, Bass, Bandoneon, Violin, Guitar",,
Horacio Salgán,Horacio Salgán y Ubaldo De Lío,2000,Aquellos Tangos Camperos,,Tango,Instrumental,Warner Music Argentina,Tape,"Horacio Salgán, Ubaldo De Lio",,,Salgán y De Lío,Horacio Salgán,,,Ubaldo De Lío (Guitar),"Piano, Guitar",,
Horacio Salgán,Horacio Salgán y Ubaldo De Lío,2000,Comme Il Faut,Como Debe Ser,Tango,Instrumental,Warner Music Argentina,Tape,Eduardo Arolas,Gabriel Clausi,,Salgán y De Lío,Horacio Salgán,,,Ubaldo De Lío (Guitar),"Piano, Guitar",,
Horacio Salgán,Horacio Salgán y Ubaldo De Lío,2000,El Entrerriano,El Entrerriano,Tango,Instrumental,Warner Music Argentina,Tape,Anselmo Mendizábal,Ernesto Amor,,Salgán y De Lío,Horacio Salgán,,,Ubaldo De Lío (Guitar),"Piano, Guitar",,
Horacio Salgán,Horacio Salgán y Ubaldo De Lío,2000,El Vals Y Tú,,Vals,Instrumental,Warner Music Argentina,Tape,"Horacio Salgán, Ubaldo De Lio",,,Salgán y De Lío,Horacio Salgán,,,Ubaldo De Lío (Guitar),"Piano, Guitar",,
Horacio Salgán,Horacio Salgán y Ubaldo De Lío,2000,Hotel Victoria,Gran Hotel Victoria,Tango,Instrumental,Warner Music Argentina,Tape,Feliciano Latasa,Carlos Pesce,,Salgán y De Lío,Horacio Salgán,,,Ubaldo De Lío (Guitar),"Piano, Guitar",,
Horacio Salgán,Horacio Salgán y Ubaldo De Lío,2000,La Cumparsita,Si Supieras,Tango,Instrumental,Warner Music Argentina,Tape,Gerardo Rodríguez,"Pascual Contursi, Enrique Maroni, Gerardo Rodríguez",,Salgán y De Lío,Horacio Salgán,,,Ubaldo De Lío (Guitar),"Piano, Guitar",,
Horacio Salgán,Horacio Salgán y Ubaldo De Lío,2000,La Loca De Amor,Loca De Amor,Vals,Instrumental,Warner Music Argentina,Tape,Enrique Caviglia,Ricardo Podestá,,Salgán y De Lío,Horacio Salgán,,,Ubaldo De Lío (Guitar),"Piano, Guitar",,
Horacio Salgán,Horacio Salgán y Ubaldo De Lío,2000,Malena,,Tango,Instrumental,Warner Music Argentina,Tape,Lucio Demare,Homero Manzi,,Salgán y De Lío,Horacio Salgán,,,Ubaldo De Lío (Guitar),"Piano, Guitar",,
Horacio Salgán,Horacio Salgán y Ubaldo De Lío,2000,Mano Brava,,Milonga,Instrumental,Warner Music Argentina,Tape,Manuel Buzón,Enrique Cadícamo,,Salgán y De Lío,Horacio Salgán,,,Ubaldo De Lío (Guitar),"Piano, Guitar",,
Horacio Salgán,Horacio Salgán y Ubaldo De Lío,2000,Tal Vez No Tenga Fin,,Tango,Instrumental,Warner Music Argentina,Tape,Horacio Salgán,,,Salgán y De Lío,Horacio Salgán,,,Ubaldo De Lío (Guitar),"Piano, Guitar",,
Horacio Salgán,Horacio Salgán y Ubaldo De Lío,2000,Te Vas Milonga,Te Vas,Milonga,Instrumental,Warner Music Argentina,Tape,Abel Fleury,Fernando Ochoa,,Salgán y De Lío,Horacio Salgán,,,Ubaldo De Lío (Guitar),"Piano, Guitar",,
Horacio Salgán,Nuevo Quinteto Real,2000,Aquellos Tangos Camperos,,Tango,Instrumental,Warner Music Argentina,Tape,"Horacio Salgán, Ubaldo De Lio",,,87-97 Nuevo Quinteto,Horacio Salgán,Oscar Giunta,Néstor Marconi,"Antonio Agri, Ubaldo De Lío (Guitar)","Piano, Bass, Bandoneon, Violin, Guitar",,
Horacio Salgán,Nuevo Quinteto Real,2000,Canaro En París,Canaro En París,Tango,Instrumental,Clarín,Tape,"Alejandro Scarpino, Juan Caldarella",José Scarpino,,87-97 Nuevo Quinteto,Horacio Salgán,Oscar Giunta,Néstor Marconi,"Antonio Agri, Ubaldo De Lío (Guitar)","Piano, Bass, Bandoneon, Violin, Guitar",,
Horacio Salgán,Nuevo Quinteto Real,2000,Contramarca,,Tango,Instrumental,Warner Music Argentina,Tape,"Rafael Rossi, Francisco Brancatti",Francisco Brancatti,,87-97 Nuevo Quinteto,Horacio Salgán,Oscar Giunta,Néstor Marconi,"Antonio Agri, Ubaldo De Lío (Guitar)","Piano, Bass, Bandoneon, Violin, Guitar",,
Horacio Salgán,Nuevo Quinteto Real,2000,Del 1 Al 5,,Tango,Instrumental,Warner Music Argentina,Tape,Horacio Salgán,,,87-97 Nuevo Quinteto,Horacio Salgán,Oscar Giunta,Néstor Marconi,"Antonio Agri, Ubaldo De Lío (Guitar)","Piano, Bass, Bandoneon, Violin, Guitar",,
Horacio Salgán,Nuevo Quinteto Real,2000,Felicia,,Tango,Instrumental,Warner Music Argentina,Tape,Enrique Saborido,Carlos Pacheco,,87-97 Nuevo Quinteto,Horacio Salgán,Oscar Giunta,Néstor Marconi,"Antonio Agri, Ubaldo De Lío (Guitar)","Piano, Bass, Bandoneon, Violin, Guitar",,
Horacio Salgán,Nuevo Quinteto Real,2000,Independiente Club,,Tango,Instrumental,Warner Music Argentina,Tape,Agustín Bardi,,,87-97 Nuevo Quinteto,Horacio Salgán,Oscar Giunta,Néstor Marconi,"Antonio Agri, Ubaldo De Lío (Guitar)","Piano, Bass, Bandoneon, Violin, Guitar",,
Horacio Salgán,Nuevo Quinteto Real,2000,La Clavada,,Tango,Instrumental,Warner Music Argentina,Tape,Ernesto Zambonini,,,87-97 Nuevo Quinteto,Horacio Salgán,Oscar Giunta,Néstor Marconi,"Antonio Agri, Ubaldo De Lío (Guitar)","Piano, Bass, Bandoneon, Violin, Guitar",,
Horacio Salgán,Nuevo Quinteto Real,2000,La Puñalada,,Milonga,Instrumental,Warner Music Argentina,Tape,Pintín Castellanos,Celedonio Flores,,87-97 Nuevo Quinteto,Horacio Salgán,Oscar Giunta,Néstor Marconi,"Antonio Agri, Ubaldo De Lío (Guitar)","Piano, Bass, Bandoneon, Violin, Guitar",,
Horacio Salgán,Nuevo Quinteto Real,2000,Tango Del Eco,,Tango,Instrumental,Warner Music Argentina,Tape,Horacio Salgán,,,87-97 Nuevo Quinteto,Horacio Salgán,Oscar Giunta,Néstor Marconi,"Antonio Agri, Ubaldo De Lío (Guitar)","Piano, Bass, Bandoneon, Violin, Guitar",,
Horacio Salgán,Nuevo Quinteto Real,2000,Taquito Militar,,Milonga,Instrumental,Warner Music Argentina,Tape,Mariano Mores,,,87-97 Nuevo Quinteto,Horacio Salgán,Oscar Giunta,Néstor Marconi,"Antonio Agri, Ubaldo De Lío (Guitar)","Piano, Bass, Bandoneon, Violin, Guitar",,
Horacio Salgán,Horacio Salgán y su Orquesta Típica,2004,A Fuego Lento,Fuego Lento,Tango,Instrumental,Surco Records,Tape,Horacio Salgán,,,,,,,,,,
