Bandleader,Orchestra,Date,Title,AltTitle,Genre,Singer,Label,Master,Matrix,Disc,Composer,Author,Arranger,Grouping,Pianist,Bassist,Bandoneons,Strings,Lineup,Source
Lucio Demare,Lucio Demare y su Piano,1930,Mañanitas De Montmartre,,Tango,Instrumental,Odeón,78rpm,,,Lucio Demare,"Agustín Irusta, Roberto Fugazot",,Solo Piano,Lucio Demare,,,,Piano,main
Lucio Demare,Orquesta Lucio Demare,1954,Dónde,,Tango,Armando Garrido,Art Fono,Tape,,1001,"Lucio Demare, Roberto Fugazot, Agustín Irusta",Antonio Graciani,,50-59 Other Labels,Lucio Demare,Valentín Andreotta,"UNKNOWN, Salvador Cascone, Antonio Daponte, Santiago Coppola","Carmelo Cavallaro, David Aszenmil, José Votti, Orestes Zungri, Milo Dojman","Piano, Bass, 4 Bandoneons, 5 Violins",main
Lucio Demare,Orquesta Lucio Demare,1954,Milonguero Viejo,Bailarín Porteño | Fresedo,Tango,Instrumental,Art Fono,Tape,,,Carlos Di Sarli,Enrique Sotelo,,50-59 Other Labels,Lucio Demare,Valentín Andreotta,"Máximo Mori, Salvador Cascone, Antonio Daponte, Santiago Coppola","Carmelo Cavallaro, David Aszenmil, José Votti, Orestes Zungri, Milo Dojman","Piano, Bass, 4 Bandoneons, 5 Violins",main
Lucio Demare,Orquesta Lucio Demare,1956,Barrio De Tango,,Tango,Armando Garrido,Discos TK,78rpm,1282/56,S-5476-A,Aníbal Troilo,Homero Manzi,,50-59 Other Labels,Lucio Demare,Valentín Andreotta,"Máximo Mori, Salvador Cascone, Antonio Daponte, Santiago Coppola","Carmelo Cavallaro, David Aszenmil, José Votti, Orestes Zungri, Milo Dojman","Piano, Bass, 4 Bandoneons, 5 Violins",main
Lucio Demare,Lucio Demare y su Orquesta Típica,1956,Dónde,,Tango,Armando Garrido,Art Fono,78rpm,,1001-B,"Lucio Demare, Roberto Fugazot, Agustín Irusta",Antonio Graciani,,50-59 Other Labels,Lucio Demare,Valentín Andreotta,"Máximo Mori, Salvador Cascone, Antonio Daponte, Santiago Coppola","Carmelo Cavallaro, David Aszenmil, José Votti, Orestes Zungri, Milo Dojman","Piano, Bass, 4 Bandoneons, 5 Violins",main
Lucio Demare,Lucio Demare y su Orquesta Típica,1956,Milonguero Viejo,Bailarín Porteño | Fresedo,Tango,Instrumental,Art Fono,78rpm,,1001-A,Carlos Di Sarli,Enrique Sotelo,,50-59 Other Labels,Lucio Demare,Valentín Andreotta,"Máximo Mori, Salvador Cascone, Antonio Daponte, Santiago Coppola","Carmelo Cavallaro, David Aszenmil, José Votti, Orestes Zungri, Milo Dojman","Piano, Bass, 4 Bandoneons, 5 Violins",main
Lucio Demare,Orquesta Lucio Demare,1956,Sentimiento Tanguero,,Milonga,Instrumental,Discos TK,78rpm,1283/56,S-5476-B,Lucio Demare,,,50-59 Other Labels,Lucio Demare,Valentín Andreotta,"Máximo Mori, Salvador Cascone, Antonio Daponte, Santiago Coppola","Carmelo Cavallaro, David Aszenmil, José Votti, Orestes Zungri, Milo Dojman","Piano, Bass, 4 Bandoneons, 5 Violins",main
Lucio Demare,Orquesta Lucio Demare,1959,Andrajos,,Tango,Tania,Music Hall,Tape,MH-1104-1,MH-1104,Enrique Discépolo,Alberto Martínez,,50-59 Other Labels,Lucio Demare,Valentín Andreotta,"Máximo Mori, Salvador Cascone, Antonio Daponte, Santiago Coppola","Carmelo Cavallaro, David Aszenmil, José Votti, Orestes Zungri, Milo Dojman","Piano, Bass, 4 Bandoneons, 5 Violins",main
Lucio Demare,Orquesta Lucio Demare,1959,Confesión,,Tango,Tania,Music Hall,Tape,MH-1104-2,MH-1104,Enrique Santos Discépolo,"Enrique Santos Discépolo, Luis César Amadori",,50-59 Other Labels,Lucio Demare,Valentín Andreotta,"Máximo Mori, Salvador Cascone, Antonio Daponte, Santiago Coppola","Carmelo Cavallaro, David Aszenmil, José Votti, Orestes Zungri, Milo Dojman","Piano, Bass, 4 Bandoneons, 5 Violins",main
Lucio Demare,Orquesta Lucio Demare,1959,La Calle Sin Sueño,,Tango,Tania,Music Hall,Tape,MH-1104-2,MH-1104,Lucio Demare,Enrique Cadícamo,,50-59 Other Labels,Lucio Demare,Valentín Andreotta,"Máximo Mori, Salvador Cascone, Antonio Daponte, Santiago Coppola","Carmelo Cavallaro, David Aszenmil, José Votti, Orestes Zungri, Milo Dojman","Piano, Bass, 4 Bandoneons, 5 Violins",main
Lucio Demare,Orquesta Lucio Demare,1959,Luna,,Milonga,Tania,Music Hall,Tape,MH-1104-1,MH-1104,Lucio Demare,Homero Manzi,,50-59 Other Labels,Lucio Demare,Valentín Andreotta,"Máximo Mori, Salvador Cascone, Antonio Daponte, Santiago Coppola","Carmelo Cavallaro, David Aszenmil, José Votti, Orestes Zungri, Milo Dojman","Piano, Bass, 4 Bandoneons, 5 Violins",main
Lucio Demare,Orquesta Lucio Demare,6/13/1938,La Racha,,Tango,Instrumental,Odeón,78rpm,9448,8050-A,Agustín Bardi,,Máximo Mori,38-43 Odeón,Lucio Demare,Oscar Roma,"Máximo Mori, Oscar Capurro, Nicolás Pepe, Santiago Coppola","Raúl Kaplún, Carlos Arnaiz, Renato Lencione, Milo Dojman, Orestes Zungri","Piano, Bass, 4 Bandoneons, 5 Violins",main
Lucio Demare,Orquesta Lucio Demare,6/13/1938,Telón,,Tango,Juan Carlos Miranda,Odeón,78rpm,9449,8050-B,Lucio Demare,Homero Manzi,Máximo Mori,38-43 Odeón,Lucio Demare,Oscar Roma,"Máximo Mori, Oscar Capurro, Nicolás Pepe, Santiago Coppola","Raúl Kaplún, Carlos Arnaiz, Renato Lencione, Milo Dojman, Orestes Zungri","Piano, Bass, 4 Bandoneons, 5 Violins",main
Lucio Demare,Orquesta Lucio Demare,7/12/1938,Din Don,,Tango,Juan Carlos Miranda,Odeón,78rpm,9506,8051-B,Alberto Suárez Villanueva,Evaristo Fratantoni,Máximo Mori,38-43 Odeón,Lucio Demare,Oscar Roma,"Máximo Mori, Oscar Capurro, Nicolás Pepe, Santiago Coppola","Raúl Kaplún, Carlos Arnaiz, Renato Lencione, Milo Dojman, Orestes Zungri","Piano, Bass, 4 Bandoneons, 5 Violins",main
Lucio Demare,Orquesta Lucio Demare,7/12/1938,La Esquina,,Milonga,Instrumental,Odeón,78rpm,9505,8051-A,Lucio Demare,,Máximo Mori,38-43 Odeón,Lucio Demare,Oscar Roma,"Máximo Mori, Oscar Capurro, Nicolás Pepe, Santiago Coppola","Raúl Kaplún, Carlos Arnaiz, Renato Lencione, Milo Dojman, Orestes Zungri","Piano, Bass, 4 Bandoneons, 5 Violins",main
Lucio Demare,Orquesta Lucio Demare,10/8/1941,Color De Rosa,,Tango,Instrumental,Odeón,78rpm,11501,8052-B,"Pedro Polito, Antonio Polito",Antonio Polito,Máximo Mori,38-43 Odeón,Lucio Demare,Oscar Roma,"Máximo Mori, Oscar Capurro, Nicolás Pepe, Santiago Coppola","Raúl Kaplún, Carlos Arnaiz, Renato Lencione, Milo Dojman, Orestes Zungri","Piano, Bass, 4 Bandoneons, 5 Violins",main
Lucio Demare,Orquesta Lucio Demare,10/8/1941,Negra María,,Milonga,Juan Carlos Miranda,Odeón,78rpm,11500,8052-A,Lucio Demare,Homero Manzi,Máximo Mori,38-43 Odeón,Lucio Demare,Oscar Roma,"Máximo Mori, Oscar Capurro, Nicolás Pepe, Santiago Coppola","Raúl Kaplún, Carlos Arnaiz, Renato Lencione, Milo Dojman, Orestes Zungri","Piano, Bass, 4 Bandoneons, 5 Violins",main
Lucio Demare,Orquesta Lucio Demare,1/23/1942,Malena,,Tango,Juan Carlos Miranda,Odeón,78rpm,11741,8053-A,Lucio Demare,Homero Manzi,Máximo Mori,38-43 Odeón,Lucio Demare,Oscar Roma,"Máximo Mori, Oscar Capurro, Nicolás Pepe, Santiago Coppola","Raúl Kaplún, Carlos Arnaiz, Renato Lencione, Milo Dojman, Orestes Zungri","Piano, Bass, 4 Bandoneons, 5 Violins",main
Lucio Demare,Orquesta Lucio Demare,1/23/1942,Tortazos,,Milonga,Juan Carlos Miranda,Odeón,78rpm,11742,8053-B,José Razzano,Enrique Maroni,Máximo Mori,38-43 Odeón,Lucio Demare,Oscar Roma,"Máximo Mori, Oscar Capurro, Nicolás Pepe, Santiago Coppola","Raúl Kaplún, Carlos Arnaiz, Renato Lencione, Milo Dojman, Orestes Zungri","Piano, Bass, 4 Bandoneons, 5 Violins",main
Lucio Demare,Orquesta Lucio Demare,3/13/1942,Al Compás De Un Tango,,Tango,Juan Carlos Miranda,Odeón,78rpm,11885,8054-A,Alberto Villanueva,Oscar Rubens,Máximo Mori,38-43 Odeón,Lucio Demare,Oscar Roma,"Máximo Mori, Oscar Capurro, Nicolás Pepe, Santiago Coppola","Raúl Kaplún, Carlos Arnaiz, Renato Lencione, Milo Dojman, Orestes Zungri","Piano, Bass, 4 Bandoneons, 5 Violins",main
Lucio Demare,Orquesta Lucio Demare,3/13/1942,Ribereña,,Vals,Juan Carlos Miranda,Odeón,78rpm,11886,8054-B,"Víctor Braña, Santiago Cóppola",Enrique Gaudino,Máximo Mori,38-43 Odeón,Lucio Demare,Oscar Roma,"Máximo Mori, Oscar Capurro, Nicolás Pepe, Santiago Coppola","Raúl Kaplún, Carlos Arnaiz, Renato Lencione, Milo Dojman, Orestes Zungri","Piano, Bass, 4 Bandoneons, 5 Violins",main
Lucio Demare,Orquesta Lucio Demare,4/14/1942,El Naranjerito,Pregón,Milonga,Juan Carlos Miranda,Odeón,78rpm,11935,8055-A,"Alberto Nery, Héctor Varela",Homero Expósito,Máximo Mori,38-43 Odeón,Lucio Demare,Oscar Roma,"Máximo Mori, Oscar Capurro, Nicolás Pepe, Santiago Coppola","Raúl Kaplún, Carlos Arnaiz, Renato Lencione, Milo Dojman, Orestes Zungri","Piano, Bass, 4 Bandoneons, 5 Violins",main
Lucio Demare,Orquesta Lucio Demare,4/14/1942,Un Tango Guapo,Tango Guapo,Tango,Roberto Arrieta,Odeón,78rpm,11936,8055-B,Oscar Roma,Roberto Del Pino,Máximo Mori,38-43 Odeón,Lucio Demare,Oscar Roma,"Máximo Mori, Oscar Capurro, Nicolás Pepe, Santiago Coppola","Raúl Kaplún, Carlos Arnaiz, Renato Lencione, Milo Dojman, Orestes Zungri","Piano, Bass, 4 Bandoneons, 5 Violins",main
Lucio Demare,Orquesta Lucio Demare,7/20/1942,Mañana Zarpa Un Barco,,Tango,Juan Carlos Miranda,Odeón,78rpm,12117,8056-A,Lucio Demare,Homero Manzi,Máximo Mori,38-43 Odeón,Lucio Demare,Oscar Roma,"Máximo Mori, Oscar Capurro, Nicolás Pepe, Santiago Coppola","Raúl Kaplún, Carlos Arnaiz, Renato Lencione, Milo Dojman, Orestes Zungri","Piano, Bass, 4 Bandoneons, 5 Violins",main
Lucio Demare,Orquesta Lucio Demare,7/20/1942,Nunca Supe Porque,Nunca Supe por que,Vals,Juan Carlos Miranda,Odeón,78rpm,12116,8056-B,Raúl Kaplún,Luis Rubistein,Máximo Mori,38-43 Odeón,Lucio Demare,Oscar Roma,"Máximo Mori, Oscar Capurro, Nicolás Pepe, Santiago Coppola","Raúl Kaplún, Carlos Arnaiz, Renato Lencione, Milo Dojman, Orestes Zungri","Piano, Bass, 4 Bandoneons, 5 Violins",main
Lucio Demare,Orquesta Lucio Demare,9/3/1942,Milonga En Rojo,,Milonga,Juan Carlos Miranda,Odeón,78rpm,12194,8057-B,"Lucio Demare, Roberto Fugazot",José González Castillo,Máximo Mori,38-43 Odeón,Lucio Demare,Oscar Roma,"Máximo Mori, Oscar Capurro, Nicolás Pepe, Santiago Coppola","Raúl Kaplún, Carlos Arnaiz, Renato Lencione, Milo Dojman, Orestes Zungri","Piano, Bass, 4 Bandoneons, 5 Violins",main
Lucio Demare,Orquesta Lucio Demare,9/3/1942,Soy Muchacho De La Guardia,Soy un Muchacho de la Guardia,Tango,Roberto Arrieta,Odeón,78rpm,12193,8057-A,Agustín Irusta,Héctor Marcó,Máximo Mori,38-43 Odeón,Lucio Demare,Oscar Roma,"Máximo Mori, Oscar Capurro, Nicolás Pepe, Santiago Coppola","Raúl Kaplún, Carlos Arnaiz, Renato Lencione, Milo Dojman, Orestes Zungri","Piano, Bass, 4 Bandoneons, 5 Violins",main
Lucio Demare,Orquesta Lucio Demare,10/9/1942,El Chupete,,Tango,Instrumental,Odeón,78rpm,12288,8058-B,Carlos Ricardo Gaudencio,Antonio Polito,Máximo Mori,38-43 Odeón,Lucio Demare,Oscar Roma,"Máximo Mori, Oscar Capurro, Nicolás Pepe, Santiago Coppola","Raúl Kaplún, Carlos Arnaiz, Renato Lencione, Milo Dojman, Orestes Zungri","Piano, Bass, 4 Bandoneons, 5 Violins",main
Lucio Demare,Lucio Demare y su Orquesta Típica,10/9/1942,No Te Apures Carablanca,No Te Apures Carablanca / No Te Apures Cara Blanca,Tango,Juan Carlos Miranda,Odeón,78rpm,12287,8058-A,Roberto Garza,Carlos Bahr,Máximo Mori,38-43 Odeón,Lucio Demare,Oscar Roma,"Máximo Mori, Oscar Capurro, Nicolás Pepe, Santiago Coppola","Raúl Kaplún, Carlos Arnaiz, Renato Lencione, Milo Dojman, Orestes Zungri","Piano, Bass, 4 Bandoneons, 5 Violins",main
Lucio Demare,Lucio Demare y su Orquesta Típica,11/10/1942,Canción De Rango,Pa' que se Callen,Tango,Roberto Arrieta,Odeón,78rpm,12343,8059-A,Raúl Kaplún,José Suñé,Máximo Mori,38-43 Odeón,Lucio Demare,Oscar Roma,"Máximo Mori, Oscar Capurro, Nicolás Pepe, Santiago Coppola","Raúl Kaplún, Carlos Arnaiz, Renato Lencione, Milo Dojman, Orestes Zungri","Piano, Bass, 4 Bandoneons, 5 Violins",main
Lucio Demare,Orquesta Lucio Demare,11/10/1942,Sorbos Amargos,,Tango,Juan Carlos Miranda,Odeón,78rpm,12342,8059-B,Lucio Demare,"Agustín Irusta, Roberto Fugazot",Máximo Mori,38-43 Odeón,Lucio Demare,Oscar Roma,"Máximo Mori, Oscar Capurro, Nicolás Pepe, Santiago Coppola","Raúl Kaplún, Carlos Arnaiz, Renato Lencione, Milo Dojman, Orestes Zungri","Piano, Bass, 4 Bandoneons, 5 Violins",main
Lucio Demare,Orquesta Lucio Demare,12/9/1942,Pa' Mí Es Igual,Siempre Amigos,Tango,Juan Carlos Miranda,Odeón,78rpm,12435,8060-B,"Lucio Demare, Roberto Fugazot",Enrique Cadícamo,Máximo Mori,38-43 Odeón,Lucio Demare,Oscar Roma,"Máximo Mori, Oscar Capurro, Nicolás Pepe, Santiago Coppola","Raúl Kaplún, Carlos Arnaiz, Renato Lencione, Milo Dojman, Orestes Zungri","Piano, Bass, 4 Bandoneons, 5 Violins",main
Lucio Demare,Orquesta Lucio Demare,12/9/1942,Tinta Verde,,Tango,Instrumental,Odeón,78rpm,12436,8060-A,Agustín Bardi,,Máximo Mori,38-43 Odeón,Lucio Demare,Oscar Roma,"Máximo Mori, Oscar Capurro, Nicolás Pepe, Santiago Coppola","Raúl Kaplún, Carlos Arnaiz, Renato Lencione, Milo Dojman, Orestes Zungri","Piano, Bass, 4 Bandoneons, 5 Violins",main
Lucio Demare,Lucio Demare y su Orquesta Típica,1/9/1943,Carnavalito,Quebradeño,Milonga,Raúl Berón,Odeón,78rpm,12476,8061-B,"Hnos. Abalos, Homero Manzi, Arr. Demare",Machingo Ábalos,Máximo Mori,43-45 Berón + Quintana,Lucio Demare,Mario Monteleone,"Máximo Mori, Oscar Capurro, Nicolás Pepe, Santiago Coppola","Raúl Kaplún, Carlos Arnaiz, Renato Lencione, Milo Dojman, Orestes Zungri","Piano, Bass, 4 Bandoneons, 5 Violins",main
Lucio Demare,Orquesta Lucio Demare,1/9/1943,Cómo Se Hace Un Tango,,Tango,Raúl Berón,Odeón,78rpm,12477,8061-A,Arturo Gallucci,Enrique Dizeo,Máximo Mori,43-45 Berón,Lucio Demare,Mario Monteleone,"Máximo Mori, Oscar Capurro, Nicolás Pepe, Santiago Coppola","Raúl Kaplún, Carlos Arnaiz, Renato Lencione, Milo Dojman, Orestes Zungri","Piano, Bass, 4 Bandoneons, 5 Violins",main
Lucio Demare,Orquesta Lucio Demare,2/11/1943,El Pescante,,Tango,Raúl Berón,Odeón,78rpm,12572,8063-A,Sebastián Piana,Homero Manzi,Máximo Mori,43-45 Berón,Lucio Demare,Mario Monteleone,"Máximo Mori, Oscar Capurro, Nicolás Pepe, Santiago Coppola","Raúl Kaplún, Carlos Arnaiz, Renato Lencione, Milo Dojman, Orestes Zungri","Piano, Bass, 4 Bandoneons, 5 Violins",main
Lucio Demare,Lucio Demare y su Orquesta Típica,2/11/1943,Me Llaman El Zorro,"Me Llaman ""el Zorro""",Tango,Raúl Berón,Odeón,78rpm,12571,8062-A,Mario Perini,Roberto Lambertucci,Máximo Mori,43-45 Berón,Lucio Demare,Mario Monteleone,"Máximo Mori, Oscar Capurro, Nicolás Pepe, Santiago Coppola","Raúl Kaplún, Carlos Arnaiz, Renato Lencione, Milo Dojman, Orestes Zungri","Piano, Bass, 4 Bandoneons, 5 Violins",main
Lucio Demare,Orquesta Lucio Demare,2/11/1943,No Nos Veremos Más,,Vals,Raúl Berón,Odeón,78rpm,12570,8062-B,Lucio Demare,Julio Navarrine,Máximo Mori,43-45 Berón,Lucio Demare,Mario Monteleone,"Máximo Mori, Oscar Capurro, Nicolás Pepe, Santiago Coppola","Raúl Kaplún, Carlos Arnaiz, Renato Lencione, Milo Dojman, Orestes Zungri","Piano, Bass, 4 Bandoneons, 5 Violins",main
Lucio Demare,Orquesta Lucio Demare,2/11/1943,Pena de Amor,,Tango,Raúl Berón,Odeón,78rpm,12573,8063-B,Jorge Fernández,José Contursi,Máximo Mori,43-45 Berón,Lucio Demare,Mario Monteleone,"Máximo Mori, Oscar Capurro, Nicolás Pepe, Santiago Coppola","Raúl Kaplún, Carlos Arnaiz, Renato Lencione, Milo Dojman, Orestes Zungri","Piano, Bass, 4 Bandoneons, 5 Violins",main
Lucio Demare,Orquesta Lucio Demare,4/1/1943,Chatero De Aquel Entonces,,Milonga,Raúl Berón,Odeón,78rpm,12667,8064-B,Julián Ortiz,Luis Mejías,Máximo Mori,43-45 Berón,Lucio Demare,Mario Monteleone,"Máximo Mori, Oscar Capurro, Nicolás Pepe, Santiago Coppola","Raúl Kaplún, Carlos Arnaiz, Renato Lencione, Milo Dojman, Orestes Zungri","Piano, Bass, 4 Bandoneons, 5 Violins",main
Lucio Demare,Orquesta Lucio Demare,4/1/1943,Moneda De Cobre,,Tango,Raúl Berón,Odeón,78rpm,12668,8064-A,Carlos Viván,Horacio Sanguinetti,Máximo Mori,43-45 Berón,Lucio Demare,Mario Monteleone,"Máximo Mori, Oscar Capurro, Nicolás Pepe, Santiago Coppola","Raúl Kaplún, Carlos Arnaiz, Renato Lencione, Milo Dojman, Orestes Zungri","Piano, Bass, 4 Bandoneons, 5 Violins",main
Lucio Demare,Lucio Demare y su Orquesta Típica,5/6/1943,Soy Del Noventa,Soy Del 90,Tango,Raúl Berón,Odeón,78rpm,12756,8065-B,Tito Ribero,Carlos Waiss,Máximo Mori,43-45 Berón,Lucio Demare,Mario Monteleone,"Máximo Mori, Oscar Capurro, Nicolás Pepe, Santiago Coppola","Raúl Kaplún, Carlos Arnaiz, Renato Lencione, Milo Dojman, Orestes Zungri","Piano, Bass, 4 Bandoneons, 5 Violins",main
Lucio Demare,Lucio Demare y su Orquesta Típica,5/6/1943,Tal Vez Será Mí Alcohol,Tal Vez Será su Voz,Tango,Raúl Berón,Odeón,78rpm,12757,8065-A,Lucio Demare,Homero Manzi,Máximo Mori,43-45 Berón,Lucio Demare,Mario Monteleone,"Máximo Mori, Oscar Capurro, Nicolás Pepe, Santiago Coppola","Raúl Kaplún, Carlos Arnaiz, Renato Lencione, Milo Dojman, Orestes Zungri","Piano, Bass, 4 Bandoneons, 5 Violins",main
Lucio Demare,Orquesta Lucio Demare,6/10/1943,Canta Pajarito,,Tango,Raúl Berón,Odeón,78rpm,12837,8067-A,Juan Guichandut,Oscar Rubens,Máximo Mori,43-45 Berón,Lucio Demare,Mario Monteleone,"Máximo Mori, Oscar Capurro, Nicolás Pepe, Santiago Coppola","Raúl Kaplún, Carlos Arnaiz, Renato Lencione, Milo Dojman, Orestes Zungri","Piano, Bass, 4 Bandoneons, 5 Violins",main
Lucio Demare,Orquesta Lucio Demare,6/10/1943,La Cosa Fue en un Boliche,,Tango,Raúl Berón,Odeón,78rpm,12835,8066-A,Oscar Roma,Venancio Clauso,Máximo Mori,43-45 Berón,Lucio Demare,Mario Monteleone,"Máximo Mori, Oscar Capurro, Nicolás Pepe, Santiago Coppola","Raúl Kaplún, Carlos Arnaiz, Renato Lencione, Milo Dojman, Orestes Zungri","Piano, Bass, 4 Bandoneons, 5 Violins",main
Lucio Demare,Orquesta Lucio Demare,6/10/1943,Ropa Blanca,,Milonga,Raúl Berón,Odeón,78rpm,12836,8066-B,Alfredo Malerba,Homero Manzi,Máximo Mori,43-45 Berón,Lucio Demare,Mario Monteleone,"Máximo Mori, Oscar Capurro, Nicolás Pepe, Santiago Coppola","Raúl Kaplún, Carlos Arnaiz, Renato Lencione, Milo Dojman, Orestes Zungri","Piano, Bass, 4 Bandoneons, 5 Violins",main
Lucio Demare,Lucio Demare y su Orquesta Típica,7/13/1943,El Baile de los Domingos,Bailongo de los Domingos,Tango,Raúl Berón,Odeón,78rpm,12919,8068-A,Oscar Arona,Francisco Jiménez,Máximo Mori,43-45 Berón,Lucio Demare,Mario Monteleone,"Máximo Mori, Oscar Capurro, Nicolás Pepe, Santiago Coppola","Raúl Kaplún, Carlos Arnaiz, Renato Lencione, Milo Dojman, Orestes Zungri","Piano, Bass, 4 Bandoneons, 5 Violins",main
Lucio Demare,Orquesta Lucio Demare,7/13/1943,Se Fue,,Vals,Raúl Berón,Odeón,78rpm,12920,8067-B,Horacio Salgán,Oscar Rubens,Máximo Mori,43-45 Berón,Lucio Demare,Mario Monteleone,"Máximo Mori, Oscar Capurro, Nicolás Pepe, Santiago Coppola","Raúl Kaplún, Carlos Arnaiz, Renato Lencione, Milo Dojman, Orestes Zungri","Piano, Bass, 4 Bandoneons, 5 Violins",main
Lucio Demare,Orquesta Lucio Demare,9/3/1943,Al Pasar,,Vals,Raúl Berón,Odeón,78rpm,13102,8069-B,José Iglesias,Juan Gatti,Máximo Mori,43-45 Berón,Lucio Demare,Mario Monteleone,"Máximo Mori, Oscar Capurro, Nicolás Pepe, Santiago Coppola","Raúl Kaplún, Carlos Arnaiz, Renato Lencione, Milo Dojman, Orestes Zungri","Piano, Bass, 4 Bandoneons, 5 Violins",main
Lucio Demare,Orquesta Lucio Demare,9/3/1943,Palomita Mía,,Tango,Raúl Berón,Odeón,78rpm,13101,8068-B,Carlos Viván,Horacio Sanguinetti,Máximo Mori,43-45 Berón,Lucio Demare,Mario Monteleone,"Máximo Mori, Oscar Capurro, Nicolás Pepe, Santiago Coppola","Raúl Kaplún, Carlos Arnaiz, Renato Lencione, Milo Dojman, Orestes Zungri","Piano, Bass, 4 Bandoneons, 5 Violins",main
Lucio Demare,Orquesta Lucio Demare,9/3/1943,Una Emoción,,Tango,Raúl Berón,Odeón,78rpm,13100,8069-A,Raúl Kaplún,José Suñé,Máximo Mori,43-45 Berón,Lucio Demare,Mario Monteleone,"Máximo Mori, Oscar Capurro, Nicolás Pepe, Santiago Coppola","Raúl Kaplún, Carlos Arnaiz, Renato Lencione, Milo Dojman, Orestes Zungri","Piano, Bass, 4 Bandoneons, 5 Violins",main
Lucio Demare,Orquesta Lucio Demare,9/13/1943,Tal Vez Será Su Voz,Tal Vez Será Mí Alcohol,Tango,Raúl Berón,Odeón,78rpm,13130,8065-A,Lucio Demare,Homero Manzi,Máximo Mori,43-45 Berón,Lucio Demare,Mario Monteleone,"Máximo Mori, Oscar Capurro, Nicolás Pepe, Santiago Coppola","Raúl Kaplún, Carlos Arnaiz, Renato Lencione, Milo Dojman, Orestes Zungri","Piano, Bass, 4 Bandoneons, 5 Violins",main
Lucio Demare,Orquesta Lucio Demare,9/13/1943,Y Siempre Igual,,Tango,Raúl Berón,Odeón,78rpm,13129,8072-A,Arturo Gallucci,Luis Caruso,Máximo Mori,43-45 Berón,Lucio Demare,Mario Monteleone,"Máximo Mori, Oscar Capurro, Nicolás Pepe, Santiago Coppola","Raúl Kaplún, Carlos Arnaiz, Renato Lencione, Milo Dojman, Orestes Zungri","Piano, Bass, 4 Bandoneons, 5 Violins",main
Lucio Demare,Orquesta Lucio Demare,10/13/1943,Dos Palabras Por Favor,,Tango,Raúl Berón,Odeón,78rpm,13364,8070-B,Luis Visca,Luis Rubistein,Máximo Mori,43-45 Berón,Lucio Demare,Mario Monteleone,"Máximo Mori, Oscar Capurro, Nicolás Pepe, Santiago Coppola","Raúl Kaplún, Carlos Arnaiz, Renato Lencione, Milo Dojman, Orestes Zungri","Piano, Bass, 4 Bandoneons, 5 Violins",main
Lucio Demare,Orquesta Lucio Demare,10/13/1943,Mi Vieja Ribera,Vieja Ribera,Tango,Raúl Berón,Odeón,78rpm,13365,8073-B,Julián Ortiz,Luis Mejías,Máximo Mori,43-45 Berón,Lucio Demare,Mario Monteleone,"Máximo Mori, Oscar Capurro, Nicolás Pepe, Santiago Coppola","Raúl Kaplún, Carlos Arnaiz, Renato Lencione, Milo Dojman, Orestes Zungri","Piano, Bass, 4 Bandoneons, 5 Violins",main
Lucio Demare,Orquesta Lucio Demare,11/25/1943,Oigo Tu Voz,,Tango,Raúl Berón,Odeón,78rpm,13401,8070-A,Mario Canaro,Francisco Jiménez,Máximo Mori,43-45 Berón,Lucio Demare,Mario Monteleone,"Máximo Mori, Oscar Capurro, Nicolás Pepe, Santiago Coppola","Raúl Kaplún, Carlos Arnaiz, Renato Lencione, Milo Dojman, Orestes Zungri","Piano, Bass, 4 Bandoneons, 5 Violins",main
Lucio Demare,Orquesta Lucio Demare,12/21/1943,En Un Rincón,,Tango,Raúl Berón,Odeón,78rpm,13475,8073-A,Héctor Artola,Homero Manzi,Máximo Mori,43-45 Berón,Lucio Demare,Mario Monteleone,"Máximo Mori, Oscar Capurro, Nicolás Pepe, Santiago Coppola","Raúl Kaplún, Carlos Arnaiz, Renato Lencione, Milo Dojman, Orestes Zungri","Piano, Bass, 4 Bandoneons, 5 Violins",main
Lucio Demare,Orquesta Lucio Demare,12/21/1943,Luna,,Milonga,Raúl Berón,Odeón,78rpm,13474,8071-A,Lucio Demare,Homero Manzi,Máximo Mori,43-45 Berón,Lucio Demare,Mario Monteleone,"Máximo Mori, Oscar Capurro, Nicolás Pepe, Santiago Coppola","Raúl Kaplún, Carlos Arnaiz, Renato Lencione, Milo Dojman, Orestes Zungri","Piano, Bass, 4 Bandoneons, 5 Violins",main
Lucio Demare,Orquesta Lucio Demare,12/21/1943,Qué Solo Estoy,,Tango,Raúl Berón,Odeón,78rpm,13473,8071-B,Raúl Kaplún,Roberto Miró,Máximo Mori,43-45 Berón,Lucio Demare,Mario Monteleone,"Máximo Mori, Oscar Capurro, Nicolás Pepe, Santiago Coppola","Raúl Kaplún, Carlos Arnaiz, Renato Lencione, Milo Dojman, Orestes Zungri","Piano, Bass, 4 Bandoneons, 5 Violins",main
Lucio Demare,Lucio Demare y su Orquesta Típica,1/12/1944,El Barco María,,Tango,Raúl Berón,Odeón,78rpm,13507,8072-B,Carlos Viván,Horacio Sanguinetti,Máximo Mori,43-45 Berón,Lucio Demare,Mario Monteleone,"Máximo Mori, Oscar Capurro, Nicolás Pepe, Santiago Coppola","Raúl Kaplún, Carlos Arnaiz, Renato Lencione, Milo Dojman, Orestes Zungri","Piano, Bass, 4 Bandoneons, 5 Violins",main
Lucio Demare,Orquesta Lucio Demare,7/24/1944,Están Sonando las Ocho,,Tango,Horacio Quintana,Odeón,78rpm,13967,8074-B,Juan Larenza,Cátulo Castillo,Máximo Mori,43-45 Berón,Lucio Demare,Mario Monteleone,"Máximo Mori, Oscar Capurro, Nicolás Pepe, Santiago Coppola","Raúl Kaplún, Carlos Arnaiz, Renato Lencione, Milo Dojman, Orestes Zungri","Piano, Bass, 4 Bandoneons, 5 Violins",main
Lucio Demare,Orquesta Lucio Demare,7/24/1944,Solamente Ella,,Tango,Horacio Quintana,Odeón,78rpm,13968,8074-A,Lucio Demare,Homero Manzi,Máximo Mori,43-45 Berón,Lucio Demare,Mario Monteleone,"Máximo Mori, Oscar Capurro, Nicolás Pepe, Santiago Coppola","Raúl Kaplún, Carlos Arnaiz, Renato Lencione, Milo Dojman, Orestes Zungri","Piano, Bass, 4 Bandoneons, 5 Violins",main
Lucio Demare,Lucio Demare y su Orquesta Típica,8/24/1944,Corazón No Le Digas A Nadie,,Tango,Horacio Quintana,Odeón,78rpm,14046,8075-A,Enrique Munné,Luis Castiñeira,Máximo Mori,43-45 Berón,Lucio Demare,Mario Monteleone,"Máximo Mori, Oscar Capurro, Nicolás Pepe, Santiago Coppola","Raúl Kaplún, Carlos Arnaiz, Renato Lencione, Milo Dojman, Orestes Zungri","Piano, Bass, 4 Bandoneons, 5 Violins",main
Lucio Demare,Orquesta Lucio Demare,8/24/1944,Se Va una Tarde Más,,Tango,Horacio Quintana,Odeón,78rpm,14047,8075-B,Enrique Cantore,Luis Caruso,Máximo Mori,43-45 Berón,Lucio Demare,Mario Monteleone,"Máximo Mori, Oscar Capurro, Nicolás Pepe, Santiago Coppola","Raúl Kaplún, Carlos Arnaiz, Renato Lencione, Milo Dojman, Orestes Zungri","Piano, Bass, 4 Bandoneons, 5 Violins",main
Lucio Demare,Orquesta Lucio Demare,9/25/1944,Alhucema,,Tango,Horacio Quintana,Odeón,78rpm,14114,8076-A,Francisco Pracáníco,Horacio Sanguinetti,Máximo Mori,43-45 Berón,Lucio Demare,Mario Monteleone,"Máximo Mori, Oscar Capurro, Nicolás Pepe, Santiago Coppola","Raúl Kaplún, Carlos Arnaiz, Renato Lencione, Milo Dojman, Orestes Zungri","Piano, Bass, 4 Bandoneons, 5 Violins",main
Lucio Demare,Orquesta Lucio Demare,9/25/1944,Dos Corazones,,Vals,Horacio Quintana,Odeón,78rpm,14113,8076-B,Francisco Canaro,Ivo Pelay,Máximo Mori,43-45 Berón,Lucio Demare,Mario Monteleone,"Máximo Mori, Oscar Capurro, Nicolás Pepe, Santiago Coppola","Raúl Kaplún, Carlos Arnaiz, Renato Lencione, Milo Dojman, Orestes Zungri","Piano, Bass, 4 Bandoneons, 5 Violins",main
Lucio Demare,Orquesta Lucio Demare,10/11/1944,Oriente,,Tango,Horacio Quintana,Odeón,78rpm,14153,8077-B,Juan Gorio,Horacio Sanguinetti,Máximo Mori,43-45 Berón,Lucio Demare,Mario Monteleone,"Máximo Mori, Oscar Capurro, Nicolás Pepe, Santiago Coppola","Raúl Kaplún, Carlos Arnaiz, Renato Lencione, Milo Dojman, Orestes Zungri","Piano, Bass, 4 Bandoneons, 5 Violins",main
Lucio Demare,Orquesta Lucio Demare,10/11/1944,Torrente,,Tango,Horacio Quintana,Odeón,78rpm,14152,8077-A,"Homero Manzi, Hugo Gutiérrez","Homero Manzi, Hugo Gutiérrez",Máximo Mori,43-45 Berón,Lucio Demare,Mario Monteleone,"Máximo Mori, Oscar Capurro, Nicolás Pepe, Santiago Coppola","Raúl Kaplún, Carlos Arnaiz, Renato Lencione, Milo Dojman, Orestes Zungri","Piano, Bass, 4 Bandoneons, 5 Violins",main
Lucio Demare,Orquesta Lucio Demare,11/14/1944,El Aguacero,Canción de la Pampa,Tango,Horacio Quintana,Odeón,78rpm,14211,8078-A,Cátulo Castillo,José González Castillo,Máximo Mori,43-45 Berón,Lucio Demare,Mario Monteleone,"Máximo Mori, Oscar Capurro, Nicolás Pepe, Santiago Coppola","Raúl Kaplún, Carlos Arnaiz, Renato Lencione, Milo Dojman, Orestes Zungri","Piano, Bass, 4 Bandoneons, 5 Violins",main
Lucio Demare,Orquesta Lucio Demare,11/14/1944,Señores Yo Soy del Centro,,Milonga,Horacio Quintana,Odeón,78rpm,14210,8078-B,Armando Baliotti,Santiago Adamini,Máximo Mori,43-45 Berón,Lucio Demare,Mario Monteleone,"Máximo Mori, Oscar Capurro, Nicolás Pepe, Santiago Coppola","Raúl Kaplún, Carlos Arnaiz, Renato Lencione, Milo Dojman, Orestes Zungri","Piano, Bass, 4 Bandoneons, 5 Violins",main
Lucio Demare,Orquesta Lucio Demare,1/3/1945,Florcita,,Tango,Instrumental,Odeón,78rpm,14381,8079-B,Agustín Bardi,,Máximo Mori,43-45 Berón,Lucio Demare,Mario Monteleone,"Máximo Mori, Oscar Capurro, Nicolás Pepe, Santiago Coppola","Raúl Kaplún, Carlos Arnaiz, Renato Lencione, Milo Dojman, Orestes Zungri","Piano, Bass, 4 Bandoneons, 5 Violins",main
Lucio Demare,Orquesta Lucio Demare,1/3/1945,Igual Que Un Bandoneón,,Tango,Horacio Quintana,Odeón,78rpm,14382,8079-A,José Iglesias,Juan Gatti,Máximo Mori,43-45 Berón,Lucio Demare,Mario Monteleone,"Máximo Mori, Oscar Capurro, Nicolás Pepe, Santiago Coppola","Raúl Kaplún, Carlos Arnaiz, Renato Lencione, Milo Dojman, Orestes Zungri","Piano, Bass, 4 Bandoneons, 5 Violins",main
Lucio Demare,Orquesta Lucio Demare,3/21/1945,Lo Mismo que un Tango,,Tango,Horacio Quintana,Odeón,78rpm,14493,8080-A,Santiago Cóppola,Julio Albano,Máximo Mori,43-45 Berón,Lucio Demare,Mario Monteleone,"Máximo Mori, Oscar Capurro, Nicolás Pepe, Santiago Coppola","Raúl Kaplún, Carlos Arnaiz, Renato Lencione, Milo Dojman, Orestes Zungri","Piano, Bass, 4 Bandoneons, 5 Violins",main
Lucio Demare,Orquesta Lucio Demare,3/21/1945,Me Quedé Mirándola,,Tango,Horacio Quintana,Odeón,78rpm,14494,8080-B,Vicente Spina,Roberto Miró,Máximo Mori,43-45 Berón,Lucio Demare,Mario Monteleone,"Máximo Mori, Oscar Capurro, Nicolás Pepe, Santiago Coppola","Raúl Kaplún, Carlos Arnaiz, Renato Lencione, Milo Dojman, Orestes Zungri","Piano, Bass, 4 Bandoneons, 5 Violins",main
Lucio Demare,Orquesta Lucio Demare,6/11/1945,Más Allá de Mi Rencor,,Tango,Carlos Bernal,Odeón,78rpm,14672,8081-A,Lucio Demare,Julián Centeya,Máximo Mori,43-45 Berón,Lucio Demare,Mario Monteleone,"Máximo Mori, Oscar Capurro, Nicolás Pepe, Santiago Coppola","Raúl Kaplún, Carlos Arnaiz, Renato Lencione, Milo Dojman, Orestes Zungri","Piano, Bass, 4 Bandoneons, 5 Violins",main
Lucio Demare,Orquesta Lucio Demare,6/11/1945,Nos Encontramos al Pasar,,Tango,Horacio Quintana,Odeón,78rpm,14671,8081-B,Raúl Kaplún,José Suñé,Máximo Mori,43-45 Berón,Lucio Demare,Mario Monteleone,"Máximo Mori, Oscar Capurro, Nicolás Pepe, Santiago Coppola","Raúl Kaplún, Carlos Arnaiz, Renato Lencione, Milo Dojman, Orestes Zungri","Piano, Bass, 4 Bandoneons, 5 Violins",main
Lucio Demare,Orquesta Lucio Demare,9/20/1950,Noche De Reyes,,Tango,Héctor Alvarado,Columbia,Micro,MAI 64,301005-A,Pedro Maffía,Jorge Curí,,50-59 Other Labels,Lucio Demare,UNKNOWN,"Roberto Peppe, UNKNOWN, UNKNOWN, UKNOWN","UNKNOWN, UNKNOWN, UNKNOWN, UNKNOWN, UNKNOWN","Piano, Bass, 4 Bandoneons, 5 Violins",main
Lucio Demare,Orquesta Lucio Demare,9/20/1950,Pa' Mí Es Igual,Siempre Amigos,Tango,Héctor Alvarado,Columbia,Micro,MAI 63,301005-B,"Lucio Demare, Roberto Fugazot",Enrique Cadícamo,,50-59 Other Labels,Lucio Demare,UNKNOWN,"Roberto Peppe, UNKNOWN, UNKNOWN, UKNOWN","UNKNOWN, UNKNOWN, UNKNOWN, UNKNOWN, UNKNOWN","Piano, Bass, 4 Bandoneons, 5 Violins",main
Lucio Demare,Lucio Demare y su Orquesta Típica,5/9/1951,Bailongo De Los Domingos,Baile de los Domingos | el Baile de los Domingos,Tango,Héctor Alvarado,Columbia,Micro,MAI 210,301019-A,Oscar Arona,Francisco Jiménez,,50-59 Other Labels,Lucio Demare,UNKNOWN,"Roberto Peppe, UNKNOWN, UNKNOWN, UKNOWN","UNKNOWN, UNKNOWN, UNKNOWN, UNKNOWN, UNKNOWN","Piano, Bass, 4 Bandoneons, 5 Violins",main
Lucio Demare,Lucio Demare y su Orquesta Típica,5/9/1951,Negro el Veinte,Negro El 20,Tango,Instrumental,Columbia,Micro,MAI 209,301019-B,Luis Petrucelli,,,50-59 Other Labels,Lucio Demare,UNKNOWN,"Roberto Peppe, UNKNOWN, UNKNOWN, UKNOWN","UNKNOWN, UNKNOWN, UNKNOWN, UNKNOWN, UNKNOWN","Piano, Bass, 4 Bandoneons, 5 Violins",main
Lucio Demare,Orquesta Lucio Demare,9/20/1951,El Refrán,,Tango,Instrumental,Columbia,Micro,MAI 390,301029-A,Roberto Peppe,,,50-59 Other Labels,Lucio Demare,UNKNOWN,"Roberto Peppe, UNKNOWN, UNKNOWN, UKNOWN","UNKNOWN, UNKNOWN, UNKNOWN, UNKNOWN, UNKNOWN","Piano, Bass, 4 Bandoneons, 5 Violins",main
Lucio Demare,Orquesta Lucio Demare,9/20/1951,Malena,,Tango,Héctor Alvarado,Columbia,Micro,MAI 389,301029-B,Lucio Demare,Homero Manzi,,50-59 Other Labels,Lucio Demare,UNKNOWN,"Roberto Peppe, UNKNOWN, UNKNOWN, UKNOWN","UNKNOWN, UNKNOWN, UNKNOWN, UNKNOWN, UNKNOWN","Piano, Bass, 4 Bandoneons, 5 Violins",main
Lucio Demare,Lucio Demare y su Piano,1/18/1952,Mañana Zarpa Un Barco,Dandy,Tango,Instrumental,Columbia,78rpm,MAI 580,301037-B,Lucio Demare,"Homero Manzi, Agustín Irusta, Roberto Fugazot",,Solo Piano,Lucio Demare,,,,Piano,main
Lucio Demare,Lucio Demare y su Piano,1/18/1952,Rosa Peregrina,Lupe,Vals,Instrumental,Columbia,78rpm,MAI 579,301037-A,"Lucio Demare, Agustín Irusta, Roberto Fugazot","Dolores Ramos de la Vega, Antonio Graciani",,Solo Piano,Lucio Demare,,,,Piano,main
Lucio Demare,Lucio Demare y su Piano,6/18/1952,No Nos Veremos Más - Mañanitas de Montmartre,,Vals,Instrumental,Columbia,78rpm,MAI 699,301049-A,Lucio Demare,"Julio Navarrine, Agustín Irusta, Roberto Fugazot",,Solo Piano,Lucio Demare,,,,Piano,main
Lucio Demare,Lucio Demare y su Piano,6/18/1952,Mi Noche Triste,,Tango,Instrumental,Columbia,78rpm,MAI 700,301049-B,Samuel Castriota,Pascual Contursi,,Solo Piano,Lucio Demare,,,,Piano,main
Lucio Demare,Lucio Demare y su Piano,1/27/1953,Humildad,,Vals,Instrumental,Pampa,78rpm,MAI 1011,PM-14051-B,Lucio Demare,Alfredo Navarrine,,Solo Piano,Lucio Demare,,,,Piano,main
Lucio Demare,Lucio Demare y su Piano,1/27/1953,La Casita De Mis Viejos,La Casita de Mis Padres | Casita de Mis Viejos,Tango,Instrumental,Pampa,78rpm,MAI 1012,PM-14051-A,Juan Cobián,Enrique Cadícamo,,Solo Piano,Lucio Demare,,,,Piano,main
Lucio Demare,Lucio Demare y su Piano,7/30/1968,Dandy,,Tango,Instrumental,Disc Jockey,Tape,DJ10030A,10030-A,Lucio Demare,"Agustín Irusta, Roberto Fugazot",,Solo Piano,Lucio Demare,,,,Piano,main
Lucio Demare,Lucio Demare y su Piano,7/30/1968,Divina,,Tango,Instrumental,Disc Jockey,Tape,DJ10030B,10030-B,Joaquín Mora,Juan De La Calle,,Solo Piano,Lucio Demare,,,,Piano,main
Lucio Demare,Lucio Demare y su Piano,7/30/1968,Gricel,Grisel,Tango,Instrumental,Disc Jockey,Tape,DJ10030B,10030-B,Mariano Mores,José Contursi,,Solo Piano,Lucio Demare,,,,Piano,main
Lucio Demare,Lucio Demare y su Piano,7/30/1968,La Cachila,,Tango,Instrumental,Disc Jockey,Tape,DJ10030B,10030-B,Eduardo Arolas,Héctor Polito,,Solo Piano,Lucio Demare,,,,Piano,main
Lucio Demare,Lucio Demare y su Piano,7/30/1968,La Calle Sin Sueño,,Tango,Instrumental,Disc Jockey,Tape,DJ10030A,10030-A,Lucio Demare,Enrique Cadícamo,,Solo Piano,Lucio Demare,,,,Piano,main
Lucio Demare,Lucio Demare y su Piano,7/30/1968,Los Mareados,,Tango,Instrumental,Disc Jockey,Tape,DJ10030B,10030-B,Juan Cobián,Enrique Cadícamo,,Solo Piano,Lucio Demare,,,,Piano,main
Lucio Demare,Lucio Demare y su Piano,7/30/1968,Luna,,Milonga,Instrumental,Disc Jockey,Tape,DJ10030A,10030-A,Lucio Demare,Homero Manzi,,Solo Piano,Lucio Demare,,,,Piano,main
Lucio Demare,Lucio Demare y su Piano,7/30/1968,Malena,,Tango,Instrumental,Disc Jockey,Tape,DJ10030A,10030-A,Lucio Demare,Homero Manzi,,Solo Piano,Lucio Demare,,,,Piano,main
Lucio Demare,Lucio Demare y su Piano,7/30/1968,Mañana Zarpa Un Barco,,Tango,Instrumental,Disc Jockey,Tape,DJ10030A,10030-A,Lucio Demare,Homero Manzi,,Solo Piano,Lucio Demare,,,,Piano,main
Lucio Demare,Lucio Demare y su Piano,7/30/1968,Mañanitas De Montmartre,,Tango,Instrumental,Disc Jockey,Tape,DJ10030A,10030-A,Lucio Demare,"Agustín Irusta, Roberto Fugazot",,Solo Piano,Lucio Demare,,,,Piano,main
Lucio Demare,Lucio Demare y su Piano,7/30/1968,Niebla Del Riachuelo,Nieblas del Riachuelo,Tango,Instrumental,Disc Jockey,Tape,DJ10030B,10030-B,Juan Cobián,Enrique Cadícamo,,Solo Piano,Lucio Demare,,,,Piano,main
Lucio Demare,Lucio Demare y su Piano,7/30/1968,Nostalgias,,Tango,Instrumental,Disc Jockey,Tape,DJ10030B,10030-B,Juan Cobián,Enrique Cadícamo,,Solo Piano,Lucio Demare,,,,Piano,main
Lucio Demare,Lucio Demare y su Piano,7/30/1968,Nunca Tuvo Novio,La que Nunca Tuvo Novio | Pobre Solterona,Tango,Instrumental,Disc Jockey,Tape,DJ10030B,10030-B,Agustín Bardi,Enrique Cadícamo,,Solo Piano,Lucio Demare,,,,Piano,main
Lucio Demare,Lucio Demare y su Piano,7/30/1968,Sentimiento Tanguero,,Tango,Instrumental,Disc Jockey,Tape,DJ10030A,10030-A,Lucio Demare,,,Solo Piano,Lucio Demare,,,,Piano,main
Lucio Demare,Conjunto Típico Lucio Demare,,Malena,,Tango,Eduardo Adrian,Sudisco,,,,"Lucio Demare, Homero Manzi",,,,,,,,,XLS Sudisco
Lucio Demare,Conjunto Típico Lucio Demare,,Sur,,Tango,Eduardo Adrian,Sudisco,,,,"Aníbal Troilo, Homero Manzi",,,,,,,,,XLS Sudisco
Lucio Demare,Conjunto Típico Lucio Demare,,Sexto Piso,,Tango,Eduardo Adrian,Sudisco,,,,"R. Nieves Blanco, Homero Esposito",,,,,,,,,XLS Sudisco
Lucio Demare,Conjunto Típico Lucio Demare,,Marioneta,,Tango,Eduardo Adrian,Sudisco,,,,"J.guichandut, A.j. Tagini",,,,,,,,,XLS Sudisco
Lucio Demare,Conjunto Típico Lucio Demare,,Mi Mocosita,,Tango,Eduardo Adrian,Sudisco,,,,Gerardo Matos Rodriguez,,,,,,,,,XLS Sudisco
Lucio Demare,Conjunto Típico Lucio Demare,,La Muchacha del Circo,,Tango,Eduardo Adrian,Sudisco,,,,"Gerardo Matos Rodriguez, Manuel Romero",,,,,,,,,XLS Sudisco
Lucio Demare,Conjunto Típico Lucio Demare,,La Cumparsita,,Tango,Eduardo Adrian,Sudisco,,,,"Enrique Maroni, Pascual Contursi, Matos Rodriguez",,,,,,,,,XLS Sudisco
Lucio Demare,Conjunto Típico Lucio Demare,,Maria,,Tango,Eduardo Adrian,Sudisco,,,,"Aníbal Troilo, Homero Manzi",,,,,,,,,XLS Sudisco
Lucio Demare,Conjunto Típico Lucio Demare,,Puente Alsina,,Tango,Eduardo Adrian,Sudisco,,,,"Tagle, Lara",,,,,,,,,XLS Sudisco
Lucio Demare,Conjunto Típico Lucio Demare,,Sueño Querido,,Tango,Eduardo Adrian,Sudisco,,,,"Pedro Maffía, M. Battistella",,,,,,,,,XLS Sudisco
Lucio Demare,Conjunto Típico Lucio Demare,,Niebla del Riachuelo,,Tango,Eduardo Adrian,Sudisco,,,,"Juan Cobián, Enrique Cadícamo",,,,,,,,,XLS Sudisco
Lucio Demare,Conjunto Típico Lucio Demare,,Tres Esperanzas,,Tango,Eduardo Adrian,Sudisco,,,,Enrique Santos Discépolo,,,,,,,,,XLS Sudisco
Lucio Demare,Conjunto Típico Lucio Demare,,Por la Vuelta,,Tango,Eduardo Adrian,Sudisco,,,,"Tinelli, F, Campos",,,,,,,,,XLS Sudisco
Lucio Demare,Conjunto Típico Lucio Demare,,Uno,,Tango,Eduardo Adrian,Sudisco,,,,"Mariano Mores, Enrique Santos Discépolo",,,,,,,,,XLS Sudisco
