Bandleader,Orchestra,Date,Title,AltTitle,Genre,Singer,Label,Master,Composer,Author,Arranger,Grouping,Pianist,Bassist,Bandoneons,Strings,Lineup,Matrix,Disc,Source
Pedro Maffia,Pedro Maffia y De Franco,11/15/1917,Cotorrita De La Suerte,,Tango,Instrumental,,,Alfredo De Franco,José De Grandis,,17-27 Duo,,,"Pedro Maffia, Alfredo De Franco",,2 Bandoneons,,,
Pedro Maffia,Pedro Maffia y De Franco,7/20/1927,Amurado,,Tango,Instrumental,,,"Pedro Maffía, Pedro Laurenz",José De Grandis,,17-27 Duo,,,"Pedro Maffia, Alfredo De Franco",,2 Bandoneons,,,
Pedro Maffia,Pedro Maffia y De Franco,7/20/1927,Diablito,,Tango,Instrumental,,,Pedro Maffía,"Ismael Aguilar, Gerónimo Massa",,17-27 Duo,,,"Pedro Maffia, Alfredo De Franco",,2 Bandoneons,,,
Pedro Maffia,Orquesta Pedro Maffia,1929,Adiós Amigo,,Tango,Instrumental,Brunswick,1412-A,Genaro Gatto,Genaro Gatto-Juan Carlos Barthe,,29-30 Pugliese Piano,Osvaldo Pugliese,Francisco De Lorenzo,"Pedro Maffia, Alfredo De Franco","Elvino Vardaro, Emilio Puglisi, Carlos Campanone, Nerón Ferrazano (Cello)","Piano, Bass, 2 Bandoneons, 3 Violins, Cello",414,1412-A,
Pedro Maffia,Orquesta Pedro Maffia,1929,Carpincho,,Tango,Instrumental,Brunswick,1413-A,José Cousani,Jose Cousani,,29-30 Pugliese Piano,Osvaldo Pugliese,Francisco De Lorenzo,"Pedro Maffia, Alfredo De Franco","Elvino Vardaro, Emilio Puglisi, Carlos Campanone, Nerón Ferrazano (Cello)","Piano, Bass, 2 Bandoneons, 3 Violins, Cello",417,1413-A,
Pedro Maffia,Orquesta Pedro Maffia,6/22/1929,El Rechifle,,Tango,Instrumental,Brunswick,1402-A,Alfredo De Franco,Alfredo Jose de Franco,,29-30 Pugliese Piano,Osvaldo Pugliese,Francisco De Lorenzo,"Pedro Maffia, Alfredo De Franco","Elvino Vardaro, Emilio Puglisi, J. Campagnonio","Piano, Bass, 2 Bandoneons, 3 Violins",47,1402-A,
Pedro Maffia,Orquesta Pedro Maffia,6/22/1929,Juventud,,Tango,Instrumental,Brunswick,1402-B,Osvaldo Pugliese,Eduardo Moreno,,29-30 Pugliese Piano,Osvaldo Pugliese,Francisco De Lorenzo,"Pedro Maffia, Alfredo De Franco","Elvino Vardaro, Emilio Puglisi, J. Campagnonio","Piano, Bass, 2 Bandoneons, 3 Violins",44,1402-B,
Pedro Maffia,Orquesta Pedro Maffia,6/22/1929,Piba Boba,,Tango,Instrumental,Brunswick,1401-A,Pedro Maffía,José Staffolani,,29-30 Pugliese Piano,Osvaldo Pugliese,Francisco De Lorenzo,"Pedro Maffia, Alfredo De Franco","Elvino Vardaro, Emilio Puglisi, J. Campagnonio","Piano, Bass, 2 Bandoneons, 3 Violins",42,1401-A,
Pedro Maffia,Orquesta Pedro Maffia,6/22/1929,Por Qué Llorás Mujer,,Vals,Instrumental,Brunswick,1401-B,Alfredo De Franco,Alberto Luis de Franco,,29-30 Pugliese Piano,Osvaldo Pugliese,Francisco De Lorenzo,"Pedro Maffia, Alfredo De Franco","Elvino Vardaro, Emilio Puglisi, J. Campagnonio","Piano, Bass, 2 Bandoneons, 3 Violins",46,1401-B,
Pedro Maffia,Orquesta Pedro Maffia,8/5/1929,Consejo de Amigo,,Tango,Instrumental,Brunswick,1403-B,Luis Bernstein,Luis Bernstein,,29-30 Pugliese Piano,Osvaldo Pugliese,Francisco De Lorenzo,"Pedro Maffia, Alfredo De Franco","Elvino Vardaro, Emilio Puglisi, J. Campagnonio","Piano, Bass, 2 Bandoneons, 3 Violins",128,1403-B,
Pedro Maffia,Orquesta Pedro Maffia,8/5/1929,Loto Azul,,Tango,Instrumental,Brunswick,1404-B,Remo Bernasconi,Remo Bernasconi,,29-30 Pugliese Piano,Osvaldo Pugliese,Francisco De Lorenzo,"Pedro Maffia, Alfredo De Franco","Elvino Vardaro, Emilio Puglisi, J. Campagnonio","Piano, Bass, 2 Bandoneons, 3 Violins",132,1404-B,
Pedro Maffia,Orquesta Pedro Maffia,8/5/1929,Porque Te Vi,,Tango,Instrumental,Brunswick,1403-A,Jorge Laupie,,,29-30 Pugliese Piano,Osvaldo Pugliese,Francisco De Lorenzo,"Pedro Maffia, Alfredo De Franco","Elvino Vardaro, Emilio Puglisi, J. Campagnonio","Piano, Bass, 2 Bandoneons, 3 Violins",,1403-A,
Pedro Maffia,Orquesta Pedro Maffia,8/7/1929,La Historia de Siempre,,Tango,Instrumental,Brunswick,1405-B,Mateo Coppola,Mateo Coppola,,29-30 Pugliese Piano,Osvaldo Pugliese,Francisco De Lorenzo,"Pedro Maffia, Alfredo De Franco","Elvino Vardaro, Emilio Puglisi, J. Campagnonio","Piano, Bass, 2 Bandoneons, 3 Violins",141,1405-B,
Pedro Maffia,Orquesta Pedro Maffia,8/7/1929,Siempre Flor,,Tango,Instrumental,Brunswick,1404-A,Dionisio Ramirez,Dionisio Ramirez-O. Cruz Montenegro,,29-30 Pugliese Piano,Osvaldo Pugliese,Francisco De Lorenzo,"Pedro Maffia, Alfredo De Franco","Elvino Vardaro, Emilio Puglisi, J. Campagnonio","Piano, Bass, 2 Bandoneons, 3 Violins",137,1404-A,
Pedro Maffia,Orquesta Pedro Maffia,8/7/1929,Un Pobre Borracho,,Tango,Instrumental,Brunswick,1405-A,Pedro Vettori,Pedro Vettori,,29-30 Pugliese Piano,Osvaldo Pugliese,Francisco De Lorenzo,"Pedro Maffia, Alfredo De Franco","Elvino Vardaro, Emilio Puglisi, J. Campagnonio","Piano, Bass, 2 Bandoneons, 3 Violins",139,1405-A,
Pedro Maffia,Orquesta Pedro Maffia,9/6/1929,Desde que No Estás,,Tango,Instrumental,Brunswick,1407-B,Carlos Viván,Carlos Vivan,,29-30 Pugliese Piano,Osvaldo Pugliese,Francisco De Lorenzo,"Pedro Maffia, Alfredo De Franco","Elvino Vardaro, Emilio Puglisi, J. Campagnonio","Piano, Bass, 2 Bandoneons, 3 Violins",185,1407-B,
Pedro Maffia,Orquesta Pedro Maffia,9/6/1929,Inspiración,Inspiración,Tango,Instrumental,Brunswick,1406-A,Peregrino Paulos,Luis Rubistein,,29-30 Pugliese Piano,Osvaldo Pugliese,Francisco De Lorenzo,"Pedro Maffia, Alfredo De Franco","Elvino Vardaro, Emilio Puglisi, J. Campagnonio","Piano, Bass, 2 Bandoneons, 3 Violins",181,1406-A,
Pedro Maffia,Orquesta Pedro Maffia,9/6/1929,Perlas Negras,,Tango,Instrumental,Brunswick,1408-A,Juan Trombino,Jose Trombino,,29-30 Pugliese Piano,Osvaldo Pugliese,Francisco De Lorenzo,"Pedro Maffia, Alfredo De Franco","Elvino Vardaro, Emilio Puglisi, J. Campagnonio","Piano, Bass, 2 Bandoneons, 3 Violins",178,1408-A,
Pedro Maffia,Orquesta Pedro Maffia,9/6/1929,Por Amarte,,Tango,Luis Díaz,Brunswick,1408-B,"Luis Visca, V. Visca","Luis Visca, V. Visca",,29-30 Pugliese Piano,Osvaldo Pugliese,Francisco De Lorenzo,"Pedro Maffia, Alfredo De Franco","Elvino Vardaro, Emilio Puglisi, J. Campagnonio","Piano, Bass, 2 Bandoneons, 3 Violins",176,1408-B,
Pedro Maffia,Orquesta Pedro Maffia,9/6/1929,Un Capricho,,Tango,Instrumental,Brunswick,1406-B,Ernesto Bianchi,Luis Rubistein,,29-30 Pugliese Piano,Osvaldo Pugliese,Francisco De Lorenzo,"Pedro Maffia, Alfredo De Franco","Elvino Vardaro, Emilio Puglisi, J. Campagnonio","Piano, Bass, 2 Bandoneons, 3 Violins",180,1406-B,
Pedro Maffia,Orquesta Pedro Maffia,9/6/1929,Vale Cuatro,,Tango,Instrumental,Brunswick,1407-A,Ernesto De La Cruz,Ernesto Natividad de la Cruz,,29-30 Pugliese Piano,Osvaldo Pugliese,Francisco De Lorenzo,"Pedro Maffia, Alfredo De Franco","Elvino Vardaro, Emilio Puglisi, J. Campagnonio","Piano, Bass, 2 Bandoneons, 3 Violins",183,1407-A,
Pedro Maffia,Orquesta Pedro Maffia,10/3/1929,Sangre Bohemia,,Tango,Luis Díaz,Brunswick,1410-A,A. Trípoli,Francisco Brancatti,,29-30 Pugliese Piano,Osvaldo Pugliese,Francisco De Lorenzo,"Pedro Maffia, Alfredo De Franco","Elvino Vardaro, Emilio Puglisi, J. Campagnonio","Piano, Bass, 2 Bandoneons, 3 Violins",244,1410-A,
Pedro Maffia,Orquesta Pedro Maffia,10/3/1929,Tinta Verde,,Tango,Instrumental,Brunswick,1410-B,Agustín Bardi,Agustin Bardi,,29-30 Pugliese Piano,Osvaldo Pugliese,Francisco De Lorenzo,"Pedro Maffia, Alfredo De Franco","Elvino Vardaro, Emilio Puglisi, J. Campagnonio","Piano, Bass, 2 Bandoneons, 3 Violins",246,1410-B,
Pedro Maffia,Orquesta Pedro Maffia,10/21/1929,Moneda Falsa,,Tango,Instrumental,Brunswick,1411-B,Diego Centeno,Francisco Brancatti,,29-30 Pugliese Piano,Osvaldo Pugliese,Francisco De Lorenzo,"Pedro Maffia, Alfredo De Franco","Elvino Vardaro, Emilio Puglisi, J. Campagnonio","Piano, Bass, 2 Bandoneons, 3 Violins",278,1411-B,
Pedro Maffia,Orquesta Pedro Maffia,10/28/1929,Sentimiento,Sentimientos,Tango,Instrumental,Brunswick,1409-A,José Abbati,Gabriel Clausi,,29-30 Pugliese Piano,Osvaldo Pugliese,Francisco De Lorenzo,"Pedro Maffia, Alfredo De Franco","Elvino Vardaro, Emilio Puglisi, J. Campagnonio","Piano, Bass, 2 Bandoneons, 3 Violins",290,1409-A,
Pedro Maffia,Orquesta Pedro Maffia,12/18/1929,Sufran Otarios,,Tango,Luis Díaz,Brunswick,1412-B,José Di Clemente,José Di Clemente,,29-30 Pugliese Piano,Osvaldo Pugliese,Francisco De Lorenzo,"Pedro Maffia, Alfredo De Franco","Elvino Vardaro, Emilio Puglisi, J. Campagnonio","Piano, Bass, 2 Bandoneons, 3 Violins",384,1412-B,
Pedro Maffia,Orquesta Pedro Maffia,12/23/1929,Compañera,,Tango,Carlos Viván,Brunswick,1414-B,Pedro Maffía,"Ivo Pelay, Luis Amadori",,29-30 Pugliese Piano,Osvaldo Pugliese,Francisco De Lorenzo,"Pedro Maffia, Alfredo De Franco","Elvino Vardaro, Emilio Puglisi, J. Campagnonio","Piano, Bass, 2 Bandoneons, 3 Violins",406,1414-B,
Pedro Maffia,Orquesta Pedro Maffia,12/23/1929,No Me Beses Mujer,,Tango,Carlos Viván,Brunswick,1411-A,"Pedro Maffía, Sebastián Piana","Enrique Maroni, Vicente De La Vega",,29-30 Pugliese Piano,Osvaldo Pugliese,Francisco De Lorenzo,"Pedro Maffia, Alfredo De Franco","Elvino Vardaro, Emilio Puglisi, J. Campagnonio","Piano, Bass, 2 Bandoneons, 3 Violins",404,1411-A,
Pedro Maffia,Orquesta Pedro Maffia,12/23/1929,Te Odio,,Tango,Instrumental,Brunswick,1414-A,Francisco Pracáníco,Celedonio Flores,,29-30 Pugliese Piano,Osvaldo Pugliese,Francisco De Lorenzo,"Pedro Maffia, Alfredo De Franco","Elvino Vardaro, Emilio Puglisi, J. Campagnonio","Piano, Bass, 2 Bandoneons, 3 Violins",408,1414-A,
Pedro Maffia,Orquesta Pedro Maffia,1930,Amor de Dios,,Tango,Luis Díaz,Columbia,,"Pedro Vérgez, F. Bastadi","Pedro Vergez, F. Bastadi",,30-31 Scalise Piano,Eduardo Scalise,Francisco De Lorenzo,"Pedro Maffia, Alfredo De Gabriel Clausi","Antonio Rodio, Emilio Puglisi, José Abbati","Piano, Bass, 2 Bandoneons, 3 Violins",,,
Pedro Maffia,Orquesta Pedro Maffia,1930,Angustia,Llora Corazón,Tango,Instrumental,Columbia,Columbia 4538-X / Columbia (U.K.) DC-97 / Columbia (Argentina) A6013,Enrique Saborido,Enrique Saborido-Carlos Saborido,,30-31 Scalise Piano,Eduardo Scalise,Francisco De Lorenzo,"Pedro Maffia, Alfredo De Gabriel Clausi","Antonio Rodio, Emilio Puglisi, José Abbati","Piano, Bass, 2 Bandoneons, 3 Violins",W370232,Columbia 4538-X / Columbia (U.K.) DC-97 / Columbia (Argentina) A6013,
Pedro Maffia,Orquesta Pedro Maffia,1930,Anoche en el Club,,Tango,Instrumental,Columbia,Columbia (Argentina) A6002 / Columbia (France) DF-423,"Alfonso Lacueva, Alejandro Schujer",Lito Más,,30-31 Scalise Piano,Eduardo Scalise,Francisco De Lorenzo,"Pedro Maffia, Alfredo De Gabriel Clausi","Antonio Rodio, Emilio Puglisi, José Abbati","Piano, Bass, 2 Bandoneons, 3 Violins",W370130,Columbia (Argentina) A6002 / Columbia (France) DF-423,
Pedro Maffia,Orquesta Pedro Maffia,1930,Arreando,,Tango,Instrumental,Columbia,6002-B,Manuel Colominas,Manuel Colominas,,30-31 Scalise Piano,Eduardo Scalise,Francisco De Lorenzo,"Pedro Maffia, Alfredo De Gabriel Clausi","Antonio Rodio, Emilio Puglisi, José Abbati","Piano, Bass, 2 Bandoneons, 3 Violins",370155-2,6002-B,
Pedro Maffia,Orquesta Pedro Maffia,1931,Desde Aquel Día,,Tango,Instrumental,Columbia,Record 6018-A,José Tinelli,,,30-31 Scalise Piano,Eduardo Scalise,Francisco De Lorenzo,"Pedro Maffia, Alfredo De Gabriel Clausi","Antonio Rodio, Emilio Puglisi, José Abbati","Piano, Bass, 2 Bandoneons, 3 Violins",W370331,Record 6018-A,
Pedro Maffia,Orquesta Pedro Maffia,1930,Falsa,,Tango,Instrumental,Columbia,Columbia (Argentina) A6001 / Columbia 4604-X,Alejandro Michetti,Alejandro Michetti,,30-31 Scalise Piano,Eduardo Scalise,Francisco De Lorenzo,"Pedro Maffia, Alfredo De Gabriel Clausi","Antonio Rodio, Emilio Puglisi, José Abbati","Piano, Bass, 2 Bandoneons, 3 Violins",W370111,Columbia (Argentina) A6001 / Columbia 4604-X,
Pedro Maffia,Orquesta Pedro Maffia,1930,Golondrina,,Tango,Instrumental,Columbia,Columbia (Argentina) A6005,Sebastián Piana,Raquel Notar,,30-31 Scalise Piano,Eduardo Scalise,Francisco De Lorenzo,"Pedro Maffia, Alfredo De Gabriel Clausi","Antonio Rodio, Emilio Puglisi, José Abbati","Piano, Bass, 2 Bandoneons, 3 Violins",W370183,Columbia (Argentina) A6005,
Pedro Maffia,Orquesta Pedro Maffia,1930,La Final,,Tango,Instrumental,Columbia,Columbia (Argentina) A6008,Pedro Etchegoyen,P. L. Etchegoyen,,30-31 Scalise Piano,Eduardo Scalise,Francisco De Lorenzo,"Pedro Maffia, Alfredo De Gabriel Clausi","Antonio Rodio, Emilio Puglisi, José Abbati","Piano, Bass, 2 Bandoneons, 3 Violins",W370220,Columbia (Argentina) A6008,
Pedro Maffia,Orquesta Pedro Maffia,1930,Largalo,,Tango,Instrumental,Columbia,Columbia (Argentina) A6008,Julio Sanders,Julio Cesar Alberto Sanders,,30-31 Scalise Piano,Eduardo Scalise,Francisco De Lorenzo,"Pedro Maffia, Alfredo De Gabriel Clausi","Antonio Rodio, Emilio Puglisi, José Abbati","Piano, Bass, 2 Bandoneons, 3 Violins",W370221,Columbia (Argentina) A6008,
Pedro Maffia,Orquesta Pedro Maffia,1930,Muchachito Lindo,Muchachita Linda,Tango,Instrumental,Columbia,Columbia (Argentina) A6009 / Regal (Spain) DK-8318,Alberto Cima,Alberto Benito Cima,,30-31 Scalise Piano,Eduardo Scalise,Francisco De Lorenzo,"Pedro Maffia, Alfredo De Gabriel Clausi","Antonio Rodio, Emilio Puglisi, José Abbati","Piano, Bass, 2 Bandoneons, 3 Violins",W370275,Columbia (Argentina) A6009 / Regal (Spain) DK-8318,
Pedro Maffia,Orquesta Pedro Maffia,1931,No Llorés M'hijita,,Tango,Instrumental,Columbia,Record 6019-A,"Alfonso Lacueva, Domingo Scarpino, Osvaldo Montenegro","Alfonso Lacueva, Domingo Scarpino, Osvaldo Montenegro",,30-31 Scalise Piano,Eduardo Scalise,Francisco De Lorenzo,"Pedro Maffia, Alfredo De Gabriel Clausi","Antonio Rodio, Emilio Puglisi, José Abbati","Piano, Bass, 2 Bandoneons, 3 Violins",W370342,Record 6019-A,
Pedro Maffia,Orquesta Pedro Maffia,1931,No Te Hagás la Greta Garbo,,Tango,Instrumental,Columbia,Record 6011-A,Pedro Maffía,"Carlos Goicoechea, Rogelio Cordone",,30-31 Scalise Piano,Eduardo Scalise,Francisco De Lorenzo,"Pedro Maffia, Alfredo De Gabriel Clausi","Antonio Rodio, Emilio Puglisi, José Abbati","Piano, Bass, 2 Bandoneons, 3 Violins",W370332,Record 6011-A,
Pedro Maffia,Orquesta Pedro Maffia,1930,Palomita Loca,,Tango,Instrumental,Columbia,Columbia (Argentina) A6007 / Regal (Spain) DK-8253,Fausto Frontera,Fausto Frontera,,30-31 Scalise Piano,Eduardo Scalise,Francisco De Lorenzo,"Pedro Maffia, Alfredo De Gabriel Clausi","Antonio Rodio, Emilio Puglisi, José Abbati","Piano, Bass, 2 Bandoneons, 3 Violins",W370209,Columbia (Argentina) A6007 / Regal (Spain) DK-8253,
Pedro Maffia,Orquesta Pedro Maffia,1930,Pucha Digo,,Tango,Instrumental,Columbia,Columbia (Argentina) A6001 / Columbia 4604-X / Columbia (France) DF-424,Osvaldo Camodeca,Osvaldo Camodeca,,30-31 Scalise Piano,Eduardo Scalise,Francisco De Lorenzo,"Pedro Maffia, Alfredo De Gabriel Clausi","Antonio Rodio, Emilio Puglisi, José Abbati","Piano, Bass, 2 Bandoneons, 3 Violins",W370110,Columbia (Argentina) A6001 / Columbia 4604-X / Columbia (France) DF-424,
Pedro Maffia,Orquesta Pedro Maffia,1930,Qué Más Querés,,Tango,Instrumental,Columbia,Columbia (Argentina) A6006 / Regal (Spain) DK-8253,Pedro Maffía,Luis Rubistein,,30-31 Scalise Piano,Eduardo Scalise,Francisco De Lorenzo,"Pedro Maffia, Alfredo De Gabriel Clausi","Antonio Rodio, Emilio Puglisi, José Abbati","Piano, Bass, 2 Bandoneons, 3 Violins",W370202,Columbia (Argentina) A6006 / Regal (Spain) DK-8253,
Pedro Maffia,Orquesta Pedro Maffia,1930,Recoleta,,Tango,Instrumental,Columbia,Columbia (Argentina) A6005,Alejandro Pereyra,Eduardo Pereyra-Antonio Polito,,30-31 Scalise Piano,Eduardo Scalise,Francisco De Lorenzo,"Pedro Maffia, Alfredo De Gabriel Clausi","Antonio Rodio, Emilio Puglisi, José Abbati","Piano, Bass, 2 Bandoneons, 3 Violins",W370172,Columbia (Argentina) A6005,
Pedro Maffia,Orquesta Pedro Maffia,1930,Rica Tipa,,Tango,Instrumental,Columbia,Columbia (Argentina) A6006 / Regal (Spain) DK-8318,Ciriaco Ortiz,"Alfredo Bertonasco, Domingo Martignone",,30-31 Scalise Piano,Eduardo Scalise,Francisco De Lorenzo,"Pedro Maffia, Alfredo De Gabriel Clausi","Antonio Rodio, Emilio Puglisi, José Abbati","Piano, Bass, 2 Bandoneons, 3 Violins",W370203,Columbia (Argentina) A6006 / Regal (Spain) DK-8318,
Pedro Maffia,Orquesta Pedro Maffia,1931,Yira Yira,,Tango,Roberto Maida,Columbia,Record 6011-B,Enrique Discépolo,Enrique Discépolo,,30-31 Scalise Piano,Eduardo Scalise,Francisco De Lorenzo,"Pedro Maffia, Alfredo De Gabriel Clausi","Antonio Rodio, Emilio Puglisi, José Abbati","Piano, Bass, 2 Bandoneons, 3 Violins",W370343,Record 6011-B,
Pedro Maffia,Orquesta Pedro Maffia,3/6/1930,M'estás Cansando,Me Estas Cansando,Tango,Instrumental,Brunswick,1417-A,César Petrone,Cesar Petrone,,29-30 Pugliese Piano,Osvaldo Pugliese,Francisco De Lorenzo,"Pedro Maffia, Alfredo De Franco","Elvino Vardaro, Emilio Puglisi, J. Campagnonio","Piano, Bass, 2 Bandoneons, 3 Violins",446,1417-A,
Pedro Maffia,Orquesta Pedro Maffia,3/6/1930,Se Acabó La Yeta,,Tango,Instrumental,Brunswick,1415-A,Ricardo González,Antonio Polito,,29-30 Pugliese Piano,Osvaldo Pugliese,Francisco De Lorenzo,"Pedro Maffia, Alfredo De Franco","Elvino Vardaro, Emilio Puglisi, J. Campagnonio","Piano, Bass, 2 Bandoneons, 3 Violins",452,1415-A,
Pedro Maffia,Orquesta Pedro Maffia,3/26/1930,Estela,,Vals,Instrumental,Brunswick,1416-B,Osvaldo Donato,Luis Díaz,,29-30 Pugliese Piano,Osvaldo Pugliese,Francisco De Lorenzo,"Pedro Maffia, Alfredo De Franco","Elvino Vardaro, Emilio Puglisi, J. Campagnonio","Piano, Bass, 2 Bandoneons, 3 Violins",485,1416-B,
Pedro Maffia,Orquesta Pedro Maffia,3/26/1930,La Biaba de un Beso,,Tango,Carlos Viván,Brunswick,1416-A,Pedro Maffía,"Enrique Cadícamo, Félix Pelayo",,29-30 Pugliese Piano,Osvaldo Pugliese,Francisco De Lorenzo,"Pedro Maffia, Alfredo De Franco","Elvino Vardaro, Emilio Puglisi, J. Campagnonio","Piano, Bass, 2 Bandoneons, 3 Violins",482,1416-A,
Pedro Maffia,Orquesta Pedro Maffia,3/26/1930,Más Vale Solo,,Tango,Instrumental,Brunswick,1419-A,Wolff Neiburg,Wolff Neiburg,,29-30 Pugliese Piano,Osvaldo Pugliese,Francisco De Lorenzo,"Pedro Maffia, Alfredo De Franco","Elvino Vardaro, Emilio Puglisi, J. Campagnonio","Piano, Bass, 2 Bandoneons, 3 Violins",532,1419-A,
Pedro Maffia,Orquesta Pedro Maffia,4/2/1930,Aquel Mozo Rana,,Tango,Luis Díaz,Brunswick,1420-A,Esteban Barabino,Esteban Barabino,,29-30 Pugliese Piano,Osvaldo Pugliese,Francisco De Lorenzo,"Pedro Maffia, Alfredo De Franco","Elvino Vardaro, Emilio Puglisi, J. Campagnonio","Piano, Bass, 2 Bandoneons, 3 Violins",551,1420-A,
Pedro Maffia,Orquesta Pedro Maffia,4/2/1930,Cómo Se Pianta La Vida,,Tango,Carlos Viván,Brunswick,1418-A,Carlos Viván,Carlos Viván,,29-30 Pugliese Piano,Osvaldo Pugliese,Francisco De Lorenzo,"Pedro Maffia, Alfredo De Franco","Elvino Vardaro, Emilio Puglisi, J. Campagnonio","Piano, Bass, 2 Bandoneons, 3 Violins",545,1418-A,
Pedro Maffia,Orquesta Pedro Maffia,4/2/1930,Todo un Sueño,,Tango,Instrumental,Brunswick,1418-B,Manuel Flores,Celedonio Flores,,29-30 Pugliese Piano,Osvaldo Pugliese,Francisco De Lorenzo,"Pedro Maffia, Alfredo De Franco","Elvino Vardaro, Emilio Puglisi, J. Campagnonio","Piano, Bass, 2 Bandoneons, 3 Violins",,1418-B,
Pedro Maffia,Orquesta Pedro Maffia,4/2/1930,Una Limosnita por Amor de Dios,,Tango,Luis Díaz,Brunswick,1420-B,Pedro Vérgez,Francisco Bastardi,,29-30 Pugliese Piano,Osvaldo Pugliese,Francisco De Lorenzo,"Pedro Maffia, Alfredo De Franco","Elvino Vardaro, Emilio Puglisi, J. Campagnonio","Piano, Bass, 2 Bandoneons, 3 Violins",548,1420-B,
Pedro Maffia,Orquesta Pedro Maffia,5/5/1930,Bota E' Potro,,Tango,Luis Díaz,Brunswick,1422-A,Juan Bazán,Enrique Dizeo,,29-30 Pugliese Piano,Osvaldo Pugliese,Francisco De Lorenzo,"Pedro Maffia, Alfredo De Franco","Elvino Vardaro, Emilio Puglisi, J. Campagnonio","Piano, Bass, 2 Bandoneons, 3 Violins",632,1422-A,
Pedro Maffia,Orquesta Pedro Maffia,5/5/1930,Por No Llorar,,Vals,Luis Díaz,Brunswick,1421-B,"Domingo Vassalotti, Fortunato Botti",Alfonso Lavieri,,29-30 Pugliese Piano,Osvaldo Pugliese,Francisco De Lorenzo,"Pedro Maffia, Alfredo De Franco","Elvino Vardaro, Emilio Puglisi, J. Campagnonio","Piano, Bass, 2 Bandoneons, 3 Violins",629,1421-B,
Pedro Maffia,Orquesta Pedro Maffia,5/5/1930,Si Pudiera Vengarme,,Tango,Luis Díaz,Brunswick,1421-A,Santiago Nicotra,J. Scofet,,29-30 Pugliese Piano,Osvaldo Pugliese,Francisco De Lorenzo,"Pedro Maffia, Alfredo De Franco","Elvino Vardaro, Emilio Puglisi, J. Campagnonio","Piano, Bass, 2 Bandoneons, 3 Violins",628,1421-A,
Pedro Maffia,Orquesta Pedro Maffia,5/6/1930,Caminito Al Bajo,,Tango,Instrumental,Brunswick,1423-B,"Manuel Parada, Enrique Maroni, José De La Vega","Enrique Maroni, José De La Vega",,29-30 Pugliese Piano,Osvaldo Pugliese,Francisco De Lorenzo,"Pedro Maffia, Alfredo De Franco","Elvino Vardaro, Emilio Puglisi, J. Campagnonio","Piano, Bass, 2 Bandoneons, 3 Violins",649,1423-B,
Pedro Maffia,Orquesta Pedro Maffia,5/6/1930,La Tirana,,Tango,Instrumental,Brunswick,1423-A,Nicolás Vaccaro,Nicolas Vaccaro-Ismael Aguilar,,29-30 Pugliese Piano,Osvaldo Pugliese,Francisco De Lorenzo,"Pedro Maffia, Alfredo De Franco","Elvino Vardaro, Emilio Puglisi, J. Campagnonio","Piano, Bass, 2 Bandoneons, 3 Violins",648,1423-A,
Pedro Maffia,Orquesta Pedro Maffia,5/6/1930,Reo Noble,,Tango,Luis Díaz,Brunswick,Brunswick 41391,Juan López,Luis Catalan,,29-30 Pugliese Piano,Osvaldo Pugliese,Francisco De Lorenzo,"Pedro Maffia, Alfredo De Franco","Elvino Vardaro, Emilio Puglisi, J. Campagnonio","Piano, Bass, 2 Bandoneons, 3 Violins",BA652,Brunswick 41391,
Pedro Maffia,Orquesta Pedro Maffia,5/19/1930,Cruz Mandinga,,Tango,Luis Díaz,Brunswick,1425-A,Ernesto De La Cruz,Nicolás Trimani,,29-30 Pugliese Piano,Osvaldo Pugliese,Francisco De Lorenzo,"Pedro Maffia, Alfredo De Franco","Elvino Vardaro, Emilio Puglisi, J. Campagnonio","Piano, Bass, 2 Bandoneons, 3 Violins",683,1425-A,
Pedro Maffia,Orquesta Pedro Maffia,5/30/1930,Pechuga,,Tango,Luis Díaz,Brunswick,1424-A,Mateo Coppola,Delmira Zinola,,29-30 Pugliese Piano,Osvaldo Pugliese,Francisco De Lorenzo,"Pedro Maffia, Alfredo De Franco","Elvino Vardaro, Emilio Puglisi, J. Campagnonio","Piano, Bass, 2 Bandoneons, 3 Violins",725,1424-A,
Pedro Maffia,Orquesta Pedro Maffia,5/30/1930,Triste Celda,,Tango,Luis Díaz,Brunswick,1431-A,Pascual Verzino,José Staffolani,,29-30 Pugliese Piano,Osvaldo Pugliese,Francisco De Lorenzo,"Pedro Maffia, Alfredo De Franco","Elvino Vardaro, Emilio Puglisi, J. Campagnonio","Piano, Bass, 2 Bandoneons, 3 Violins",730,1431-A,
Pedro Maffia,Orquesta Pedro Maffia,5/30/1930,Volvió Para Querer,,Tango,Luis Díaz,Brunswick,1434-A,Luis Mottolese,Francisco Perrone,,29-30 Pugliese Piano,Osvaldo Pugliese,Francisco De Lorenzo,"Pedro Maffia, Alfredo De Franco","Elvino Vardaro, Emilio Puglisi, J. Campagnonio","Piano, Bass, 2 Bandoneons, 3 Violins",728,1434-A,
Pedro Maffia,Orquesta Pedro Maffia,6/7/1930,Dulce Porteña,,Vals,Instrumental,Brunswick,1435-B,Juan Russo,A. Richard Russo,,29-30 Pugliese Piano,Osvaldo Pugliese,Francisco De Lorenzo,"Pedro Maffia, Alfredo De Franco","Elvino Vardaro, Emilio Puglisi, J. Campagnonio","Piano, Bass, 2 Bandoneons, 3 Violins",761,1435-B,
Pedro Maffia,Orquesta Pedro Maffia,6/7/1930,Manón,,Vals,Instrumental,Brunswick,1429-B,Alfredo Marengo,Alfredo Raul Marengo,,29-30 Pugliese Piano,Osvaldo Pugliese,Francisco De Lorenzo,"Pedro Maffia, Alfredo De Franco","Elvino Vardaro, Emilio Puglisi, J. Campagnonio","Piano, Bass, 2 Bandoneons, 3 Violins",756,1429-B,
Pedro Maffia,Orquesta Pedro Maffia,6/7/1930,Ojo Clínico,,Tango,Luis Díaz,Brunswick,1434-B,Alfredo Seghini,Benjamin Musci,,29-30 Pugliese Piano,Osvaldo Pugliese,Francisco De Lorenzo,"Pedro Maffia, Alfredo De Franco","Elvino Vardaro, Emilio Puglisi, J. Campagnonio","Piano, Bass, 2 Bandoneons, 3 Violins",755,1434-B,
Pedro Maffia,Orquesta Pedro Maffia,6/7/1930,Vos Y Yo,,Tango,Instrumental,Brunswick,1427-B,Héctor Bates,Francisco Jiménez,,29-30 Pugliese Piano,Osvaldo Pugliese,Francisco De Lorenzo,"Pedro Maffia, Alfredo De Franco","Elvino Vardaro, Emilio Puglisi, J. Campagnonio","Piano, Bass, 2 Bandoneons, 3 Violins",758,1427-B,
Pedro Maffia,Orquesta Pedro Maffia,6/11/1930,Arturito,,Tango,Instrumental,Brunswick,1426-A,A. Canto,Alberto Rodriguez Canto,,29-30 Pugliese Piano,Osvaldo Pugliese,Francisco De Lorenzo,"Pedro Maffia, Alfredo De Franco","Elvino Vardaro, Emilio Puglisi, J. Campagnonio","Piano, Bass, 2 Bandoneons, 3 Violins",770,1426-A,
Pedro Maffia,Orquesta Pedro Maffia,6/11/1930,Chantilly,,Tango,Instrumental,Brunswick,1433-B,A. Savia,Pedro Mario Maffia,,29-30 Pugliese Piano,Osvaldo Pugliese,Francisco De Lorenzo,"Pedro Maffia, Alfredo De Franco","Elvino Vardaro, Emilio Puglisi, J. Campagnonio","Piano, Bass, 2 Bandoneons, 3 Violins",767,1433-B,
Pedro Maffia,Orquesta Pedro Maffia,6/11/1930,Llorando la Carta,,Tango,Instrumental,Brunswick,Brunswick 41336,Juan Fulginiti,Juan Fulginiti,,29-30 Pugliese Piano,Osvaldo Pugliese,Francisco De Lorenzo,"Pedro Maffia, Alfredo De Franco","Elvino Vardaro, Emilio Puglisi, J. Campagnonio","Piano, Bass, 2 Bandoneons, 3 Violins",BA795,Brunswick 41336,
Pedro Maffia,Orquesta Pedro Maffia,6/11/1930,Pura Charla,,Tango,Luis Díaz,Brunswick,1433-A,Juan Baüer,Juan Baüer,,29-30 Pugliese Piano,Osvaldo Pugliese,Francisco De Lorenzo,"Pedro Maffia, Alfredo De Franco","Elvino Vardaro, Emilio Puglisi, J. Campagnonio","Piano, Bass, 2 Bandoneons, 3 Violins",773,1433-A,
Pedro Maffia,Orquesta Pedro Maffia,6/13/1930,El Arrabal Cierra Sus Puertas,,Tango,Luis Díaz,Brunswick,1432-A,Raquel Notar,Edelmiro Garrido,,29-30 Pugliese Piano,Osvaldo Pugliese,Francisco De Lorenzo,"Pedro Maffia, Alfredo De Franco","Elvino Vardaro, Emilio Puglisi, J. Campagnonio","Piano, Bass, 2 Bandoneons, 3 Violins",789,1432-A,
Pedro Maffia,Orquesta Pedro Maffia,6/13/1930,Reliquia Gaucha,,Tango,Luis Díaz,Brunswick,1424-B,Emilio Sola,Juan Fulginiti,,29-30 Pugliese Piano,Osvaldo Pugliese,Francisco De Lorenzo,"Pedro Maffia, Alfredo De Franco","Elvino Vardaro, Emilio Puglisi, J. Campagnonio","Piano, Bass, 2 Bandoneons, 3 Violins",786,1424-B,
Pedro Maffia,Orquesta Pedro Maffia,6/13/1930,Rezongón,,Tango,Instrumental,Brunswick,Brunswick 41365,Luis Ermoli,Luis Ermoli,,29-30 Pugliese Piano,Osvaldo Pugliese,Francisco De Lorenzo,"Pedro Maffia, Alfredo De Franco","Elvino Vardaro, Emilio Puglisi, J. Campagnonio","Piano, Bass, 2 Bandoneons, 3 Violins",BA789,Brunswick 41365,
Pedro Maffia,Orquesta Pedro Maffia,6/14/1930,Amarrete,,Tango,Instrumental,Brunswick,1432-B,Antonio Pesce,Antonio A. Pesce,,29-30 Pugliese Piano,Osvaldo Pugliese,Francisco De Lorenzo,"Pedro Maffia, Alfredo De Franco","Elvino Vardaro, Emilio Puglisi, J. Campagnonio","Piano, Bass, 2 Bandoneons, 3 Violins",797,1432-B,
Pedro Maffia,Orquesta Pedro Maffia,6/14/1930,Broche de Oro,,Tango,Instrumental,Brunswick,1431-B,Adelio Zeoli,Adelio Zeoli,,29-30 Pugliese Piano,Osvaldo Pugliese,Francisco De Lorenzo,"Pedro Maffia, Alfredo De Franco","Elvino Vardaro, Emilio Puglisi, J. Campagnonio","Piano, Bass, 2 Bandoneons, 3 Violins",794,1431-B,
Pedro Maffia,Orquesta Pedro Maffia,6/14/1930,Romántico Bulincito,,Tango,Luis Díaz,Brunswick,1435-A,Augusto Gentile,Enrique Dizeo,,29-30 Pugliese Piano,Osvaldo Pugliese,Francisco De Lorenzo,"Pedro Maffia, Alfredo De Franco","Elvino Vardaro, Emilio Puglisi, J. Campagnonio","Piano, Bass, 2 Bandoneons, 3 Violins",,1435-A,
Pedro Maffia,Orquesta Pedro Maffia,6/14/1930,UNKNOWN,,Tango,Instrumental,Brunswick,,,,,29-30 Pugliese Piano,Osvaldo Pugliese,Francisco De Lorenzo,"Pedro Maffia, Alfredo De Franco","Elvino Vardaro, Emilio Puglisi, J. Campagnonio","Piano, Bass, 2 Bandoneons, 3 Violins",,,
Pedro Maffia,Orquesta Pedro Maffia,6/21/1930,Lindo Varón,,Tango,Instrumental,Columbia,Columbia (Argentina) A6000,Enrique Mónaco,Enrique Augusto Nicolas Monaco-Enrique,,30-31 Scalise Piano,Eduardo Scalise,Francisco De Lorenzo,"Pedro Maffia, Alfredo De Gabriel Clausi","Antonio Rodio, Emilio Puglisi, José Abbati","Piano, Bass, 2 Bandoneons, 3 Violins",W370093,Columbia (Argentina) A6000,
Pedro Maffia,Orquesta Pedro Maffia,6/21/1930,Vos También Salistes Bueno,Vos También Saliste Bueno,Tango,Instrumental,Columbia,,"J. Mazzeo, Enrique Forte",,,30-31 Scalise Piano,Eduardo Scalise,Francisco De Lorenzo,"Pedro Maffia, Alfredo De Gabriel Clausi","Antonio Rodio, Emilio Puglisi, José Abbati","Piano, Bass, 2 Bandoneons, 3 Violins",,,
Pedro Maffia,Orquesta Pedro Maffia,7/28/1930,Cabecita de Azabache,,Tango,Instrumental,Columbia,Columbia (Argentina) A6003,Eduardo Regard,Eduardo Scalise Regard,,30-31 Scalise Piano,Eduardo Scalise,Francisco De Lorenzo,"Pedro Maffia, Alfredo De Gabriel Clausi","Antonio Rodio, Emilio Puglisi, José Abbati","Piano, Bass, 2 Bandoneons, 3 Violins",W370137,Columbia (Argentina) A6003,
Pedro Maffia,Orquesta Pedro Maffia,7/28/1930,Cómo Te Divertís,,Tango,Instrumental,Columbia,Columbia (Argentina) A6003,"Pascual Martínez, Adolfo Piancino",Adolfo Piancino,,30-31 Scalise Piano,Eduardo Scalise,Francisco De Lorenzo,"Pedro Maffia, Alfredo De Gabriel Clausi","Antonio Rodio, Emilio Puglisi, José Abbati","Piano, Bass, 2 Bandoneons, 3 Violins",W370138,Columbia (Argentina) A6003,
Pedro Maffia,Orquesta Pedro Maffia,9/30/1930,Acordate de Tu Vieja,,Tango,Instrumental,Columbia,Columbia (Argentina) A6010,Nicolás Tavarozzi,Nicolas Tavarozzi-Carlos C. Du Herme,,30-31 Scalise Piano,Eduardo Scalise,Francisco De Lorenzo,"Pedro Maffia, Alfredo De Gabriel Clausi","Antonio Rodio, Emilio Puglisi, José Abbati","Piano, Bass, 2 Bandoneons, 3 Violins",W370208,Columbia (Argentina) A6010,
Pedro Maffia,Orquesta Pedro Maffia,12/11/1930,Asómate a la Ventana,Serenata,Tango,Instrumental,Columbia,Columbia 4500-X / Columbia (Argentina) A6014 / Regal (Spain) DK-9011,Raúl Del Campo,Federico Pello,,30-31 Scalise Piano,Eduardo Scalise,Francisco De Lorenzo,"Pedro Maffia, Alfredo De Gabriel Clausi","Antonio Rodio, Emilio Puglisi, José Abbati","Piano, Bass, 2 Bandoneons, 3 Violins",W370304,Columbia 4500-X / Columbia (Argentina) A6014 / Regal (Spain) DK-9011,
Pedro Maffia,Orquesta Pedro Maffia,12/11/1930,Brisas Camperas,,Vals,Instrumental,Columbia,Columbia (Argentina) A6014 / Regal (Spain) DK-8422 / Regal (Spain) 4500-X,Andrés Giachino,Andres Giachino,,30-31 Scalise Piano,Eduardo Scalise,Francisco De Lorenzo,"Pedro Maffia, Alfredo De Gabriel Clausi","Antonio Rodio, Emilio Puglisi, José Abbati","Piano, Bass, 2 Bandoneons, 3 Violins",W370300,Columbia (Argentina) A6014 / Regal (Spain) DK-8422 / Regal (Spain) 4500-X,
Pedro Maffia,Orquesta Pedro Maffia,1931,A La Deriva,,Tango,Rafael Cisca,Columbia,Record 6034-A,Julio Pollero,Luis Coraggio,,30-31 Scalise Piano,Eduardo Scalise,Francisco De Lorenzo,"Pedro Maffia, Alfredo De Gabriel Clausi","Antonio Rodio, Emilio Puglisi, José Abbati","Piano, Bass, 2 Bandoneons, 3 Violins",,Record 6034-A,
Pedro Maffia,Orquesta Pedro Maffia,1931,Che Pascual,,Tango,Francisco Fiorentino,Columbia,Columbia (Argentina) A6025,José Rizzuti,Santiago Giordano,,30-31 Scalise Piano,Eduardo Scalise,Francisco De Lorenzo,"Pedro Maffia, Alfredo De Gabriel Clausi","Antonio Rodio, Emilio Puglisi, José Abbati","Piano, Bass, 2 Bandoneons, 3 Violins",W370504,Columbia (Argentina) A6025,
Pedro Maffia,Orquesta Pedro Maffia,1931,Dominó,,Tango,Instrumental,Columbia,Columbia (Argentina) A6031,José Gil,Jose Gil,,30-31 Scalise Piano,Eduardo Scalise,Francisco De Lorenzo,"Pedro Maffia, Alfredo De Gabriel Clausi","Antonio Rodio, Emilio Puglisi, José Abbati","Piano, Bass, 2 Bandoneons, 3 Violins",W370581,Columbia (Argentina) A6031,
Pedro Maffia,Orquesta Pedro Maffia,1931,El Primer Beso,,Vals,Instrumental,Columbia,Columbia (Argentina) A6033,Luis Spera,Luis Spera,,30-31 Scalise Piano,Eduardo Scalise,Francisco De Lorenzo,"Pedro Maffia, Alfredo De Gabriel Clausi","Antonio Rodio, Emilio Puglisi, José Abbati","Piano, Bass, 2 Bandoneons, 3 Violins",W370632,Columbia (Argentina) A6033,
Pedro Maffia,Orquesta Pedro Maffia,1931,Esmeralda,,Tango,Rafael Cisca,Columbia,Columbia (Argentina) A6033,Luis Addesso,Eduardo Calvo,,30-31 Scalise Piano,Eduardo Scalise,Francisco De Lorenzo,"Pedro Maffia, Alfredo De Gabriel Clausi","Antonio Rodio, Emilio Puglisi, José Abbati","Piano, Bass, 2 Bandoneons, 3 Violins",W370630,Columbia (Argentina) A6033,
Pedro Maffia,Orquesta Pedro Maffia,1931,Estuviste Bien Pirulo,,Tango,Roberto Maida,Columbia,Columbia (Argentina) A6020,Sebastián Piana,"Carlos Goicoechea, Rogelio Cordone",,30-31 Scalise Piano,Eduardo Scalise,Francisco De Lorenzo,"Pedro Maffia, Alfredo De Gabriel Clausi","Antonio Rodio, Emilio Puglisi, José Abbati","Piano, Bass, 2 Bandoneons, 3 Violins",W370357,Columbia (Argentina) A6020,
Pedro Maffia,Orquesta Pedro Maffia,1931,Hoy Te Toca Reír,,Tango,Rafael Cisca,Columbia,Record 6036-A,"Alfonso Lacueva, Alejandro Schujer",Lito Más,,30-31 Scalise Piano,Eduardo Scalise,Francisco De Lorenzo,"Pedro Maffia, Alfredo De Gabriel Clausi","Antonio Rodio, Emilio Puglisi, José Abbati","Piano, Bass, 2 Bandoneons, 3 Violins",,Record 6036-A,
Pedro Maffia,Orquesta Pedro Maffia,1931,La Bruja,,Tango,Francisco Fiorentino,Columbia,Columbia (Argentina) A6030,Juan Polito,Francisco Gorrindo,,30-31 Scalise Piano,Eduardo Scalise,Francisco De Lorenzo,"Pedro Maffia, Alfredo De Gabriel Clausi","Antonio Rodio, Emilio Puglisi, José Abbati","Piano, Bass, 2 Bandoneons, 3 Violins",W370579,Columbia (Argentina) A6030,
Pedro Maffia,Orquesta Pedro Maffia,1931,La Caprichosa,,Tango,Francisco Fiorentino,Columbia,Columbia (Argentina) A6029,Gabriel Clausi,José Fernández,,30-31 Scalise Piano,Eduardo Scalise,Francisco De Lorenzo,"Pedro Maffia, Alfredo De Gabriel Clausi","Antonio Rodio, Emilio Puglisi, José Abbati","Piano, Bass, 2 Bandoneons, 3 Violins",W370546,Columbia (Argentina) A6029,
Pedro Maffia,Orquesta Pedro Maffia,1931,La Serenata De Ayer,La Serenata del Ayer,Vals,Rafael Cisca,Columbia,Columbia (Argentina) A6037,Manuel Buzón,Ismael Aguilar,,30-31 Scalise Piano,Eduardo Scalise,Francisco De Lorenzo,"Pedro Maffia, Alfredo De Gabriel Clausi","Antonio Rodio, Emilio Puglisi, José Abbati","Piano, Bass, 2 Bandoneons, 3 Violins",W370666,Columbia (Argentina) A6037,
Pedro Maffia,Orquesta Pedro Maffia,1931,Llévame en Tus Alas,,Tango,Rafael Cisca,Columbia,Columbia (Argentina) A6035,"Armando Tagini, Dorita Davis",Venancio Clauso,,30-31 Scalise Piano,Eduardo Scalise,Francisco De Lorenzo,"Pedro Maffia, Alfredo De Gabriel Clausi","Antonio Rodio, Emilio Puglisi, José Abbati","Piano, Bass, 2 Bandoneons, 3 Violins",W370649,Columbia (Argentina) A6035,
Pedro Maffia,Orquesta Pedro Maffia,1931,Maldita,,Tango,Francisco Fiorentino,Columbia,Columbia (Argentina) A6028,Antonio Rodio,Celedonio Flores,,30-31 Scalise Piano,Eduardo Scalise,Francisco De Lorenzo,"Pedro Maffia, Alfredo De Gabriel Clausi","Antonio Rodio, Emilio Puglisi, José Abbati","Piano, Bass, 2 Bandoneons, 3 Violins",W370545,Columbia (Argentina) A6028,
Pedro Maffia,Orquesta Pedro Maffia,1931,Sueño De Juventud,,Vals,Francisco Fiorentino,Columbia,Columbia (Argentina) A6031,Enrique Discépolo,Enrique Discépolo,,30-31 Scalise Piano,Eduardo Scalise,Francisco De Lorenzo,"Pedro Maffia, Alfredo De Gabriel Clausi","Antonio Rodio, Emilio Puglisi, José Abbati","Piano, Bass, 2 Bandoneons, 3 Violins",W370582,Columbia (Argentina) A6031,
Pedro Maffia,Orquesta Pedro Maffia,1931,Tus Promesas,,Vals,Rafael Cisca,Columbia,Columbia (Argentina) A6035,Adolfo Manzione,V. Suárez,,30-31 Scalise Piano,Eduardo Scalise,Francisco De Lorenzo,"Pedro Maffia, Alfredo De Gabriel Clausi","Antonio Rodio, Emilio Puglisi, José Abbati","Piano, Bass, 2 Bandoneons, 3 Violins",W370648,Columbia (Argentina) A6035,
Pedro Maffia,Orquesta Pedro Maffia,1931,Una Limosna por Dios,,Tango,Rafael Cisca,Columbia,Columbia (Argentina) A6037,Luis Bernstein,Francisco Jiménez,,30-31 Scalise Piano,Eduardo Scalise,Francisco De Lorenzo,"Pedro Maffia, Alfredo De Gabriel Clausi","Antonio Rodio, Emilio Puglisi, José Abbati","Piano, Bass, 2 Bandoneons, 3 Violins",W370639,Columbia (Argentina) A6037,
Pedro Maffia,Orquesta Pedro Maffia,1931,Una Noche de Amor,,Vals,Francisco Fiorentino,Columbia,Columbia (Argentina) A6028,Juan Divasto,Juan Belando,,30-31 Scalise Piano,Eduardo Scalise,Francisco De Lorenzo,"Pedro Maffia, Alfredo De Gabriel Clausi","Antonio Rodio, Emilio Puglisi, José Abbati","Piano, Bass, 2 Bandoneons, 3 Violins",W370547,Columbia (Argentina) A6028,
Pedro Maffia,Orquesta Pedro Maffia,1931,Volvé a Mi Lado,,Tango,Francisco Fiorentino,Columbia,Columbia (Argentina) A6026 / Columbia 4715-X,Juan Cobián,Enrique Dizeo,,30-31 Scalise Piano,Eduardo Scalise,Francisco De Lorenzo,"Pedro Maffia, Alfredo De Gabriel Clausi","Antonio Rodio, Emilio Puglisi, José Abbati","Piano, Bass, 2 Bandoneons, 3 Violins",W370520,Columbia (Argentina) A6026 / Columbia 4715-X,
Pedro Maffia,Orquesta Pedro Maffia,3/12/1931,Pelele,,Tango,Instrumental,Columbia,Columbia (Argentina) A6023,Pedro Maffía,Pedro Mario Maffia-Juan Andres Caruso,,30-31 Scalise Piano,Eduardo Scalise,Francisco De Lorenzo,"Pedro Maffia, Alfredo De Gabriel Clausi","Antonio Rodio, Emilio Puglisi, José Abbati","Piano, Bass, 2 Bandoneons, 3 Violins",W370356,Columbia (Argentina) A6023,
Pedro Maffia,Orquesta Pedro Maffia,3/21/1931,Chiqué,El Elegante,Tango,Instrumental,Columbia,Columbia (Argentina) A6023 / Columbia (France) DF-1315 / Columbia 378-M / Columbia (U.K.) CB-581 / Columbia (U.K.) DC-140,Ricardo Brignolo,Ricardo Brignolo,,30-31 Scalise Piano,Eduardo Scalise,Francisco De Lorenzo,"Pedro Maffia, Alfredo De Gabriel Clausi","Antonio Rodio, Emilio Puglisi, José Abbati","Piano, Bass, 2 Bandoneons, 3 Violins",W370361,Columbia (Argentina) A6023 / Columbia (France) DF-1315 / Columbia 378-M / Columbia (U.K.) CB-581 / Columbia (U.K.) DC-140,
Pedro Maffia,Orquesta Pedro Maffia,4/8/1931,El Entrerriano,El Entrerriano,Tango,Instrumental,Columbia,Columbia (Argentina) A6017,Anselmo Mendizábal,Ernesto Amor,,30-31 Scalise Piano,Eduardo Scalise,Francisco De Lorenzo,"Pedro Maffia, Alfredo De Gabriel Clausi","Antonio Rodio, Emilio Puglisi, José Abbati","Piano, Bass, 2 Bandoneons, 3 Violins",W370376,Columbia (Argentina) A6017,
Pedro Maffia,Orquesta Pedro Maffia,4/8/1931,La Mariposa,gorjeos,Tango,Roberto Maida,Columbia,Columbia (Argentina) A6017,Pedro Maffía,Celedonio Flores,,30-31 Scalise Piano,Eduardo Scalise,Francisco De Lorenzo,"Pedro Maffia, Alfredo De Gabriel Clausi","Antonio Rodio, Emilio Puglisi, José Abbati","Piano, Bass, 2 Bandoneons, 3 Violins",W370377,Columbia (Argentina) A6017,
Pedro Maffia,Orquesta Pedro Maffia,6/17/1931,Páginas Muertas,,Tango,Pedro Lauga,Columbia,Columbia (Argentina) A6021,Francisco De Caro,Mario Gomila,,30-31 Scalise Piano,Eduardo Scalise,Francisco De Lorenzo,"Pedro Maffia, Alfredo De Gabriel Clausi","Antonio Rodio, Emilio Puglisi, José Abbati","Piano, Bass, 2 Bandoneons, 3 Violins",W370461,Columbia (Argentina) A6021,
Pedro Maffia,Orquesta Pedro Maffia,6/17/1931,Taconeando,,Tango,Francisco Fiorentino,Columbia,Columbia (Argentina) A6021,Pedro Maffía,José Staffolani,,30-31 Scalise Piano,Eduardo Scalise,Francisco De Lorenzo,"Pedro Maffia, Alfredo De Gabriel Clausi","Antonio Rodio, Emilio Puglisi, José Abbati","Piano, Bass, 2 Bandoneons, 3 Violins",W370463,Columbia (Argentina) A6021,
Pedro Maffia,Orquesta Pedro Maffia,8/12/1931,Confesión,,Tango,Francisco Fiorentino,Columbia,Columbia (Argentina) A6024,Enrique Discépolo,"Enrique Discépolo, Luis Amadori",,30-31 Scalise Piano,Eduardo Scalise,Francisco De Lorenzo,"Pedro Maffia, Alfredo De Gabriel Clausi","Antonio Rodio, Emilio Puglisi, José Abbati","Piano, Bass, 2 Bandoneons, 3 Violins",W370515,Columbia (Argentina) A6024,
Pedro Maffia,Orquesta Pedro Maffia,8/27/1931,Carrillón de la Mercéd,Carillón de la Mercéd,Tango,Francisco Fiorentino,Columbia,Columbia (Argentina) A6027 / Columbia 4813-X,Enrique Discépolo,"Enrique Discépolo, Alfredo Le Pera",,30-31 Scalise Piano,Eduardo Scalise,Francisco De Lorenzo,"Pedro Maffia, Alfredo De Gabriel Clausi","Antonio Rodio, Emilio Puglisi, José Abbati","Piano, Bass, 2 Bandoneons, 3 Violins",W370533,Columbia (Argentina) A6027 / Columbia 4813-X,
Pedro Maffia,Orquesta Pedro Maffia,8/27/1931,Dime que Sí,,Vals,Instrumental,Columbia,Columbia (Argentina) A6027 / Columbia 4813-X,Ernesto Russo,Ernesto Russo,,30-31 Scalise Piano,Eduardo Scalise,Francisco De Lorenzo,"Pedro Maffia, Alfredo De Gabriel Clausi","Antonio Rodio, Emilio Puglisi, José Abbati","Piano, Bass, 2 Bandoneons, 3 Violins",W370532,Columbia (Argentina) A6027 / Columbia 4813-X,
Pedro Maffia,Orquesta Pedro Maffia,11/11/1931,El Pensamiento,,Tango,Rafael Cisca,Columbia,Columbia (Argentina) A6032,"Vicente Spina, Alejandro Pereyra",Antonio Polito,,30-31 Scalise Piano,Eduardo Scalise,Francisco De Lorenzo,"Pedro Maffia, Alfredo De Gabriel Clausi","Antonio Rodio, Emilio Puglisi, José Abbati","Piano, Bass, 2 Bandoneons, 3 Violins",W370629,Columbia (Argentina) A6032,
Pedro Maffia,Orquesta Pedro Maffia,11/13/1931,Mineral,,Tango,Rafael Cisca,Columbia,Columbia (Argentina) A6032,Pedro Maffía,Pedro Maffia,,30-31 Scalise Piano,Eduardo Scalise,Francisco De Lorenzo,"Pedro Maffia, Alfredo De Gabriel Clausi","Antonio Rodio, Emilio Puglisi, José Abbati","Piano, Bass, 2 Bandoneons, 3 Violins",W370631,Columbia (Argentina) A6032,
Pedro Maffia,Orquesta Pedro Maffia,7/15/1934,No Aflojés,,Tango,Mariano Balcarce,Víctor,37627-A,"Pedro Maffía, Sebastián Piana",Mario Battistella,,34-59 Other Pianists,Juan Trombino,Francisco De Lorenzo,"Pedro Maffia, Carlos Demaria, Héctor Presas, Angel Maffia","Alberto Besprovan, Miguel De Unamuno, Nerón Ferrazano","Piano, Bass, 4 Bandoneons, 3 Violins",,37627-A,
Pedro Maffia,Orquesta Pedro Maffia,10/4/1934,A Través de los Años,,Tango,Félix Gutiérrez,Víctor,Victor 37662 / Victor V-104,"Pedro Maffía, Homero Manzi",Homero Manzi,,34-59 Other Pianists,Juan Trombino,Francisco De Lorenzo,"Pedro Maffia, Carlos Demaria, Héctor Presas, Angel Maffia","Alberto Besprovan, Miguel De Unamuno, Nerón Ferrazano","Piano, Bass, 4 Bandoneons, 3 Violins",BAVE-86668,Victor 37662 / Victor V-104,
Pedro Maffia,Orquesta Pedro Maffia,10/4/1934,Atraves de los Años,,Tango,Félix Gutiérrez,Víctor,,Pedro Marria,Homero Manzi,,34-59 Other Pianists,Juan Trombino,Francisco De Lorenzo,"Pedro Maffia, Carlos Demaria, Héctor Presas, Angel Maffia","Alberto Besprovan, Miguel De Unamuno, Nerón Ferrazano","Piano, Bass, 4 Bandoneons, 3 Violins",,,
Pedro Maffia,Orquesta Pedro Maffia,10/4/1934,Juan Manuel,,Milonga,Félix Gutiérrez,Víctor,Victor 37662,Sebastián Piana,Homero Manzi,,34-59 Other Pianists,Juan Trombino,Francisco De Lorenzo,"Pedro Maffia, Carlos Demaria, Héctor Presas, Angel Maffia","Alberto Besprovan, Miguel De Unamuno, Nerón Ferrazano","Piano, Bass, 4 Bandoneons, 3 Violins",BAVE-86667,Victor 37662,
Pedro Maffia,Orquesta Pedro Maffia,7/24/1936,Maipo,,Tango,Instrumental,Odeón,7180-B,Eduardo Arolas,Gabriel Clausi,,34-59 Other Pianists,Jaime Gosis,,"Miguel Jurado, Santos Lípesker (Clarinet)","Abraham Levinson, Leo Lípesker","Piano, Bandoneon, 2 Violins, Clarinet",8654 e,7180-B,
Pedro Maffia,Orquesta Pedro Maffia,7/24/1936,Sombras Porteñas,,Vals,Martín Podestá,Odeón,7180-A,"Sebastián Piana, Pedro Maffía",Homero Manzi,,34-59 Other Pianists,Jaime Gosis,,"Miguel Jurado, Santos Lípesker (Clarinet)","Abraham Levinson, Leo Lípesker","Piano, Bandoneon, 2 Violins, Clarinet",8653 e,7180-A,
Pedro Maffia,Orquesta Pedro Maffia,1946,Tiny,,Tango,Instrumental,Odeón,,"Pedro Maffía, Julio De Caro",,,34-59 Other Pianists,Lalo Scalise,Enrique Marcheto,"Pedro Maffia, Alfredo Cordisco, Pascual Mamone, Torterolo","Elvino Vardaro, Josué Ríspoli, Bautista Huerta, Pedro Sapochnik","Piano, Bass, 4 Bandoneons, 4 Violins",,,
Pedro Maffia,Orquesta Pedro Maffia,9/2/1946,La Mariposa,gorjeos,Tango,Alberto Gómez,Odeón,32301-A,Pedro Maffía,Celedonio Flores,,34-59 Other Pianists,Lalo Scalise,Enrique Marcheto,"Pedro Maffia, Alfredo Cordisco, Pascual Mamone, Torterolo","Elvino Vardaro, Josué Ríspoli, Bautista Huerta, Pedro Sapochnik","Piano, Bass, 4 Bandoneons, 4 Violins",15785,32301-A,
Pedro Maffia,Orquesta Pedro Maffia,10/2/1946,Adiós Pampa Mía,,Tango,Alberto Gómez,Odeón,,"Francisco Canaro, Mariano Mores",Ivo Pelay,,34-59 Other Pianists,Lalo Scalise,Enrique Marcheto,"Pedro Maffia, Alfredo Cordisco, Pascual Mamone, Torterolo","Elvino Vardaro, Josué Ríspoli, Bautista Huerta, Pedro Sapochnik","Piano, Bass, 4 Bandoneons, 4 Violins",,,
Pedro Maffia,Orquesta Pedro Maffia,1959,Duelo Criollo,,Tango,Alberto Gómez,TK,10406-B,Juan Rezzano,Lito Bayardo,,34-59 Other Pianists,Enrique Munné,Enrique Marcheto,"Pedro Maffia, Gabriel Clausi, Cayetano Cámara, Ernesto Baffa","Elvino Vardaro, José Nieso, Aquiles Aguilar, Domingo Mancuso","Piano, Bass, 4 Bandoneons, 4 Violins",,10406-B,
Pedro Maffia,Orquesta Pedro Maffia,1959,El Estagiario,,Tango,Instrumental,TK,10354-A,Martín Álvarez,Martín Álvarez,,34-59 Other Pianists,Enrique Munné,Enrique Marcheto,"Pedro Maffia, Gabriel Clausi, Cayetano Cámara, Ernesto Baffa","Elvino Vardaro, José Nieso, Aquiles Aguilar, Domingo Mancuso","Piano, Bass, 4 Bandoneons, 4 Violins",,10354-A,
Pedro Maffia,Orquesta Pedro Maffia,1959,El Marne,,Tango,Instrumental,TK,10353-A,Eduardo Arolas,Gabriel Clausi,,34-59 Other Pianists,Enrique Munné,Enrique Marcheto,"Pedro Maffia, Gabriel Clausi, Cayetano Cámara, Ernesto Baffa","Elvino Vardaro, José Nieso, Aquiles Aguilar, Domingo Mancuso","Piano, Bass, 4 Bandoneons, 4 Violins",,10353-A,
Pedro Maffia,Orquesta Pedro Maffia,1959,Milonga Que Peina Canas,,Milonga,Alberto Gómez,TK,10353-B,Alberto Gómez,Alberto Gómez,,34-59 Other Pianists,Enrique Munné,Enrique Marcheto,"Pedro Maffia, Gabriel Clausi, Cayetano Cámara, Ernesto Baffa","Elvino Vardaro, José Nieso, Aquiles Aguilar, Domingo Mancuso","Piano, Bass, 4 Bandoneons, 4 Violins",,10353-B,
Pedro Maffia,Orquesta Pedro Maffia,1959,Nocturno a Rosario,,Vals,Alberto Gómez,TK,45-07,"Sebastián Piana, Homero Manzi, José Silva","Sebastián Piana, Homero Manzi",,34-59 Other Pianists,Enrique Munné,Enrique Marcheto,"Pedro Maffia, Gabriel Clausi, Cayetano Cámara, Ernesto Baffa","Elvino Vardaro, José Nieso, Aquiles Aguilar, Domingo Mancuso","Piano, Bass, 4 Bandoneons, 4 Violins",,45-07,
Pedro Maffia,Orquesta Pedro Maffia,1959,Orgullo Tanguero,,Tango,Alberto Gómez,TK,10354-B,Luis Stazo,Enrique Cadícamo,,34-59 Other Pianists,Enrique Munné,Enrique Marcheto,"Pedro Maffia, Gabriel Clausi, Cayetano Cámara, Ernesto Baffa","Elvino Vardaro, José Nieso, Aquiles Aguilar, Domingo Mancuso","Piano, Bass, 4 Bandoneons, 4 Violins",,10354-B,
Pedro Maffia,Orquesta Pedro Maffia,1959,Pimienta,Pimient,Tango,Instrumental,TK,45-07,Osvaldo Fresedo,,,34-59 Other Pianists,Enrique Munné,Enrique Marcheto,"Pedro Maffia, Gabriel Clausi, Cayetano Cámara, Ernesto Baffa","Elvino Vardaro, José Nieso, Aquiles Aguilar, Domingo Mancuso","Piano, Bass, 4 Bandoneons, 4 Violins",,45-07,
Pedro Maffia,Orquesta Pedro Maffia,1959,Tinta Verde,,Tango,Instrumental,TK,10406-A,Agustín Bardi,,,34-59 Other Pianists,Enrique Munné,Enrique Marcheto,"Pedro Maffia, Gabriel Clausi, Cayetano Cámara, Ernesto Baffa","Elvino Vardaro, José Nieso, Aquiles Aguilar, Domingo Mancuso","Piano, Bass, 4 Bandoneons, 4 Violins",,10406-A,
Pedro Maffia,Maffia-Laurenz,6/25/1925,Julián,,Tango,Instrumental,Victor,Victor 79566,Edgardo Donato,Edgardo Donato-Jose Luis Panizza,,,,,,,,BA-621,Victor 79566,DAHR+PDF+TodoTango
Pedro Maffia,Maffia-Laurenz,6/25/1925,Buen amigo,,Tango,Instrumental,Victor,Victor 79566,José de Caro,Julio de Caro-Carlos Marambio Catan,,,,,,,,BA-622,Victor 79566,DAHR+PDF+TodoTango
Pedro Maffia,Maffia-Laurenz,11/12/1925,Sonsa,,Tango,Instrumental,Victor,Victor 79609,Raul de los Hoyos,Raul de los Hoyos-Emilio Fresedo,,,,,,,,BA-704,Victor 79609,DAHR+PDF+TodoTango
Pedro Maffia,Maffia-Laurenz,11/12/1925,Titina,,Fox trot,Instrumental,Victor,Victor 79609,Léo Daniderff,Leo Daniderff-Jose Bohr,,,,,,,,BA-705,Victor 79609,DAHR+PDF+TodoTango
Pedro Maffia,Maffia-Laurenz,1926,La cumparsita,,Tango,Instrumental,Victor,Victor 79690,Gerardo Hernán Matos Rodríguez,Gerardo Matos Rodriguez- Contursi- Maroni,,,,,,,,BAVE-870,Victor 79690,DAHR+PDF+TodoTango
Pedro Maffia,Maffia-Laurenz,1926,Pura maña,,Tango,Instrumental,Victor,Victor 79690,Pedro Maffia,Angel V. Maffia-Celedonio Esteban Flores,,,,,,,,BAVE-871,Victor 79690,DAHR+PDF+TodoTango
Pedro Maffia,Maffia-Laurenz,1926,Negro,,Tango,Instrumental,Victor,Victor 79762,Adolfo Mondino,Adolfo Antonio Maria Mondino-Victor Soliño,,,,,,,,BAVE-1014,Victor 79762,DAHR+PDF+TodoTango
Pedro Maffia,Maffia-Laurenz,1926,Pato,,Tango,Instrumental,Victor,Victor 79762,Ramón Collazo,Ramon Collazo,,,,,,,,BAVE-1015,Victor 79762,DAHR+PDF+TodoTango
Pedro Maffia,Maffia-Laurenz,1926,Mocosita,,Tango,Instrumental,Victor,Victor 79763,Gerardo Hernán Matos Rodríguez,Gerardo Matos Rodriguez-Victor Soliño,,,,,,,,BAVE-1016,Victor 79763,DAHR+PDF+TodoTango
Pedro Maffia,Maffia-Laurenz,1926,Allá en el bajo,,Tango,Instrumental,Victor,Victor 79763,Agustín Magaldi; Pedro Noda,Magaldi- Noda-I. Aguilar- Martinelli Massa,,,,,,,,BAVE-1017,Victor 79763,DAHR+PDF+TodoTango
Pedro Maffia,Orquesta Tipica Maffia,1930,Vos tambien saliste bueno,,Tango,Instrumental,Columbia,Columbia (Argentina) A6000,,Jose Mazzeo-Enrique Luis Forte,,,,,,,,W370094,Columbia (Argentina) A6000,DAHR+PDF+TodoTango
Pedro Maffia,Orquesta Tipica Maffia,1930,Amor brujo,,Tango,Instrumental,Columbia,Columbia (Argentina) A6004,,Antonio Rodio,,,,,,,,W370156,Columbia (Argentina) A6004,DAHR+PDF+TodoTango
Pedro Maffia,Orquesta Tipica Maffia,1930,La flor de la pulperia,,Ranchera,Instrumental,Columbia,Columbia (Argentina) A6007,,Juan Carlos Duran,,,,,,,,W370171,Columbia (Argentina) A6007,DAHR+PDF+TodoTango
Pedro Maffia,Orquesta Tipica Maffia,1930,Sentimiento del corazon,,Vals,Instrumental,Columbia,Columbia (Argentina) A6004,Próspero Cimaglia,Prospero Cimaglia,,,,,,,,W370205,Columbia (Argentina) A6004,DAHR+PDF+TodoTango
Pedro Maffia,Orquesta Tipica Maffia,1930,Crepusculo,,Tango,Instrumental,Columbia,Columbia (Argentina) A6009,,J. Rebollo,,,,,,,,W370233,Columbia (Argentina) A6009,DAHR+PDF+TodoTango
Pedro Maffia,Orquesta Tipica Maffia,1930,No me cortes las alas,,Tango,Instrumental,Columbia,Columbia (Argentina) A6012 / Regal (Spain) DK-8342 / Columbia (U.K.) DC-97,Juan Carlos Cobián,Juan Carlos Cobian-Enrique Dizeo,,,,,,,,W370249,Columbia (Argentina) A6012 / Regal (Spain) DK-8342 / Columbia (U.K.) DC-97,DAHR+PDF+TodoTango
Pedro Maffia,Orquesta Tipica Maffia,1930,Remangate las enaguas,,Ranchera,Instrumental,Columbia,Columbia (Argentina) A6010,,Oscar Rossano-Juan Miguel Velich,,,,,,,,W370250,Columbia (Argentina) A6010,DAHR+PDF+TodoTango
Pedro Maffia,Orquesta Tipica Maffia,1930,Sos una bandida,,Tango,Instrumental,Columbia,Columbia (Argentina) A6015,,Orlando N. Urruspuru,,,,,,,,W370285,Columbia (Argentina) A6015,DAHR+PDF+TodoTango
Pedro Maffia,Orquesta Tipica Maffia,1930,Vidita,,Tango,Instrumental,Columbia,Columbia (Argentina) A6015,,Eduardo Armani,,,,,,,,W370286,Columbia (Argentina) A6015,DAHR+PDF+TodoTango
Pedro Maffia,Orquesta Tipica Maffia,1930,Arrímate-que soy mansito,,Ranchera,Instrumental,Columbia,Columbia 4741-X,,Francisco Casco,,,,,,,,W370301,Columbia 4741-X,DAHR+PDF+TodoTango
Pedro Maffia,Orquesta Tipica Maffia,1930,Bautismo en el rancho,,Ranchera,Instrumental,Columbia,Columbia (Argentina) A6018,,Mario Colominas,,,,,,,,W370302,Columbia (Argentina) A6018,DAHR+PDF+TodoTango
Pedro Maffia,Orquesta Tipica Maffia,1930,Lamento de amor,,Vals,Instrumental,Columbia,Columbia (Argentina) A6019 / Regal (Spain) DK-8439,Luis Mottolese,Luis Mottolese,,,,,,,,W370303,Columbia (Argentina) A6019 / Regal (Spain) DK-8439,DAHR+PDF+TodoTango
Pedro Maffia,Orquesta Tipica Maffia,1930,Mazamorra,,Ranchera,Instrumental,Columbia,Columbia (Argentina) A6013 / Columbia 4538-X,Arturo Carelli,Arturo Carelli,,,,,,,,W370327,Columbia (Argentina) A6013 / Columbia 4538-X,DAHR+PDF+TodoTango
Pedro Maffia,Orquesta Tipica Maffia,1931,Con besos te hare olvidar,,Tango,Instrumental,Columbia,Columbia (Argentina) A6016 / Regal (Spain) DK-8422 / Columbia 4741-X,,A. H. Rossi,,,,,,,,W370328,Columbia (Argentina) A6016 / Regal (Spain) DK-8422 / Columbia 4741-X,DAHR+PDF
Pedro Maffia,Orquesta Tipica Maffia,1931,Serenata criolla,,Ranchera,Instrumental,Columbia,Columbia (Argentina) A6020,,Dúo Jaimes-Molina,,,,,,,,W370360,Columbia (Argentina) A6020,DAHR+PDF
Pedro Maffia,Orquesta Tipica Maffia,1931,Junto al palenque,,Ranchera,Instrumental,Columbia,Columbia (Argentina) A6022,,Luis Mottolese,,,,,,,,W370462,Columbia (Argentina) A6022,DAHR+PDF
Pedro Maffia,Orquesta Tipica Maffia,1931,Sin tacha,,Tango,Instrumental,Columbia,Columbia (Argentina) A6022 / Regal (Spain) DK-9117,Pedro Laurenz,Pedro Laurenz,,,,,,,,W370499,Columbia (Argentina) A6022 / Regal (Spain) DK-9117,DAHR+PDF
Pedro Maffia,Orquesta Tipica Maffia,1931,Eres mi primavera,,Vals,Francisco Fiorentino,Columbia,Columbia (Argentina) A6025,,Alfredo Bigeschi-Oscar Roma,,,,,,,,W370514,Columbia (Argentina) A6025,DAHR+PDF
Pedro Maffia,Orquesta Tipica Maffia,1931,Mentirosa,,Ranchera,Francisco Fiorentino,Columbia,Columbia (Argentina) A6024,José L. Padula,Jose Luis Padula-Lito Bayardo,,,,,,,,W370519,Columbia (Argentina) A6024,DAHR+PDF
Pedro Maffia,Orquesta Tipica Maffia,1931,Rosas blancas,,Ranchera,Instrumental,Columbia,Columbia (Argentina) A6026 / Columbia 4715-X,,Victorio Pontino,,,,,,,,W370531,Columbia (Argentina) A6026 / Columbia 4715-X,DAHR+PDF
Pedro Maffia,Orquesta Tipica Maffia,1931,Rancherita de mi amor,,Ranchera,Francisco Fiorentino,Columbia,Columbia (Argentina) A6030,,Alejandro Scarpino-J. Fernandez Perrusini,,,,,,,,W370580,Columbia (Argentina) A6030,DAHR+PDF+TodoTango
Pedro Maffia,Orquesta Tipica Maffia,1930,El matrero,,Ranchera,Instrumental,Brunswick,Brunswick 41336,,Richard Russo,,,,,,,,BA783,Brunswick 41336,DAHR+PDF+TodoTango
Pedro Maffia,Orquesta Tipica Maffia,1930,Los ceibos del Parana,,Zamba,Luis Diaz,Brunswick,Brunswick 41365,Ricardo Arancibia Rodríguez,Ricardo Arancibia Rodriguez,,,,,,,,BA792,Brunswick 41365,DAHR+PDF+TodoTango
Pedro Maffia,Orquesta Tipica Maffia,1930,A la Voz de Aura,,Ranchera,Instrumental,Brunswick,1422-B,,Benito Varela,,,,,,,,633,1422-B,PDF+TodoTango
Pedro Maffia,Maffia-De Franco,7/20/1927,Amurado,,Tango,Instrumental,Odeon,6885-B,,Pedro Maffia-Pedro Laurenz-Jose de Grandis,,,,,,,,1049 e,6885-B,PDF+TodoTango
Pedro Maffia,Orquesta Tipica Maffia,1930,Aquella Flor,,Zamba,Luis Diaz,Brunswick,1427-A,,Juan F. Bauer-Carlos Cesar Lenzi,,,,,,,,787,1427-A,PDF+TodoTango
Pedro Maffia,Orquesta Tipica Maffia,1929,Carbonada,,Ranchera,Luis Diaz,Brunswick,1409-B,,Pascual Clausi-Juan Bautista Abad Reyes,,,,,,,,291,1409-B,PDF+TodoTango
Pedro Maffia,Maffia-De Franco,11/15/1927,Cotorrita de la Suerte,,Tango,Instrumental,Odeon,6886-B,,Alfredo de Franco-Jose Pedro de Grandis,,,,,,,,1749 e,6886-B,PDF+TodoTango
Pedro Maffia,Orquesta Tipica Maffia,7/15/1934,De tu Casa a mi Casa,,Bailecito,Mariano Balcarce,Victor,37627-B,,Sebastian Piana-Homero Manzi,,,,,,,,,37627-B,PDF+TodoTango
Pedro Maffia,Orquesta Tipica Maffia,1930,De Vuelta al Pago,,Ranchera,Luis Diaz,Brunswick,1419-B,,Adolfo Rafael Aviles,,,,,,,,535,1419-B,PDF+TodoTango
Pedro Maffia,Maffia-Ortiz,12/30/1926,Del Barrio de las Latas,,Tango,Instrumental,Odeon,INEDITA,,Raul de los Hoyos-Emilio Fresedo,,,,,,,,262 e,INEDITA,PDF+TodoTango
Pedro Maffia,Maffia-De Franco,7/20/1927,Diablito,,Tango,Instrumental,Odeon,6885-A,,Pedro Maffia-.I. Aguilar-G. Martinelli Massa,,,,,,,,1048-1e,6885-A,PDF+TodoTango
Pedro Maffia,Orquesta Tipica Maffia,1930,La Mendocina,,Ranchera,Luis Diaz,Brunswick,1426-B,,Roberto Campos,,,,,,,,772,1426-B,PDF+TodoTango
Pedro Maffia,Orquesta Tipica Maffia,1930,Mi Suegra,,Ranchera,Carlos Vivan,Brunswick,1417-B,,Ernesto de la Cruz-Julio Guzzo-N. Trimani,,,,,,,,448,1417-B,PDF+TodoTango
Pedro Maffia,Orquesta Tipica Maffia,1930,No Llores Madre,,Vals,Instrumental,Columbia Negro,6012-A,,Francisco Lauro-Alfredo Faustino Roldan,,,,,,,,370???,6012-A,PDF+TodoTango
Pedro Maffia,Maffia-De Franco,11/15/1927,Noche de Reyes,,Tango,Instrumental,Odeon,6886-A ?,,Pedro Mario Maffia-Jorge Curi,,,,,,,,1750-1e,6886-A ?,PDF+TodoTango
Pedro Maffia,Pedro Mario Maffia,11/15/1927,Quimeras,,Tango,Instrumental,Odeon,INEDITA,,Pedro Mario Maffia,,,,,,,,S/Nº e,INEDITA,PDF+TodoTango
Pedro Maffia,Orquesta Tipica Maffia,1930,Tuito Jue Mentira,,Ranchera,Instrumental,Brunswick,1415-B,,Florentino Ottaviano,,,,,,,,449,1415-B,PDF+TodoTango
