LP_Folder,LP_Catalog,LP_Title,Side,Track_No,Track_Title,Track_Year,Match_Status,Disc_Date,Disc_Title,Disc_AltTitle,Singer,Master,Matrix,Note,Kind
Armenonville,AVL-3989,Armenonville,A,1,Retintín,1969,matched,1969-10-20,Retintín,,Instrumental,Tape-S,9566,,LP
Armenonville,AVL-3989,Armenonville,A,2,Dulce Novia,1969,matched,1969-08-01,Dulce Novia,,Osvaldo Ramos,Tape-S,9175,,LP
Armenonville,AVL-3989,Armenonville,A,3,Catamarca,1969,matched,1969-10-20,Catamarca,Estocada a Fondo,Instrumental,Tape-S,9565,,LP
Armenonville,AVL-3989,Armenonville,A,4,Requiem Para Una Luca,1970,matched,1970-08-13,Réquiem Para una Luca,,Armando Laborde,Tape-S,10502,,LP
Armenonville,AVL-3989,Armenonville,A,5,Armenonville,1970,matched,1970-08-21,Armenonville,,Instrumental,Tape-S,10516,,LP
Armenonville,AVL-3989,Armenonville,B,1,Falso,1969,matched,1969-10-20,Falso,,Osvaldo Ramos,Tape-S,9571,,LP
Armenonville,AVL-3989,Armenonville,B,2,Porteñísimo,1970,matched_variant,1970-08-13,Porteñismo,,Instrumental,Tape-S,10500,fuzzy 0.95 of 'Porteñismo',LP
Armenonville,AVL-3989,Armenonville,B,3,Dos Dedos,1970,matched,1970-09-15,Dos Dedos,,Alberto Echagüe,Tape-S,10555,,LP
Armenonville,AVL-3989,Armenonville,B,4,Recuerdo La Casa,1970,matched_variant,1970-08-13,Recuerdo de la Casa,,Osvaldo Ramos,Tape-S,10503,fuzzy 0.91 of 'Recuerdo de la Casa',LP
Armenonville,AVL-3989,Armenonville,B,5,El Pimpollo,1969,matched,1969-10-20,El Pimpollo,,Armando Laborde,Tape-S,9576,,LP
Armenonville,AVL-3989,Armenonville,B,6,El Africano,1969,matched,1969-08-01,El Africano,,Instrumental,Tape-S,9179,,LP
Armenonville,AVL-3989,Armenonville,B,7,Senda Florida,1970,matched,1970-08-21,Senda Florida,,Osvaldo Ramos,Tape-S,10518,,LP
Bailarin Compadrito,AVS-4579,Bailarin Compadrito,A,1,Rio Bamba,1975,matched,1975-01-30,Rio Bamba,,Instrumental,Tape-S,16815,,LP
Bailarin Compadrito,AVS-4579,Bailarin Compadrito,A,2,Bailarín Compadrito,1973,matched,1973-12-14,Bailarín Compadrito,,Armando Laborde,Tape-S,15316,,LP
Bailarin Compadrito,AVS-4579,Bailarin Compadrito,A,3,Para Vos Querida Pebeta,1975,matched_variant,1975-01-30,Para Vos Mi Querida Pebeta,,Osvaldo Ramos,Tape-S,16808,fuzzy 0.94 of 'Para Vos Mi Querida Pebeta',LP
Bailarin Compadrito,AVS-4579,Bailarin Compadrito,A,4,El 13,1969,matched,1969-10-20,El Trece,El 13,Instrumental,Tape-S,9569,,LP
Bailarin Compadrito,AVS-4579,Bailarin Compadrito,A,5,Tremolina,1970,matched,1970-12-16,Tremolina,,Instrumental,Tape-S,11127,,LP
Bailarin Compadrito,AVS-4579,Bailarin Compadrito,A,6,Tuve Que Llorar,1970,matched,1970-12-16,Tuve Que Llorar,,Osvaldo Ramos,Tape-S,11130,,LP
Bailarin Compadrito,AVS-4579,Bailarin Compadrito,B,1,Tengo Miedo,1970,matched,1970-09-15,Tengo Miedo,,Alberto Echagüe,Tape-S,10550,,LP
Bailarin Compadrito,AVS-4579,Bailarin Compadrito,B,2,Siempre Primero,1970,matched,1970-12-16,Siempre Primero,,Instrumental,Tape-S,11134,,LP
Bailarin Compadrito,AVS-4579,Bailarin Compadrito,B,3,El Látigo,1970,matched,1970-09-15,El Látigo,,Instrumental,Tape-S,,,LP
Bailarin Compadrito,AVS-4579,Bailarin Compadrito,B,4,Madame Julie,1971,matched,1971-11-26,Madame Julié,,Armando Laborde,Tape-S,12243,,LP
Bailarin Compadrito,AVS-4579,Bailarin Compadrito,B,5,Ay Aurora,1973,matched,1973-12-14,Ay Aurora,,Alberto Echagüe,Tape-S,15318,,LP
Bailarin Compadrito,AVS-4579,Bailarin Compadrito,B,6,Mimí Pinsón,1973,matched,1973-12-14,Mimí Pinsón,,Osvaldo Ramos,Tape-S,15319,,LP
Bailate un Tango Ricardo,AVL-3730,"Bailate un Tango Ricardo, Ricardo",A,1,"Bailate Un Tango, Ricardo",1966,matched,1966-11-10,Bailate un Tango Ricardo,,Osvaldo Ramos,Tape-S,6500,,LP
Bailate un Tango Ricardo,AVL-3730,"Bailate un Tango Ricardo, Ricardo",A,2,Me Diste Un Beso,1966,matched,1966-11-22,Me Diste un Beso,,Osvaldo Ramos,Tape-S,6665,,LP
Bailate un Tango Ricardo,AVL-3730,"Bailate un Tango Ricardo, Ricardo",A,3,Al Gran Maestro D'Arienzo,1966,matched,1966-11-17,Al Gran Maestro D'Arienzo,,Instrumental,Tape-S,6521,,LP
Bailate un Tango Ricardo,AVL-3730,"Bailate un Tango Ricardo, Ricardo",A,4,Un Trabajo Flor Y Flor,1966,matched,1966-11-10,Un Trabajo Flor y Flor,,Armando Laborde,Tape-S,6497,,LP
Bailate un Tango Ricardo,AVL-3730,"Bailate un Tango Ricardo, Ricardo",A,5,Argañaráz,1966,matched,1966-11-10,Argañaraz,Aquellas Farras,Armando Laborde,Tape-S,6499,,LP
Bailate un Tango Ricardo,AVL-3730,"Bailate un Tango Ricardo, Ricardo",A,6,Virgen De La Serrania,1966,matched,1966-11-17,Virgen de la Serranía,,Ramos y Laborde,Tape-S,6519,,LP
Bailate un Tango Ricardo,AVL-3730,"Bailate un Tango Ricardo, Ricardo",B,1,Para Siempre,1966,matched,1966-11-10,Para Siempre,,Osvaldo Ramos,Tape-S,6492,,LP
Bailate un Tango Ricardo,AVL-3730,"Bailate un Tango Ricardo, Ricardo",B,2,Presente Barra Querida,1966,matched,1966-11-10,Presente Barra Querida,,Osvaldo Ramos,Tape-S,6498,,LP
Bailate un Tango Ricardo,AVL-3730,"Bailate un Tango Ricardo, Ricardo",B,3,Amor De Fortinera,1966,matched,1966-11-17,Amor de Fortinera,,Ramos y Laborde,Tape-S,6516,,LP
Bailate un Tango Ricardo,AVL-3730,"Bailate un Tango Ricardo, Ricardo",B,4,Arrorro Nené,1966,matched_variant,1966-11-17,Arroró Nene,,Armando Laborde,Tape-S,6517,fuzzy 0.96 of 'Arroró Nene',LP
Bailate un Tango Ricardo,AVL-3730,"Bailate un Tango Ricardo, Ricardo",B,5,"Azul, Siempre Azul",1966,matched,1966-11-17,Azul Siempre Azul,,Osvaldo Ramos,Tape-S,6518,,LP
Bailate un Tango Ricardo,AVL-3730,"Bailate un Tango Ricardo, Ricardo",B,6,Orlando Goñi,1966,matched,1966-11-17,Orlando Goñi,,Instrumental,Tape-S,6520,,LP
Barrio Reo,AVL/AVS-3854,Barrio Reo,A,1,El Opio,1967,matched,1967-11-14,El Opio,,Instrumental,Tape-S,7525,,LP
Barrio Reo,AVL/AVS-3854,Barrio Reo,A,2,"Portero, Suba Y Díga",1967,matched,1967-11-28,Portero Suba y Diga,,Armando Laborde,Tape-S,7544,,LP
Barrio Reo,AVL/AVS-3854,Barrio Reo,A,3,C.T.V.,1967,matched_variant,1967-11-28,Ctv,,Instrumental,Tape-S,,variant of 'Ctv',LP
Barrio Reo,AVL/AVS-3854,Barrio Reo,A,4,Cuéntame Tu Pena,1967,matched,1967-11-14,Cuéntame Tu Pena,,Osvaldo Ramos,Tape-S,7527,,LP
Barrio Reo,AVL/AVS-3854,Barrio Reo,A,5,Milagro De Tango,1967,matched,1967-11-14,Milagro de Tango,,Armando Laborde,Tape-S,7528,,LP
Barrio Reo,AVL/AVS-3854,Barrio Reo,A,6,La Trilla,1967,matched,1967-11-14,La Trilla,,Instrumental,Tape-S,7531,,LP
Barrio Reo,AVL/AVS-3854,Barrio Reo,B,1,Barrio Reo,1967,matched,1967-11-14,Barrio Reo,,Armando Laborde,Tape-S,7526,,LP
Barrio Reo,AVL/AVS-3854,Barrio Reo,B,2,Canaro en París,1967,matched,1967-11-28,Canaro en París,,Instrumental,Tape-S,7542,,LP
Barrio Reo,AVL/AVS-3854,Barrio Reo,B,3,La Mariposa,1967,matched,1967-11-14,La Mariposa,,Osvaldo Ramos,Tape-S,,,LP
Barrio Reo,AVL/AVS-3854,Barrio Reo,B,4,Tinta Verde,1967,matched,1967-11-14,Tinta Verde,,Instrumental,Tape-S,7532,,LP
Barrio Reo,AVL/AVS-3854,Barrio Reo,B,5,Me Vio Tu Barrio,1967,matched,1967-11-14,Me Vio Tu Barrio,,Osvaldo Ramos,Tape-S,7529,,LP
Barrio Reo,AVL/AVS-3854,Barrio Reo,B,6,Adiós Bardi,1967,matched,1967-11-14,Adiós Bardi,,Instrumental,Tape-S,7530,,LP
Che Timbero,AVL-3688,Che Timbero,A,1,Che Timbero,1965,matched,1965-09-27,Che Timbero,,Armando Laborde,Tape-S,5376,,LP
Che Timbero,AVL-3688,Che Timbero,A,2,"Nada, Nada Más Que Amor",1965,matched,1965-11-18,Nada Nada Más Que Amor,,Osvaldo Ramos,Tape-S,5478,,LP
Che Timbero,AVL-3688,Che Timbero,A,3,La Mimada,1965,matched,1965-09-27,La Mimada,,Ramos y Laborde,Tape-S,5377,,LP
Che Timbero,AVL-3688,Che Timbero,A,4,Calla,1965,matched,1965-10-14,Calla,,Armando Laborde,Tape-S,5395,,LP
Che Timbero,AVL-3688,Che Timbero,A,5,Desconocidos,1965,matched,1965-09-02,Desconocidos,,Osvaldo Ramos,Tape-S,5325,,LP
Che Timbero,AVL-3688,Che Timbero,A,6,Formidable,1962,matched,1962-09-10,Formidable,,Instrumental,Tape,3454,,LP
Che Timbero,AVL-3688,Che Timbero,B,1,Tucumán,1950,matched,1950-09-28,Tucumán,,Instrumental,Micro,BAVE-093890,,LP
Che Timbero,AVL-3688,Che Timbero,B,2,Ya Lo Ves,1964,matched,1964-11-18,Ya Lo Ves,,Armando Laborde,Tape-S,4663,,LP
Che Timbero,AVL-3688,Che Timbero,B,3,Suerte Loca,1964,matched,1964-10-09,Suerte Loca,,Armando Laborde,Tape-S,4561,,LP
Che Timbero,AVL-3688,Che Timbero,B,4,Solo Un Renglón,1965,matched,1965-09-27,Sólo un Renglón,,Osvaldo Ramos,Tape-S,5375,,LP
Che Timbero,AVL-3688,Che Timbero,B,5,Julieta y Romeo,1965,matched,1965-09-02,Julieta y Romeo,,Armando Laborde,Tape-S,,,LP
Che Timbero,AVL-3688,Che Timbero,B,6,Junto A Mi China,1965,matched,1965-09-27,Junto a Mi China,,Ramos y Laborde,Tape-S,5378,,LP
Con Alma y Nervio,AVS-4099,Con Alma y Nervio,A,1,El Arroyito,1970,matched,1970-12-16,El Arroyito,,Instrumental,Tape-S,11128,,LP
Con Alma y Nervio,AVS-4099,Con Alma y Nervio,A,2,El Carrerito,1970,matched,1970-12-16,El Carrerito,,Osvaldo Ramos,Tape-S,11136,,LP
Con Alma y Nervio,AVS-4099,Con Alma y Nervio,A,3,Elegante Papirusa,1970,matched,1970-12-16,Elegante Papirusa,,Instrumental,Tape-S,11135,,LP
Con Alma y Nervio,AVS-4099,Con Alma y Nervio,A,4,Sin Dobleces,1971,matched,1971-11-26,Sin Dobleces,,Armando Laborde,Tape-S,12239,,LP
Con Alma y Nervio,AVS-4099,Con Alma y Nervio,A,5,Zapatitos De Raso,1970,matched,1970-10-29,Zapatitos de Raso,,Ramos y Laborde,Tape-S,10855,,LP
Con Alma y Nervio,AVS-4099,Con Alma y Nervio,A,6,La Biyarda,1971,matched,1971-11-26,La Biyarda,,Instrumental,Tape-S,12198,,LP
Con Alma y Nervio,AVS-4099,Con Alma y Nervio,B,1,El Taura,1970,matched,1970-08-21,El Taura,,Instrumental,Tape-S,10515,,LP
Con Alma y Nervio,AVS-4099,Con Alma y Nervio,B,2,Con Alma Y Nervio,1970,matched,1970-12-16,Con Alma y Nervio,,Armando Laborde,Tape-S,11132,,LP
Con Alma y Nervio,AVS-4099,Con Alma y Nervio,B,3,La Cautiva,1970,matched,1970-08-21,La Cautiva,,Instrumental,Tape-S,10517,,LP
Con Alma y Nervio,AVS-4099,Con Alma y Nervio,B,4,Paciencia,1970,matched,1970-12-16,Paciencia,,Alberto Echagüe,Tape-S,11133,,LP
Con Alma y Nervio,AVS-4099,Con Alma y Nervio,B,5,Un Lamento,1969,matched,1969-10-20,Un Lamento,,Instrumental,Tape-S,9567,,LP
Con Alma y Nervio,AVS-4099,Con Alma y Nervio,B,6,De Corte Arrabalero,1971,matched,1971-11-26,De Corte Arrabalero,,Instrumental,Tape-S,12200,,LP
Con tu Compas,AVL-3883,Con Tu Compás,A,1,Mariposita,1969,matched,1969-09-18,Mariposita,,Instrumental,Tape-S,9486,,LP
Con tu Compas,AVL-3883,Con Tu Compás,A,2,Solo Tuya,1969,matched,1969-08-12,Sólo Tuya,,Osvaldo Ramos,Tape-S,9443,,LP
Con tu Compas,AVL-3883,Con Tu Compás,A,3,El Incendio,1969,matched,1969-09-18,El Incendio,,Instrumental,Tape-S,9490,,LP
Con tu Compas,AVL-3883,Con Tu Compás,A,4,Con Tu Compás,1969,matched,1969-08-01,Con Tu Compás,,Armando Laborde,Tape-S,9173,,LP
Con tu Compas,AVL-3883,Con Tu Compás,A,5,El Jaguar,1969,matched,1969-09-18,El Jaguar,,Instrumental,Tape-S,9489,,LP
Con tu Compas,AVL-3883,Con Tu Compás,A,6,Gotas De Veneno,1969,matched,1969-08-12,Gotas de Veneno,,Armando Laborde,Tape-S,9442,,LP
Con tu Compas,AVL-3883,Con Tu Compás,B,1,El Arranque,1969,matched,1969-09-18,El Arranque,,Instrumental,Tape-S,9488,,LP
Con tu Compas,AVL-3883,Con Tu Compás,B,2,Aquel Abril,1969,matched,1969-08-01,Aquel Abril,,Osvaldo Ramos,Tape-S,9178,,LP
Con tu Compas,AVL-3883,Con Tu Compás,B,3,Las Cuarenta,1969,matched,1969-08-01,Las Cuarenta,,Alberto Echagüe,Tape-S,9176,,LP
Con tu Compas,AVL-3883,Con Tu Compás,B,4,Sin Ti,1969,matched,1969-08-01,Sin Ti,,Osvaldo Ramos,Tape-S,9172,,LP
Con tu Compas,AVL-3883,Con Tu Compás,B,5,Pregonera,1969,matched,1969-09-18,Pregonera,,Ramos y Laborde,Tape-S,9496,,LP
Con tu Compas,AVL-3883,Con Tu Compás,B,6,La Chiflada,1969,matched,1969-09-18,La Chiflada,El Silbido,Instrumental,Tape-S,9492,,LP
Cumpleanos de Mi Esposa,AVL-3537,Cumpleaños de mi Esposa,A,1,Cumpleaños de mi Esposa,1963,matched,1963-08-01,Cumpleaños de Mi Esposa,,Jorge Valdez,Tape-S,3943,,LP
Cumpleanos de Mi Esposa,AVL-3537,Cumpleaños de mi Esposa,A,2,Del Tiempo De La Morocha,1962,matched,1962-09-12,Del Tiempo de la Morocha,,Horacio Palma,Tape,3465,,LP
Cumpleanos de Mi Esposa,AVL-3537,Cumpleaños de mi Esposa,A,3,El Tigre De Almagro,1962,matched,1962-10-10,El Tigre de Almagro,,Horacio Palma,Tape-S,3534,,LP
Cumpleanos de Mi Esposa,AVL-3537,Cumpleaños de mi Esposa,A,4,La Paparruchita,1962,matched,1962-09-06,La Paparruchita,,Instrumental,Tape,3446,,LP
Cumpleanos de Mi Esposa,AVL-3537,Cumpleaños de mi Esposa,A,5,Déjame Con Mis Centavos,1962,matched,1962-09-10,Déjame con Mis Centavos,,Jorge Valdez,Tape,3453,,LP
Cumpleanos de Mi Esposa,AVL-3537,Cumpleaños de mi Esposa,A,6,Caña,1964,matched,1964-06-30,Caña,,Armando Laborde,Tape,4396,,LP
Cumpleanos de Mi Esposa,AVL-3537,Cumpleaños de mi Esposa,B,1,Nada,1964,matched,1964-06-30,Nada,,Jorge Valdez,Tape,4394,,LP
Cumpleanos de Mi Esposa,AVL-3537,Cumpleaños de mi Esposa,B,2,Prometedora,1962,matched,1962-09-10,Prometedora,,Horacio Palma,Tape,3451,,LP
Cumpleanos de Mi Esposa,AVL-3537,Cumpleaños de mi Esposa,B,3,Yuyo Brujo,1964,matched,1964-06-30,Yuyo Brujo,,Armando Laborde,Tape,4397,,LP
Cumpleanos de Mi Esposa,AVL-3537,Cumpleaños de mi Esposa,B,4,Hola Ricurita,1962,matched,1962-11-13,Hola Ricurita,,Jorge Valdez,Tape-S,3583,,LP
Cumpleanos de Mi Esposa,AVL-3537,Cumpleaños de mi Esposa,B,5,Color Esperanza,1961,matched,1961-07-11,Color Esperanza,,Jorge Valdez,Tape,2507,,LP
Cumpleanos de Mi Esposa,AVL-3537,Cumpleaños de mi Esposa,B,6,Qué Falta Que Me Hacés,1964,matched,1964-06-30,Qué Falta Que Me Hacés,,Jorge Valdez,Tape,4395,,LP
DArienzo for Export Vol 1,AVL-3512,D'Arienzo For Export - Vol.1,A,1,La Cumparsita,1963,matched,1963-12-10,La Cumparsita,Si Supieras,Instrumental,Tape,4120,,LP
DArienzo for Export Vol 1,AVL-3512,D'Arienzo For Export - Vol.1,A,2,A Media Luz,1963,matched,1963-12-17,A Media Luz,,Instrumental,Tape,4131,,LP
DArienzo for Export Vol 1,AVL-3512,D'Arienzo For Export - Vol.1,A,3,La Catrera,1963,matched,1963-12-10,La Catrera,,Instrumental,Tape-S,4119,,LP
DArienzo for Export Vol 1,AVL-3512,D'Arienzo For Export - Vol.1,A,4,Felicia,1963,matched,1963-11-06,Felicia,,Instrumental,Tape-S,4059,,LP
DArienzo for Export Vol 1,AVL-3512,D'Arienzo For Export - Vol.1,A,5,El Choclo,1963,matched,1963-12-04,El Choclo,,Instrumental,Tape-S,4107,,LP
DArienzo for Export Vol 1,AVL-3512,D'Arienzo For Export - Vol.1,A,6,Derecho Viejo,1963,matched,1963-11-13,Derecho Viejo,,Instrumental,Tape-S,4071,,LP
DArienzo for Export Vol 1,AVL-3512,D'Arienzo For Export - Vol.1,B,1,La Puñalada,1963,matched,1963-12-10,La Puñalada,,Instrumental,Tape,4118,,LP
DArienzo for Export Vol 1,AVL-3512,D'Arienzo For Export - Vol.1,B,2,El Irresistible,1963,matched,1963-11-13,El Irresistible,,Instrumental,Tape-S,4069,,LP
DArienzo for Export Vol 1,AVL-3512,D'Arienzo For Export - Vol.1,B,3,El Entrerriano,1963,matched,1963-12-04,El Entrerriano,,Instrumental,Tape-S,4108,,LP
DArienzo for Export Vol 1,AVL-3512,D'Arienzo For Export - Vol.1,B,4,Pimienta,1963,matched,1963-12-17,Pimienta,,Instrumental,Tape,4129,,LP
DArienzo for Export Vol 1,AVL-3512,D'Arienzo For Export - Vol.1,B,5,La Morocha,1963,matched,1963-11-13,La Morocha,,Instrumental,Tape-S,4070,,LP
DArienzo for Export Vol 1,AVL-3512,D'Arienzo For Export - Vol.1,B,6,A La Gran Muñeca,1963,matched,1963-12-17,A la Gran Muñeca,,Instrumental,Tape,4130,,LP
DArienzo for Export Vol 2,AVL/AVS-3705,D'Arienzo For Export - Vol.2,A,1,Pura Trampa,1966,matched,1966-08-03,Pura Trampa,,Instrumental,Tape-S,6166,,LP
DArienzo for Export Vol 2,AVL/AVS-3705,D'Arienzo For Export - Vol.2,A,2,La Payanca,1966,matched,1966-07-25,La Payanca,,Instrumental,Tape-S,6144,,LP
DArienzo for Export Vol 2,AVL/AVS-3705,D'Arienzo For Export - Vol.2,A,3,"Vea, Vea",1966,matched,1966-07-25,Vea Vea,,Instrumental,Tape-S,6147,,LP
DArienzo for Export Vol 2,AVL/AVS-3705,D'Arienzo For Export - Vol.2,A,4,Nueve de Julio,1966,matched,1966-08-03,Nueve de Julio,9 de Julio,Instrumental,Tape-S,6165,,LP
DArienzo for Export Vol 2,AVL/AVS-3705,D'Arienzo For Export - Vol.2,A,5,De Mi Flor,1966,matched,1966-08-03,De Mi Flor,,Instrumental,Tape-S,6164,,LP
DArienzo for Export Vol 2,AVL/AVS-3705,D'Arienzo For Export - Vol.2,A,6,Entre Dos Fuegos,1966,matched,1966-07-25,Entre Dos Fuegos,,Instrumental,Tape-S,6148,,LP
DArienzo for Export Vol 2,AVL/AVS-3705,D'Arienzo For Export - Vol.2,B,1,El Once,1966,matched,1966-08-03,El Once,,Instrumental,Tape-S,6167,,LP
DArienzo for Export Vol 2,AVL/AVS-3705,D'Arienzo For Export - Vol.2,B,2,Hotel Victoria,1966,matched,1966-08-03,Hotel Victoria,,Instrumental,Tape-S,6168,,LP
DArienzo for Export Vol 2,AVL/AVS-3705,D'Arienzo For Export - Vol.2,B,3,Rodriguez Peña,1966,matched,1966-07-25,Rodríguez Peña,,Instrumental,Tape-S,6146,,LP
DArienzo for Export Vol 2,AVL/AVS-3705,D'Arienzo For Export - Vol.2,B,4,La Viruta,1966,matched,1966-07-25,La Viruta,,Instrumental,Tape-S,6145,,LP
DArienzo for Export Vol 2,AVL/AVS-3705,D'Arienzo For Export - Vol.2,B,5,Benguria,1966,matched,1966-08-03,Benguria,,Instrumental,Tape-S,6163,,LP
DArienzo for Export Vol 2,AVL/AVS-3705,D'Arienzo For Export - Vol.2,B,6,El Amanecer,1966,matched,1966-07-25,El Amanecer,,Instrumental,Tape-S,6143,,LP
DArienzo for Export Vol 3,AVL-3759,D'Arienzo For Export - Vol.3,A,1,Organito de la Tarde,1967,matched,1967-07-27,Organito de la Tarde,,Instrumental,Tape-S,6994,,LP
DArienzo for Export Vol 3,AVL-3759,D'Arienzo For Export - Vol.3,A,2,Qué Noche,1967,matched,1967-07-27,Qué Noche,,Instrumental,Tape-S,6995,,LP
DArienzo for Export Vol 3,AVL-3759,D'Arienzo For Export - Vol.3,A,3,Papas Calientes,1967,matched,1967-07-27,Papas Calientes,,Instrumental,Tape-S,6999,,LP
DArienzo for Export Vol 3,AVL-3759,D'Arienzo For Export - Vol.3,A,4,Inspiración,1967,matched,1967-07-27,Inspiración,,Instrumental,Tape-S,6996,,LP
DArienzo for Export Vol 3,AVL-3759,D'Arienzo For Export - Vol.3,A,5,La Clavada,1967,matched,1967-08-16,La Clavada,,Instrumental,Tape-S,7027,,LP
DArienzo for Export Vol 3,AVL-3759,D'Arienzo For Export - Vol.3,A,6,El Chupete,1967,matched,1967-07-27,El Chupete,,Instrumental,Tape-S,6998,,LP
DArienzo for Export Vol 3,AVL-3759,D'Arienzo For Export - Vol.3,B,1,Ahí Va El Dulce,1967,matched,1967-07-27,Ahí Va el Dulce,,Instrumental,Tape-S,6997,,LP
DArienzo for Export Vol 3,AVL-3759,D'Arienzo For Export - Vol.3,B,2,El Horizonte,1967,matched,1967-08-21,El Horizonte,,Instrumental,Tape-S,7195,,LP
DArienzo for Export Vol 3,AVL-3759,D'Arienzo For Export - Vol.3,B,3,La Guitarrita,1967,matched,1967-08-16,La Guitarrita,,Instrumental,Tape-S,7028,,LP
DArienzo for Export Vol 3,AVL-3759,D'Arienzo For Export - Vol.3,B,4,El Tamango,1967,matched,1967-08-16,El Tamango,,Instrumental,Tape-S,7026,,LP
DArienzo for Export Vol 3,AVL-3759,D'Arienzo For Export - Vol.3,B,5,Sollozos,1967,matched,1967-08-21,Sollozos,,Instrumental,Tape-S,7190,,LP
DArienzo for Export Vol 3,AVL-3759,D'Arienzo For Export - Vol.3,B,6,La Racha,1967,matched,1967-08-02,La Racha,,Instrumental,Tape-S,7012,,LP
DArienzo for Export Vol 4,AVS-4210,D'Arienzo For Export - Vol.4,A,1,La Guiñada,1973,matched,1973-12-14,La Guiñada,,Instrumental,Tape-S,15321,,LP
DArienzo for Export Vol 4,AVS-4210,D'Arienzo For Export - Vol.4,A,2,Bar Exposición,1973,matched,1973-12-14,Bar Exposición,Cosa Linda Barata,Instrumental,Tape-S,15314,,LP
DArienzo for Export Vol 4,AVS-4210,D'Arienzo For Export - Vol.4,A,3,Zorro Gris,1973,matched,1973-12-14,Zorro Gris,,Instrumental,Tape-S,15323,,LP
DArienzo for Export Vol 4,AVS-4210,D'Arienzo For Export - Vol.4,A,4,Milonga de Mis Amores,1970,matched,1970-12-16,Milonga de Mis Amores,,Instrumental,Tape-S,11126,,LP
DArienzo for Export Vol 4,AVS-4210,D'Arienzo For Export - Vol.4,A,5,Criolla Linda,1970,matched,1970-10-29,Criolla Linda,,Instrumental,Tape-S,10856,,LP
DArienzo for Export Vol 4,AVS-4210,D'Arienzo For Export - Vol.4,A,6,Gallo Ciego,1969,matched,1969-09-18,Gallo Ciego,,Instrumental,Tape-S,9494,,LP
DArienzo for Export Vol 4,AVS-4210,D'Arienzo For Export - Vol.4,B,1,El Pillete,1973,matched,1973-12-14,El Pillete,,Instrumental,Tape-S,15325,,LP
DArienzo for Export Vol 4,AVS-4210,D'Arienzo For Export - Vol.4,B,2,Viernes 13,1973,matched,1973-12-14,Viernes Trece,Viernes 13,Instrumental,Tape-S,15324,,LP
DArienzo for Export Vol 4,AVS-4210,D'Arienzo For Export - Vol.4,B,3,Primerísimo,1973,matched,1973-12-14,Primerísimo,,Instrumental,Tape-S,15315,,LP
DArienzo for Export Vol 4,AVS-4210,D'Arienzo For Export - Vol.4,B,4,Germaine,1969,matched,1969-10-20,Germaine,,Instrumental,Tape-S,9570,,LP
DArienzo for Export Vol 4,AVS-4210,D'Arienzo For Export - Vol.4,B,5,El Estagiario,1970,matched,1970-08-21,El Estagiario,,Instrumental,Tape-S,10514,,LP
DArienzo for Export Vol 4,AVS-4210,D'Arienzo For Export - Vol.4,B,6,Este Es El Rey,1971,matched,1971-11-26,Este Es el Rey,,Instrumental,Tape-S,12199,,LP
DArienzo Interpreta a Canaro,AVL-3603,Juan D'Arienzo Interpreta a Canaro,A,1,Nueve Puntos,1965,matched,1965-08-11,Nueve Puntos,,Instrumental,Tape-S,5268,,LP
DArienzo Interpreta a Canaro,AVL-3603,Juan D'Arienzo Interpreta a Canaro,A,2,Tiempos Viejos,1965,matched,1965-08-12,Tiempos Viejos,Te Acordás Hermano,Armando Laborde,Tape-S,5275,,LP
DArienzo Interpreta a Canaro,AVL-3603,Juan D'Arienzo Interpreta a Canaro,A,3,La Tablada,1965,matched,1965-08-11,La Tablada,,Instrumental,Tape-S,5269,,LP
DArienzo Interpreta a Canaro,AVL-3603,Juan D'Arienzo Interpreta a Canaro,A,4,El Internado,1965,matched,1965-08-27,El Internado,,Instrumental,Tape-S,5323,,LP
DArienzo Interpreta a Canaro,AVL-3603,Juan D'Arienzo Interpreta a Canaro,A,5,Yo No Sé Que Me Han Hecho Tus Ojos,1965,matched_variant,1965-08-12,Yo No Sé Qué Me Han Echo Tus Ojos,,Osvaldo Ramos,Tape-S,5274,fuzzy 0.99 of 'Yo No Sé Qué Me Han Echo Tus Ojos',LP
DArienzo Interpreta a Canaro,AVL-3603,Juan D'Arienzo Interpreta a Canaro,A,6,El Alacrán,1965,matched,1965-08-27,El Alacrán,,Instrumental,Tape-S,5322,,LP
DArienzo Interpreta a Canaro,AVL-3603,Juan D'Arienzo Interpreta a Canaro,B,1,Sentimiento Gaucho,1965,matched,1965-08-11,Sentimiento Gaucho,,Osvaldo Ramos,Tape-S,5270,,LP
DArienzo Interpreta a Canaro,AVL-3603,Juan D'Arienzo Interpreta a Canaro,B,2,El Triunfo,1965,matched,1965-08-12,El Triunfo,,Instrumental,Tape-S,5276,,LP
DArienzo Interpreta a Canaro,AVL-3603,Juan D'Arienzo Interpreta a Canaro,B,3,Se Acabaron Los Otarios,1965,matched,1965-08-27,Se Acabaron los Otarios,,Armando Laborde,Tape-S,5324,,LP
DArienzo Interpreta a Canaro,AVL-3603,Juan D'Arienzo Interpreta a Canaro,B,4,El Pollito,1965,matched,1965-08-11,El Pollito,,Instrumental,Tape-S,5271,,LP
DArienzo Interpreta a Canaro,AVL-3603,Juan D'Arienzo Interpreta a Canaro,B,5,El Chamuyo,1965,matched,1965-08-11,El Chamuyo,,Instrumental,Tape-S,5272,,LP
DArienzo Interpreta a Canaro,AVL-3603,Juan D'Arienzo Interpreta a Canaro,B,6,Charamusca,1965,matched,1965-08-11,Charamusca,,Instrumental,Tape-S,5273,,LP
DArienzo Interpreta a Lomuto,AVS-4308,D'Arienzo Interpreta a Francisco Lomuto,A,1,Mala Suerte,1974,matched,1974-12-11,Mala Suerte,,Alberto Echagüe,Tape-S,16791,,LP
DArienzo Interpreta a Lomuto,AVS-4308,D'Arienzo Interpreta a Francisco Lomuto,A,2,Sombras Nada Más,1974,matched,1974-12-11,Sombras Nada Más,,Osvaldo Ramos,Tape-S,16790,,LP
DArienzo Interpreta a Lomuto,AVS-4308,D'Arienzo Interpreta a Francisco Lomuto,A,3,Churrasca,1974,matched,1974-12-11,Churrasca,,Armando Laborde,Tape-S,16792,,LP
DArienzo Interpreta a Lomuto,AVS-4308,D'Arienzo Interpreta a Francisco Lomuto,A,4,Muñequita,1974,matched,1974-12-11,Muñequita,,Instrumental,Tape-S,16788,,LP
DArienzo Interpreta a Lomuto,AVS-4308,D'Arienzo Interpreta a Francisco Lomuto,A,5,Mis Amigos De Ayer,1974,matched,1974-12-11,Mis Amigos de Ayer,,Armando Laborde,Tape-S,16799,,LP
DArienzo Interpreta a Lomuto,AVS-4308,D'Arienzo Interpreta a Francisco Lomuto,A,6,Muchachita Del Campo,1974,matched,1974-12-11,Muchachita del Campo,,Osvaldo Ramos,Tape-S,16798,,LP
DArienzo Interpreta a Lomuto,AVS-4308,D'Arienzo Interpreta a Francisco Lomuto,B,1,La Rezongona,1974,matched,1974-12-11,La Rezongona,,Instrumental,Tape-S,16789,,LP
DArienzo Interpreta a Lomuto,AVS-4308,D'Arienzo Interpreta a Francisco Lomuto,B,2,Dímelo Al Oído,1974,matched,1974-12-11,Dímelo Al Oído,,Osvaldo Ramos,Tape-S,16795,,LP
DArienzo Interpreta a Lomuto,AVS-4308,D'Arienzo Interpreta a Francisco Lomuto,B,3,Nunca Más,1974,matched,1974-12-11,Nunca Más,,Alberto Echagüe,Tape-S,16796,,LP
DArienzo Interpreta a Lomuto,AVS-4308,D'Arienzo Interpreta a Francisco Lomuto,B,4,Tango Amigo,1974,matched,1974-12-11,Tango Amigo,,Armando Laborde,Tape-S,16797,,LP
DArienzo Interpreta a Lomuto,AVS-4308,D'Arienzo Interpreta a Francisco Lomuto,B,5,Cachadora,1974,matched,1974-12-11,Cachadora,,Alberto Echagüe,Tape-S,16794,,LP
DArienzo Interpreta a Lomuto,AVS-4308,D'Arienzo Interpreta a Francisco Lomuto,B,6,Si Dejaras De Quererme,1974,matched,1974-12-11,Si Dejaras de Quererme,,Ramos y Laborde,Tape-S,16793,,LP
El Bar de Rosendo,AVS-4154,El Bar de Rosendo,A,1,Re-Fa-Si,1972,matched,1972-12-14,Re Fa Si,,Instrumental,Tape-S,13686,,LP
El Bar de Rosendo,AVS-4154,El Bar de Rosendo,A,2,Mi Dolor,1972,matched,1972-12-14,Mi Dolor,,Osvaldo Ramos,Tape-S,13690,,LP
El Bar de Rosendo,AVS-4154,El Bar de Rosendo,A,3,Selección De Tangos,1972,matched,1972-12-14,Selección de Tangos,,Instrumental,Tape-S,13688,,LP
El Bar de Rosendo,AVS-4154,El Bar de Rosendo,A,4,Merecés Un Monumento,1972,matched,1972-12-14,Merecés un Monumento,,Echagüe y Laborde,Tape-S,13689,,LP
El Bar de Rosendo,AVS-4154,El Bar de Rosendo,A,5,Entre Sueños,1972,matched,1972-12-14,Entre Sueños,,Instrumental,Tape-S,13692,,LP
El Bar de Rosendo,AVS-4154,El Bar de Rosendo,A,6,Llámame Amor Mío,1972,matched,1972-12-14,Llámame Amor Mío,,Osvaldo Ramos,Tape-S,13696,,LP
El Bar de Rosendo,AVS-4154,El Bar de Rosendo,B,1,El Bar De Rosendo,1972,matched,1972-12-14,El Bar de Rosendo,,Osvaldo Ramos,Tape-S,13691,,LP
El Bar de Rosendo,AVS-4154,El Bar de Rosendo,B,2,Naciste Para El Tango,1972,matched_variant,1972-12-14,Nacistes Para el Tango,,Instrumental,Tape-S,13693,fuzzy 0.98 of 'Nacistes Para el Tango',LP
El Bar de Rosendo,AVS-4154,El Bar de Rosendo,B,3,Señor Del Compas,1972,matched,1972-12-14,Señor del Compas,,Osvaldo Ramos,Tape-S,13694,,LP
El Bar de Rosendo,AVS-4154,El Bar de Rosendo,B,4,Adiós Coco,1972,matched,1972-12-14,Adiós Coco,,Instrumental,Tape-S,13687,,LP
El Bar de Rosendo,AVS-4154,El Bar de Rosendo,B,5,Mi Vida Yo La Reviento,1972,matched,1972-12-14,Mi Vida Yo la Reviento,,Osvaldo Ramos,Tape-S,13695,,LP
El Bar de Rosendo,AVS-4154,El Bar de Rosendo,B,6,Y Porque No,1972,matched,1972-12-14,Y Porque No,,Instrumental,Tape-S,13697,,LP
Estampas de Antano,AVL-3556,Estampas de Antaño,A,1,Estampas de Antaño,1964,matched,1964-09-25,Estampas de Antaño,,Armando Laborde,Tape,4534,,LP
Estampas de Antano,AVL-3556,Estampas de Antaño,A,2,Y Cualquier Cantidad,1964,matched,1964-09-25,Y Cualquier Cantidad,,Armando Laborde,Tape,4536,,LP
Estampas de Antano,AVL-3556,Estampas de Antaño,A,3,Cada Vez Te Extraño Más,1964,matched,1964-10-09,Cada Vez Te Extraño Más,,Armando Laborde,Tape-S,4560,,LP
Estampas de Antano,AVL-3556,Estampas de Antaño,A,4,Se Prendió La Colorada,1964,matched,1964-10-02,Se Prendió la Colorada,,Valdez y Laborde,Tape-S,4551,,LP
Estampas de Antano,AVL-3556,Estampas de Antaño,A,5,Necesito Amor,1964,matched,1964-10-02,Necesito Amor,,Jorge Valdez,Tape-S,4550,,LP
Estampas de Antano,AVL-3556,Estampas de Antaño,A,6,Pura Trampa,1964,matched,1964-10-02,Pura Trampa,,Instrumental,Tape-S,4549,,LP
Estampas de Antano,AVL-3556,Estampas de Antaño,B,1,Remembranzas,1964,matched,1964-09-25,Remembranzas,,Jorge Valdez,Tape,4537,,LP
Estampas de Antano,AVL-3556,Estampas de Antaño,B,2,El Ultimo Café,1964,matched,1964-09-25,El Último Café,,Jorge Valdez,Tape,4535,,LP
Estampas de Antano,AVL-3556,Estampas de Antaño,B,3,Puro Cuento,1964,matched,1964-09-25,Puro Cuento,,Armando Laborde,Tape,4538,,LP
Estampas de Antano,AVL-3556,Estampas de Antaño,B,4,Quiero Verte Una Vez Más,1964,matched,1964-09-25,Quiero Verte una Vez Más,Viejo Gaucho,Jorge Valdez,Tape,4539,,LP
Estampas de Antano,AVL-3556,Estampas de Antaño,B,5,El Vino Triste,1960,matched,1960-06-27,El Vino Triste,,Horacio Palma,Tape,1798,,LP
Estampas de Antano,AVL-3556,Estampas de Antaño,B,6,Tambor Moreno,1964,matched,1964-10-02,Tambor Moreno,,Valdez y Laborde,Tape-S,4548,,LP
Juan de Dios Filiberto,AVL-3494,Juan D'Arienzo Interpreta a Juan de Dios Filiberto,A,1,Malevaje,1963,matched,1963-05-30,Malevaje,,Horacio Palma,Tape-S,3858,,LP
Juan de Dios Filiberto,AVL-3494,Juan D'Arienzo Interpreta a Juan de Dios Filiberto,A,2,Clavel del Aire,1963,matched,1963-06-10,Clavel del Aire,,Jorge Valdez,Tape-S,3878,,LP
Juan de Dios Filiberto,AVL-3494,Juan D'Arienzo Interpreta a Juan de Dios Filiberto,A,3,Ladrillo,1963,matched,1963-09-16,Ladrillo,,Héctor Millán,Tape-S,3981,,LP
Juan de Dios Filiberto,AVL-3494,Juan D'Arienzo Interpreta a Juan de Dios Filiberto,A,4,El Pañuelito,1963,matched,1963-08-26,El Pañuelito,,Valdez y Millán,Tape-S,3964,,LP
Juan de Dios Filiberto,AVL-3494,Juan D'Arienzo Interpreta a Juan de Dios Filiberto,A,5,Amigazo,1963,matched,1963-08-01,Amigazo,,Horacio Palma,Tape-S,3940,,LP
Juan de Dios Filiberto,AVL-3494,Juan D'Arienzo Interpreta a Juan de Dios Filiberto,A,6,Compañero,1963,matched,1963-09-09,Compañero,,Héctor Millán,Tape-S,3973,,LP
Juan de Dios Filiberto,AVL-3494,Juan D'Arienzo Interpreta a Juan de Dios Filiberto,B,1,Cuando Llora la Milonga,1963,matched,1963-08-01,Cuando Llora la Milonga,,Héctor Millán,Tape-S,3941,,LP
Juan de Dios Filiberto,AVL-3494,Juan D'Arienzo Interpreta a Juan de Dios Filiberto,B,2,Caminito,1963,matched,1963-06-10,Caminito,,Jorge Valdez,Tape-S,3879,,LP
Juan de Dios Filiberto,AVL-3494,Juan D'Arienzo Interpreta a Juan de Dios Filiberto,B,3,Langosta,1963,matched,1963-08-15,Langosta,,Horacio Palma,Tape-S,3954,,LP
Juan de Dios Filiberto,AVL-3494,Juan D'Arienzo Interpreta a Juan de Dios Filiberto,B,4,Yo Te Bendigo,1963,matched,1963-08-01,Yo Te Bendigo,,Héctor Millán,Tape-S,3942,,LP
Juan de Dios Filiberto,AVL-3494,Juan D'Arienzo Interpreta a Juan de Dios Filiberto,B,5,Quejas de Bandoneón,1963,matched,1963-09-02,Quejas de Bandoneón,,Instrumental,Tape-S,3970,,LP
Juan de Dios Filiberto,AVL-3494,Juan D'Arienzo Interpreta a Juan de Dios Filiberto,B,6,La Canción,1963,matched,1963-08-08,La Canción,Flor de Mburucuyá,Jorge Valdez,Tape-S,3948,,LP
Mi Japon,AVL-3819,Mi Japón,A,1,El Oriental,1968,matched,1968-08-27,El Oriental,,Instrumental,Tape-S,8272,,LP
Mi Japon,AVL-3819,Mi Japón,A,2,Porqué Porqué Mi Dios,1968,matched_variant,1968-08-27,Por Qué Por Qué Mi Dios,,Osvaldo Ramos,Tape-S,8231,variant of 'Por Qué Por Qué Mi Dios',LP
Mi Japon,AVL-3819,Mi Japón,A,3,No Te Hagas La Lechuguita,1968,matched,1968-08-27,No Te Hagás la Lechuguita,,Armando Laborde,Tape-S,8233,,LP
Mi Japon,AVL-3819,Mi Japón,A,4,Si Pido Más Me Paso,1968,matched,1968-08-27,Si Pido Más Me Paso,,Alberto Echagüe,Tape-S,8236,,LP
Mi Japon,AVL-3819,Mi Japón,A,5,Viejo Lobo,1968,matched,1968-09-06,Viejo Lobo,,Osvaldo Ramos,Tape-S,8288,,LP
Mi Japon,AVL-3819,Mi Japón,A,6,A La D'Arienzo,1968,matched,1968-09-13,A la D'Arienzo,,Instrumental,Tape-S,8298,,LP
Mi Japon,AVL-3819,Mi Japón,B,1,Mi Japón,1968,matched,1968-08-27,Mi Japón,,Alberto Echagüe,Tape-S,8232,,LP
Mi Japon,AVL-3819,Mi Japón,B,2,Siguiendo El Compás,1968,matched,1968-09-13,Siguiendo el Compas,,Instrumental,Tape-S,8297,,LP
Mi Japon,AVL-3819,Mi Japón,B,3,La Pista Esta Que Arde,1968,matched,1968-08-27,La Pista Esta Que Arde,,Armando Laborde,Tape-S,8234,,LP
Mi Japon,AVL-3819,Mi Japón,B,4,Padre Mío,1968,matched,1968-09-06,Padre Mio,,Osvaldo Ramos,Tape-S,8289,,LP
Mi Japon,AVL-3819,Mi Japón,B,5,A Mi Vieja,1968,matched,1968-08-27,A Mi Vieja,,Armando Laborde,Tape-S,8271,,LP
Mi Japon,AVL-3819,Mi Japón,B,6,Gardenias,1968,matched,1968-08-27,Gardenias,,Osvaldo Ramos,Tape-S,8235,,LP
Mi Noche Triste,AVL-3634,Mi Noche Triste,A,1,El Tren De Las Ocho,1965,matched,1965-10-14,El Tren De Las Ocho,,Osvaldo Ramos,Tape-S,5396,,LP
Mi Noche Triste,AVL-3634,Mi Noche Triste,A,2,Solamente Por Amor,1965,matched,1965-10-14,Solamente Por Amor,,Osvaldo Ramos,Tape-S,5394,,LP
Mi Noche Triste,AVL-3634,Mi Noche Triste,A,3,De Puro Curda,1965,matched,1965-10-14,De Puro Curda,,Armando Laborde,Tape-S,5392,,LP
Mi Noche Triste,AVL-3634,Mi Noche Triste,A,4,Solo Tu Voz,1965,matched,1965-11-19,Sólo Tu Voz,,Osvaldo Ramos,Tape-S,5474,,LP
Mi Noche Triste,AVL-3634,Mi Noche Triste,A,5,Cuanto Te Extraño Vida Mía,1965,matched,1965-11-18,Cuanto Te Extraño Vida Mía,,Osvaldo Ramos,Tape-S,5476,,LP
Mi Noche Triste,AVL-3634,Mi Noche Triste,A,6,Amor de Verano,1964,matched,1964-11-18,Amor de Verano,,Jorge Valdez,Tape-S,4664,,LP
Mi Noche Triste,AVL-3634,Mi Noche Triste,B,1,Mi Noche Triste,1965,matched,1965-11-18,Mi Noche Triste,,Armando Laborde,Tape-S,5479,,LP
Mi Noche Triste,AVL-3634,Mi Noche Triste,B,2,Dandy,1965,matched,1965-10-14,Dandy,,Osvaldo Ramos,Tape-S,5391,,LP
Mi Noche Triste,AVL-3634,Mi Noche Triste,B,3,Día De Tango,1965,matched,1965-11-18,Día de Tango,,Armando Laborde,Tape-S,5475,,LP
Mi Noche Triste,AVL-3634,Mi Noche Triste,B,4,Camino Sin Final,1965,matched,1965-10-14,Camino Sin Final,,Osvaldo Ramos,Tape-S,5393,,LP
Mi Noche Triste,AVL-3634,Mi Noche Triste,B,5,El Que Atrasó El Reloj,1965,matched,1965-11-18,El Que Atrasó el Reloj,,Armando Laborde,Tape-S,5477,,LP
Mi Noche Triste,AVL-3634,Mi Noche Triste,B,6,No Nos Veremos Más,1963,matched,1963-09-02,No Nos Veremos Más,,Jorge Valdez,Tape-S,3971,,LP
Sacale Chispas,AVL-4047,Sacale Chispas,A,1,La Torcacita,1971,matched,1971-09-16,La Torcacita,,Instrumental,Tape-S,11860,,LP
Sacale Chispas,AVL-4047,Sacale Chispas,A,2,Sacale Chispas,1971,matched,1971-09-16,Sacale Chispas,,Instrumental,Tape-S,11859,,LP
Sacale Chispas,AVL-4047,Sacale Chispas,A,3,Estoy Pagando La Culpa,1971,matched,1971-09-16,Estoy Pagando la Culpa,,Osvaldo Ramos,Tape-S,11862,,LP
Sacale Chispas,AVL-4047,Sacale Chispas,A,4,La Cara De La Luna,1971,matched,1971-09-30,La Cara de la Luna,,Instrumental,Tape-S,11876,,LP
Sacale Chispas,AVL-4047,Sacale Chispas,A,5,Sisebuta,1971,matched,1971-09-30,Sisebuta,Mi Querida Sisebuta,Alberto Echagüe,Tape-S,11880,,LP
Sacale Chispas,AVL-4047,Sacale Chispas,A,6,Rezongón,1971,matched,1971-09-30,Rezongón,,Armando Laborde,Tape-S,11877,,LP
Sacale Chispas,AVL-4047,Sacale Chispas,B,1,Cenizas,1971,matched,1971-09-16,Cenizas,,Instrumental,Tape-S,11857,,LP
Sacale Chispas,AVL-4047,Sacale Chispas,B,2,Ché Quijote,1971,matched,1971-09-30,Che Quijote,,Armando Laborde,Tape-S,11879,,LP
Sacale Chispas,AVL-4047,Sacale Chispas,B,3,Entrada Prohibida,1971,matched,1971-09-16,Entrada Prohibida,,Instrumental,Tape-S,11858,,LP
Sacale Chispas,AVL-4047,Sacale Chispas,B,4,Quereme Un Poco Más,1971,matched,1971-09-30,Quereme un Poco Más,,Osvaldo Ramos,Tape-S,11878,,LP
Sacale Chispas,AVL-4047,Sacale Chispas,B,5,Luces De Colores,1971,matched,1971-09-16,Luces de Colores,,Instrumental,Tape-S,11861,,LP
Sacale Chispas,AVL-4047,Sacale Chispas,B,6,Sentimiento De Bohemio,1971,matched,1971-09-30,Sentimiento de Bohemio,,Instrumental,Tape-S,11875,,LP
Tiempos Viejos,AVS-4360,Tiempos Viejos,A,1,La Tablada,1965,matched,1965-08-11,La Tablada,,Instrumental,Tape-S,5269,,LP
Tiempos Viejos,AVS-4360,Tiempos Viejos,A,2,El Alacrán,1965,matched,1965-08-27,El Alacrán,,Instrumental,Tape-S,5322,,LP
Tiempos Viejos,AVS-4360,Tiempos Viejos,A,3,El Pollito,1965,matched,1965-08-11,El Pollito,,Instrumental,Tape-S,5271,,LP
Tiempos Viejos,AVS-4360,Tiempos Viejos,A,4,Yo No Sé Que Me Han Hecho Tus Ojos,1965,matched_variant,1965-08-12,Yo No Sé Qué Me Han Echo Tus Ojos,,Osvaldo Ramos,Tape-S,5274,fuzzy 0.99 of 'Yo No Sé Qué Me Han Echo Tus Ojos',LP
Tiempos Viejos,AVS-4360,Tiempos Viejos,A,5,Charamusca,1965,matched,1965-08-11,Charamusca,,Instrumental,Tape-S,5273,,LP
Tiempos Viejos,AVS-4360,Tiempos Viejos,A,6,Tiempos Viejos,1965,matched,1965-08-12,Tiempos Viejos,Te Acordás Hermano,Armando Laborde,Tape-S,5275,,LP
Tiempos Viejos,AVS-4360,Tiempos Viejos,B,1,El Chamuyo,1965,matched,1965-08-11,El Chamuyo,,Instrumental,Tape-S,5272,,LP
Tiempos Viejos,AVS-4360,Tiempos Viejos,B,2,Nueve Puntos,1965,matched,1965-08-11,Nueve Puntos,,Instrumental,Tape-S,5268,,LP
Tiempos Viejos,AVS-4360,Tiempos Viejos,B,3,Se Acabaron Los Otarios,1965,matched,1965-08-27,Se Acabaron los Otarios,,Armando Laborde,Tape-S,5324,,LP
Tiempos Viejos,AVS-4360,Tiempos Viejos,B,4,El Triunfo,1965,matched,1965-08-12,El Triunfo,,Instrumental,Tape-S,5276,,LP
Tiempos Viejos,AVS-4360,Tiempos Viejos,B,5,El Internado,1965,matched,1965-08-27,El Internado,,Instrumental,Tape-S,5323,,LP
Tiempos Viejos,AVS-4360,Tiempos Viejos,B,6,Sentimiento Gaucho,1965,matched,1965-08-11,Sentimiento Gaucho,,Osvaldo Ramos,Tape-S,5270,,LP
Tigre Viejo,AVL-3925,Tigre Viejo,A,1,Tigre Viejo,1969,matched,1969-09-18,Tigre Viejo,,Instrumental,Tape-S,9491,,LP
Tigre Viejo,AVL-3925,Tigre Viejo,A,2,Qué Mufa Ché,1969,matched,1969-10-20,Qué Mufa Ché,,Alberto Echagüe,Tape-S,9574,,LP
Tigre Viejo,AVL-3925,Tigre Viejo,A,3,Pelele,1969,matched,1969-10-20,Pelele,,Instrumental,Tape-S,9568,,LP
Tigre Viejo,AVL-3925,Tigre Viejo,A,4,Milonga Para Un Viejo Amor,1969,matched,1969-08-01,Milonga Para un Viejo Amor,,Armando Laborde,Tape-S,9177,,LP
Tigre Viejo,AVL-3925,Tigre Viejo,A,5,De Puro Guapo,1969,matched,1969-09-18,De Puro Guapo,,Instrumental,Tape-S,9487,,LP
Tigre Viejo,AVL-3925,Tigre Viejo,A,6,Sombras de Olvido,1969,matched,1969-08-12,Sombras de Olvido,,Osvaldo Ramos,Tape-S,9441,,LP
Tigre Viejo,AVL-3925,Tigre Viejo,B,1,Ojos Negros,1969,matched,1969-09-18,Ojos Negros,,Instrumental,Tape-S,9485,,LP
Tigre Viejo,AVL-3925,Tigre Viejo,B,2,A Tu Lado,1969,matched,1969-10-20,A Tu Lado,,Osvaldo Ramos,Tape-S,9573,,LP
Tigre Viejo,AVL-3925,Tigre Viejo,B,3,El Aguacero,1969,matched,1969-10-20,El Aguacero,Canción de la Pampa,Ramos y Laborde,Tape-S,9575,,LP
Tigre Viejo,AVL-3925,Tigre Viejo,B,4,La Sonámbula,1969,matched,1969-09-18,La Sonámbula,,Instrumental,Tape-S,9493,,LP
Tigre Viejo,AVL-3925,Tigre Viejo,B,5,Cumpleaños de Mamá,1969,matched,1969-09-18,Cumpleaños de Mamá,,Osvaldo Ramos,Tape-S,9495,,LP
Tigre Viejo,AVL-3925,Tigre Viejo,B,6,El Tren de Buenos Aires,1969,matched,1969-08-01,El Tren de Buenos Aires,,Osvaldo Ramos,Tape-S,9174,,LP
De Ayer y Hoy,AVS-3790,De Ayer y Hoy,A,1,De Ayer y Hoy,1968,matched_year_flex,1967-08-21,De Ayer y Hoy,,Instrumental,Tape-S,7192,LP year 1968 != recording year 1967,LP
De Ayer y Hoy,AVS-3790,De Ayer y Hoy,A,2,Yo Te Quiero Así,1968,matched_year_flex,1967-10-23,Yo Te Quiero Así,,Osvaldo Ramos,Tape-S,7267,LP year 1968 != recording year 1967,LP
De Ayer y Hoy,AVS-3790,De Ayer y Hoy,A,3,Sin Explicación,1968,matched_year_flex,1967-10-30,Sin Explicación,,Osvaldo Ramos,Tape-S,7275,LP year 1968 != recording year 1967,LP
De Ayer y Hoy,AVS-3790,De Ayer y Hoy,A,4,Ventarrón,1968,matched_year_flex,1967-10-23,Ventarrón,,Armando Laborde,Tape-S,7266,LP year 1968 != recording year 1967,LP
De Ayer y Hoy,AVS-3790,De Ayer y Hoy,A,5,Sin Explicación,1968,matched_year_flex,1967-10-30,Sin Explicación,,Osvaldo Ramos,Tape-S,7275,LP year 1968 != recording year 1967,LP
De Ayer y Hoy,AVS-3790,De Ayer y Hoy,A,6,Guitarra,1968,matched_year_flex,1967-10-30,Guitarra,No Va Más,Ramos y Laborde,Tape-S,7276,LP year 1968 != recording year 1967,LP
De Ayer y Hoy,AVS-3790,De Ayer y Hoy,B,1,Cordón de Oro,1968,matched_year_flex,1967-10-23,Cordón de Oro,,Instrumental,Tape-S,7264,LP year 1968 != recording year 1967,LP
De Ayer y Hoy,AVS-3790,De Ayer y Hoy,B,2,Eso Sí Que No y Que No,1968,matched_year_flex,1967-08-02,Eso Sí Que No y Que No,,Armando Laborde,Tape-S,7011,LP year 1968 != recording year 1967,LP
De Ayer y Hoy,AVS-3790,De Ayer y Hoy,B,3,El Jagüel,1968,matched_year_flex,1967-10-23,El Jagüel,,Instrumental,Tape-S,7262,LP year 1968 != recording year 1967,LP
De Ayer y Hoy,AVS-3790,De Ayer y Hoy,B,4,D'Arienzo Vos Sos el Rey,1968,matched_year_flex,1967-10-30,D'Arienzo Vos Sos el Rey,,Armando Laborde,Tape-S,7277,LP year 1968 != recording year 1967,LP
De Ayer y Hoy,AVS-3790,De Ayer y Hoy,B,5,El Recodo,1968,matched_year_flex,1967-10-23,El Recodo,,Instrumental,Tape-S,7263,LP year 1968 != recording year 1967,LP
De Ayer y Hoy,AVS-3790,De Ayer y Hoy,B,6,Buscate un Amorcito,1968,matched_year_flex,1967-10-30,Búscate un Amorcito,,Osvaldo Ramos,Tape-S,7278,LP year 1968 != recording year 1967,LP
Morocho y Cantor,AVL-3424,,A,1,Morocho Y Cantor ,1962,matched_year_flex,1961-11-06,Morocho y Cantor,,Horacio Palma,Tape,2955,LP year 1962 != recording year 1961,LP
Morocho y Cantor,AVL-3424,,,2,Yo Te Saludo Palermo ,1962,matched_year_flex,1961-08-10,Yo Te Saludo Palermo,,Jorge Valdez,Tape,2636,LP year 1962 != recording year 1961,LP
Morocho y Cantor,AVL-3424,,,3,Gran Señor ,1962,matched_year_flex,1961-08-10,Gran Señor,,Instrumental,Tape,2634,LP year 1962 != recording year 1961,LP
Morocho y Cantor,AVL-3424,,,4,Una Hora Más ,1962,matched_year_flex,1961-09-27,Una Hora Más,,Jorge Valdez,Tape,2823,LP year 1962 != recording year 1961,LP
Morocho y Cantor,AVL-3424,,,5,Recuérdame Amor Mío ,1962,matched_year_flex,1961-11-06,Recuérdame Amor Mio,,Jorge Valdez,Tape,2954,LP year 1962 != recording year 1961,LP
Morocho y Cantor,AVL-3424,,,6,Poco Y Bueno ,1962,matched_year_flex,1961-10-09,Poco y Bueno,,Instrumental,Tape,2869,LP year 1962 != recording year 1961,LP
Morocho y Cantor,AVL-3424,,,1,Mi Novia De Ayer,1962,matched_year_flex,1961-11-06,Mi Novia de Ayer,,Jorge Valdez,Tape,2953,LP year 1962 != recording year 1961,LP
Morocho y Cantor,AVL-3424,,,2,Cielo De Sombra ,1962,matched_year_flex_variant,1961-06-29,Cielo de Sombras,,Valdez y Palma,Tape,2461,fuzzy 0.97 of 'Cielo de Sombras'; LP year 1962 != recording year 1961,LP
Morocho y Cantor,AVL-3424,,,3,Detrás De Tus Mentiras ,1962,matched_year_flex,1960-07-27,Detrás de Tus Mentiras,,Jorge Valdez,Tape,1862,LP year 1962 != recording year 1960,LP
Morocho y Cantor,AVL-3424,,,4,Cansada De Sufrir,1962,matched_year_flex,1961-09-27,Cansada de Sufrir,,Jorge Valdez,Tape,2822,LP year 1962 != recording year 1961,LP
Morocho y Cantor,AVL-3424,,,5,"Mi Vida, Que Te Pasa",1962,matched_year_flex,1961-10-09,Mi Vida Que Te Pasa,,Jorge Valdez,Tape,2870,LP year 1962 != recording year 1961,LP
Morocho y Cantor,AVL-3424,,,6,Mientras Sueña Buenos Aires ,1962,matched_year_flex,1961-11-06,Mientras Sueña Buenos Aires,,Jorge Valdez,Tape,2952,LP year 1962 != recording year 1961,LP
El Vals de 15 Anos,AVL-3372,El Vals De Los 15 Años,A,1,El Vals de los Quince Años,1961,matched,1961-06-06,El Vals de los Quince Años,El Vals de los 15 Años,Jorge Valdez,Tape,2392,,LP
El Vals de 15 Anos,AVL-3372,El Vals De Los 15 Años,A,2,Garronero,1961,matched,1961-06-09,Garronero,,Horacio Palma,Tape,2393,,LP
El Vals de 15 Anos,AVL-3372,El Vals De Los 15 Años,A,3,Qué Seré Yo,1961,matched,1961-07-19,Qué Seré Yo,,Jorge Valdez,Tape,2536,,LP
El Vals de 15 Anos,AVL-3372,El Vals De Los 15 Años,A,4,Sé Que Te Voy A Llorar,1961,matched,1961-06-29,Sé Que Te Voy a Llorar,,Jorge Valdez,Tape,2459,,LP
El Vals de 15 Anos,AVL-3372,El Vals De Los 15 Años,A,5,Mi Viejo Montevideo,1961,matched,1961-06-13,Mi Viejo Montevideo,,Instrumental,Tape,2408,,LP
El Vals de 15 Anos,AVL-3372,El Vals De Los 15 Años,A,6,Abc del Amor,1961,matched,1961-07-11,Abc del Amor,,Valdez y Palma,Tape,2504,,LP
El Vals de 15 Anos,AVL-3372,El Vals De Los 15 Años,B,1,Mi Caperucita,1961,matched,1961-08-04,Mi Caperucita,,Jorge Valdez,Tape,2611,,LP
El Vals de 15 Anos,AVL-3372,El Vals De Los 15 Años,B,2,Media Noche,1961,matched,1961-07-05,Medianoche,Media Noche,Horacio Palma,Tape,2472,,LP
El Vals de 15 Anos,AVL-3372,El Vals De Los 15 Años,B,3,Adiós Pampa Mía,1961,matched,1961-06-13,Adiós Pampa Mía,,Valdez y Palma,Tape,2407,,LP
El Vals de 15 Anos,AVL-3372,El Vals De Los 15 Años,B,4,Dicha Pasada,1961,matched,1961-07-11,Dicha Pasada,,Horacio Palma,Tape,2506,,LP
El Vals de 15 Anos,AVL-3372,El Vals De Los 15 Años,B,5,Amigo Bandoneón,1961,matched,1961-06-29,Amigo Bandoneón,,Jorge Valdez,Tape,2460,,LP
El Vals de 15 Anos,AVL-3372,El Vals De Los 15 Años,B,6,En La Madrugada,1961,matched,1961-07-19,En la Madrugada,,Horacio Palma,Tape,2537,,LP
Ultima Grabacion,RVP-6105,Ultima Grabacion,A,1,Soy Un Gorrion Esquinero,1975,matched,1975-01-30,Soy un Gorrion Esquinero,,Osvaldo Ramos,Tape-S,,,LP
Ultima Grabacion,RVP-6105,Ultima Grabacion,A,2,Rio Bamba,1975,matched,1975-01-30,Rio Bamba,,Instrumental,Tape-S,16815,,LP
Ultima Grabacion,RVP-6105,Ultima Grabacion,A,3,Otra Noche Porteña,1975,matched,1975-01-30,Otra Noche Porteña,,Armando Laborde,Tape-S,,,LP
Ultima Grabacion,RVP-6105,Ultima Grabacion,A,4,Viejo Malevo,1975,matched,1975-01-30,Viejo Malevo,,Armando Laborde,Tape-S,,,LP
Ultima Grabacion,RVP-6105,Ultima Grabacion,A,5,Para Vos Querida Pebeta,1975,matched_variant,1975-01-30,Para Vos Mi Querida Pebeta,,Osvaldo Ramos,Tape-S,16808,fuzzy 0.94 of 'Para Vos Mi Querida Pebeta',LP
Ultima Grabacion,RVP-6105,Ultima Grabacion,B,1,Chavero Soy,1975,matched,1975-01-30,Chavero Soy,,Osvaldo Ramos,Tape-S,16809,,LP
Ultima Grabacion,RVP-6105,Ultima Grabacion,B,2,Dialogando Con El Rio,1975,matched,1975-01-30,Dialogando con el Río,,Osvaldo Ramos,Tape-S,16810,,LP
Ultima Grabacion,RVP-6105,Ultima Grabacion,B,3,Vamos Topo Todavía,1975,matched,1975-01-30,Vamos Topo Todavia,,Alberto Echagüe,Tape-S,16811,,LP
Ultima Grabacion,RVP-6105,Ultima Grabacion,B,4,Su Pena,1975,matched,1975-01-30,Su Pena,,Osvaldo Ramos,Tape-S,,,LP
Ultima Grabacion,RVP-6105,Ultima Grabacion,B,5,Romance De Otoño,1975,matched,1975-01-30,Romance de Otoño,,Osvaldo Ramos,Tape-S,,,LP
Adios Chantecler,AVL-3204,"Adiós, Chantecler",A,1,"Adiós, Chantecler",1959,matched_year_flex,1958-11-19,Adiós Chantecler,,Jorge Valdez,Tape,0766,LP year 1959 != recording year 1958,LP
Adios Chantecler,AVL-3204,"Adiós, Chantecler",A,2,Justo El 31,1959,matched_year_flex,1958-12-17,Justo el Treinta y Uno,Justo el 31,Mario Bustos,Tape,0818,LP year 1959 != recording year 1958,LP
Adios Chantecler,AVL-3204,"Adiós, Chantecler",A,3,Buenas Noches Mi Amor,1959,matched_year_flex,1958-12-17,Buenas Noches Mi Amor,,Jorge Valdez,Tape,0817,LP year 1959 != recording year 1958,LP
Adios Chantecler,AVL-3204,"Adiós, Chantecler",A,4,Muñeca Brava,1959,matched_year_flex,1958-12-17,Muñeca Brava,,Mario Bustos,Tape,0820,LP year 1959 != recording year 1958,LP
Adios Chantecler,AVL-3204,"Adiós, Chantecler",A,5,Hasta Siempre Amor,1959,matched_year_flex,1958-12-23,Hasta Siempre Amor,,Jorge Valdez,Tape,0827,LP year 1959 != recording year 1958,LP
Adios Chantecler,AVL-3204,"Adiós, Chantecler",A,6,Bonanza,1959,matched_year_flex,1958-12-23,Bonanza,,Mario Bustos,Tape,0829,LP year 1959 != recording year 1958,LP
Adios Chantecler,AVL-3204,"Adiós, Chantecler",A,7,Marinera,1959,matched_year_flex,1958-10-29,Marinera,,Jorge Valdez,Tape,0741,LP year 1959 != recording year 1958,LP
Adios Chantecler,AVL-3204,"Adiós, Chantecler",B,1,El Tigre Millán,1959,matched_year_flex,1958-12-10,El Tigre Millán,,Mario Bustos,Tape,0800,"3 takes in discography; picked 1958-12-10 (Mario Bustos) as closest to 1959 LP",LP
Adios Chantecler,AVL-3204,"Adiós, Chantecler",B,2,Sabrás Quien Soy,1959,matched_year_flex,1958-11-12,Sabras Quién Soy,,Jorge Valdez,Tape,0752,LP year 1959 != recording year 1958,LP
Adios Chantecler,AVL-3204,"Adiós, Chantecler",B,3,Gerardo Matos Rodríguez,1959,matched_year_flex,1958-10-29,Gerardo Matos Rodríguez,,Mario Bustos,Tape,0743,LP year 1959 != recording year 1958,LP
Adios Chantecler,AVL-3204,"Adiós, Chantecler",B,4,Sin Alma Y Sin Dios,1959,matched_year_flex,1958-11-19,Sin Alma y Sin Dios,,Jorge Valdez,Tape,0767,LP year 1959 != recording year 1958,LP
Adios Chantecler,AVL-3204,"Adiós, Chantecler",B,5,Justo Un Año,1959,matched_year_flex,1958-11-12,Justo un Año,,Mario Bustos,Tape,0750,LP year 1959 != recording year 1958,LP
Adios Chantecler,AVL-3204,"Adiós, Chantecler",B,6,"No Llores, Por Favor",1959,matched_year_flex,1958-09-11,No Llores Por Favor,,Jorge Valdez,Tape,0643,LP year 1959 != recording year 1958,LP
Adios Chantecler,AVL-3204,"Adiós, Chantecler",B,7,"Che, Fulano",1959,matched_year_flex,1958-11-12,Che Fulano,,Mario Bustos,Tape,0751,LP year 1959 != recording year 1958,LP
Morocho Y Cantor,AVL-3424,,,,Valoro A Ese Hombre,1962,matched_year_flex,1961-10-09,Valoro a Ese Hombre,,Horacio Palma,Tape,2872,LP year 1962 != recording year 1961,EP
Morocho Y Cantor,AVL-3424,,,,Una Hora Mas,1962,matched_year_flex,1961-09-27,Una Hora Más,,Jorge Valdez,Tape,2823,LP year 1962 != recording year 1961,EP
Morocho Y Cantor,AVL-3424,,,,Morocho Y Cantor ,1962,matched_year_flex,1961-11-06,Morocho y Cantor,,Horacio Palma,Tape,2955,LP year 1962 != recording year 1961,EP
Morocho Y Cantor,AVL-3424,,,,Adíos Arolas,1962,matched_year_flex,1961-08-04,Adiós Arolas,Se Llamaba Eduardo Arolas,Jorge Valdez,Tape,2610,LP year 1962 != recording year 1961,EP
La Manzanita,AVE-350,,,,La Manzanita,1960,matched,1960-06-27,La Manzanita,,Valdez y Palma,Tape,1799,,EP
La Manzanita,AVE-350,,,,El Vino Triste,1960,matched,1960-06-27,El Vino Triste,,Horacio Palma,Tape,1798,,EP
La Manzanita,AVE-350,,,,Un Solo Minuto De Amor,1960,matched,1960-07-19,Un Sólo Minuto de Amor,,Jorge Valdez,Tape,1838,,EP
La Manzanita,AVE-350,,,,4 Pasos En Las Nubes,1960,matched_variant,1960-07-19,Cuatro Pasos en las Nubes,,Horacio Palma,Tape,1839,fuzzy 0.84 of 'Cuatro Pasos en las Nubes',EP
Chirusa,AVE-272,,,,Chirusa,1959,matched_year_flex,1928,Chirusa,,Carlos Dante,78rpm,367,"3 recordings same title+year (singers: Alberto Reynal, Carlos Dante, Jorge Valdez); LP year 1959 != recording year 1928",EP
Chirusa,AVE-272,,,,Hata Siempre Amor,1959,matched_year_flex_variant,1958-12-23,Hasta Siempre Amor,,Jorge Valdez,Tape,0827,fuzzy 0.97 of 'Hasta Siempre Amor'; LP year 1959 != recording year 1958,EP
Chirusa,AVE-272,,,,Mas Grande Que Nunca,1959,matched_year_flex,1958-12-23,Más Grande Que Nunca,,Instrumental,Tape,0830,LP year 1959 != recording year 1958,EP
Chirusa,AVE-272,,,,Que Me Importa Tu Pasado,1959,matched_year_flex,1958-07-24,Qué Me Importa Tu Pasado,,Mario Bustos,Tape,0636,LP year 1959 != recording year 1958,EP
Bien Porteno,AVE-91,,,,No Te Quiero Mas,1958,matched_year_flex,1957-06-13,No Te Quiero Más,,Mario Bustos,Tape,TB0187,LP year 1958 != recording year 1957,EP
Bien Porteno,AVE-91,,,,En El Cielo,1958,matched_year_flex,1957-08-22,En el Cielo,,Jorge Valdez,Tape,TB0304,LP year 1958 != recording year 1957,EP
Bien Porteno,AVE-91,,,,Mandria,1958,matched_year_flex,1939-08-09,Mandría,,Alberto Echagüe,78rpm,BAVE-012899,"2 recordings same title+year (singers: Alberto Echagüe, Mario Bustos); LP year 1958 != recording year 1939",EP
Bien Porteno,AVE-91,,,,El Reloj,1958,matched_year_flex,1957-08-02,El Reloj,,Jorge Valdez,Tape,TB0252,LP year 1958 != recording year 1957,EP
Tangos Argentins,75.298,,,,El Simpatico,1956,matched_year_flex,1951-12-19,El Simpático,Tango de la Guardia Vieja,Instrumental,Micro,94450-1,LP year 1956 != recording year 1951,EP
Tangos Argentins,75.298,,,,El Irresistible,1956,matched_year_flex,1936-08-05,El Irresistible,,Instrumental,78rpm,BAVE-93256,4 recordings same title+year (singers: Instrumental); LP year 1956 != recording year 1936,EP
Tangos Argentins,75.298,,,,La Cumparsita,1956,matched_year_flex,1928,La Cumparsita,La Apología del Tango,Raquel Notar,78rpm,358,"7 recordings same title+year (singers: Carlos Dante, Instrumental, Raquel Notar); LP year 1956 != recording year 1928",EP
Tangos Argentins,75.298,,,,La Punalada,1956,matched_year_flex,1943-11-23,La Puñalada,,Instrumental,78rpm,77408-1,3 recordings same title+year (singers: Instrumental); LP year 1956 != recording year 1943,EP
El Huracan Derecho Viejo Fuegos Artificiales Contra Luz,AGE-1018,,,,El Huracan,1956,matched_year_flex,1944-07-07,El Huracán,,Instrumental,78rpm,BAVE-079762,LP year 1956 != recording year 1944,EP
El Huracan Derecho Viejo Fuegos Artificiales Contra Luz,AGE-1018,,,,Derecho Viejo,1956,matched_year_flex,1939-07-17,Derecho Viejo,,Instrumental,78rpm,BAVE-012859,3 recordings same title+year (singers: Instrumental); LP year 1956 != recording year 1939,EP
El Huracan Derecho Viejo Fuegos Artificiales Contra Luz,AGE-1018,,,,Fuegos Artificiales,1956,matched_year_flex,1941-02-26,Fuegos Artificiales,,Instrumental,78rpm,BAVE-039816,2 recordings same title+year (singers: Instrumental); LP year 1956 != recording year 1941,EP
El Huracan Derecho Viejo Fuegos Artificiales Contra Luz,AGE-1018,,,,Contra Luz,1956,matched_year_flex,1947-12-17,Contra Luz,,Instrumental,78rpm,83790,LP year 1956 != recording year 1947,EP
El Choclo,EP-1021,,,,La Morocha ‎,1956,matched_year_flex,1937-12-21,La Morocha,,Instrumental,78rpm,BAVE-012042,3 recordings same title+year (singers: Instrumental); LP year 1956 != recording year 1937,EP
El Choclo,EP-1021,,,,Rey De Triunfo,1956,matched_year_flex,1949-11-24,As de Bastos,Rey de Triunfo,Instrumental,Micro,BAVE-091470,LP year 1956 != recording year 1949,EP
El Choclo,EP-1021,,,,El Choclo,1956,matched_year_flex,1937-07-26,El Choclo,,Instrumental,78rpm,BAVE-93831,4 recordings same title+year (singers: Instrumental); LP year 1956 != recording year 1937,EP
El Choclo,EP-1021,,,,Nueve De Julio,1956,matched_year_flex,1935-12-31,Nueve de Julio,9 de Julio,Instrumental,78rpm,BAVE-93057,3 recordings same title+year (singers: Instrumental); LP year 1956 != recording year 1935,EP
Éxitos De J.D'. Volumen 1,AVE-27,,,,Te Odio Y Te Quiero,1957,matched_year_flex,1954-04-29,Te Odio y Te Quiero,,Alberto Echagüe,Tape,S-002083-1,LP year 1957 != recording year 1954,EP
Éxitos De J.D'. Volumen 1,AVE-27,,,,La Cumparsita,1957,matched_year_flex,1928,La Cumparsita,La Apología del Tango,Raquel Notar,78rpm,358,"7 recordings same title+year (singers: Carlos Dante, Instrumental, Raquel Notar); LP year 1957 != recording year 1928",EP
Éxitos De J.D'. Volumen 1,AVE-27,,,,Toma Estas Monedas,1957,matched_year_flex,1953-08-13,Tomá Estas Monedas,,Alberto Echagüe,Micro,S-001086,LP year 1957 != recording year 1953,EP
Éxitos De J.D'. Volumen 1,AVE-27,,,,La Puñalada,1957,matched_year_flex,1943-11-23,La Puñalada,,Instrumental,78rpm,77408-1,3 recordings same title+year (singers: Instrumental); LP year 1957 != recording year 1943,EP
Exitos de J.D'. - Volumen 5,AVE-28,,,,Sentimiento De Calavera,1957,matched_year_flex,1954-09-01,Sentimiento de Calavera,,Alberto Echagüe,Tape,S-003301,LP year 1957 != recording year 1954,EP
Exitos de J.D'. - Volumen 5,AVE-28,,,,Tucumán,1957,matched_year_flex,1940-06-27,Tucumán,,Instrumental,78rpm,BAVE-039338,2 recordings same title+year (singers: Instrumental); LP year 1957 != recording year 1940,EP
Exitos de J.D'. - Volumen 5,AVE-28,,,,Fatal y Tanguera,1957,matched_year_flex,1954-11-02,Fatal y Tanguera,,Armando Laborde,Tape,S-003498,LP year 1957 != recording year 1954,EP
Exitos de J.D'. - Volumen 5,AVE-28,,,,La Payanca,1957,matched_year_flex,1936-06-09,La Payanca,,Instrumental,78rpm,BAVE-93195,4 recordings same title+year (singers: Instrumental); LP year 1957 != recording year 1936,EP
De La Guardia Vieja,AGE-5,,,,La Cumparsita,1957,matched_year_flex,1928,La Cumparsita,La Apología del Tango,Raquel Notar,78rpm,358,"7 recordings same title+year (singers: Carlos Dante, Instrumental, Raquel Notar); LP year 1957 != recording year 1928",EP
De La Guardia Vieja,AGE-5,,,,La Puñalada,1957,matched_year_flex,1943-11-23,La Puñalada,,Instrumental,78rpm,77408-1,3 recordings same title+year (singers: Instrumental); LP year 1957 != recording year 1943,EP
De La Guardia Vieja,AGE-5,,,,Don Juan,1957,matched_year_flex,1936-09-29,Don Juan,Mozos Guapos,Instrumental,78rpm,BAVE-93348,3 recordings same title+year (singers: Instrumental); LP year 1957 != recording year 1936,EP
De La Guardia Vieja,AGE-5,,,,El Pollo Ricardo,1957,matched_year_flex,1947-05-20,El Pollo Ricardo,,Instrumental,78rpm,83439,2 recordings same title+year (singers: Instrumental); LP year 1957 != recording year 1947,EP
Volumen 2 - Mas Grande Que Nunca,AVE-134,,,,Adiós Corazón,1958,matched,1958-06-12,Adiós Corazón,,Jorge Valdez,Tape,0606,,EP
Volumen 2 - Mas Grande Que Nunca,AVE-134,,,,"Bueno, Derecho y Varón",1958,matched,1958-06-12,Bueno Derecho y Varón,,Mario Bustos,Tape,0604,,EP
Volumen 2 - Mas Grande Que Nunca,AVE-134,,,,Baldosa Floja,1958,matched,1958-07-03,Baldosa Floja,,Valdez y Bustos,Tape,0619,,EP
Volumen 2 - Mas Grande Que Nunca,AVE-134,,,,Nada Más,1958,matched,1958-07-10,Nada Más,Callejas Solo,Jorge Valdez,Tape,0627,,EP
Volumen 1 - El Tango No Tiene Contra,AVE-192,,,,El Embrollo,1958,matched,1958-07-10,El Embrollo,,Instrumental,Tape,0628,,EP
Volumen 1 - El Tango No Tiene Contra,AVE-192,,,,Barrio de Guapos,1958,matched,1958-06-12,Barrio de Guapos,Nyanzas y Malevos,Jorge Valdez,Tape,0608,,EP
Volumen 1 - El Tango No Tiene Contra,AVE-192,,,,El Tango No Tiene Contra,1958,matched,1958-07-03,El Tango No Tiene Contra,,Mario Bustos,Tape,0620,,EP
Volumen 1 - El Tango No Tiene Contra,AVE-192,,,,Nada Mas,1958,matched,1958-07-10,Nada Más,Callejas Solo,Jorge Valdez,Tape,0627,,EP
La Negra Sofia,AVE-259,,,,La Negra Bozan,1959,matched,1959-10-15,La Negra Bozán,,Mario Bustos,Tape,1300,,EP
La Negra Sofia,AVE-259,,,,Casita de Nacar,1959,matched,1959-10-15,Casita de Nácar,,Jorge Valdez,Tape,1302,,EP
La Negra Sofia,AVE-259,,,,Dame Mi Libertad,1959,matched,1959-10-15,Dáme Mi Libertad,,Jorge Valdez,Tape,1301,,EP
La Negra Sofia,AVE-259,,,,La Bruja,1959,matched,1959-10-15,La Bruja,,Mario Bustos,Tape,1303,,EP
Moneda Sin Valor,AVE-299,,,,Moneda Sin Valor,1960,matched_year_flex,1958-11-19,Moneda Sin Valor,,Jorge Valdez,Tape,0765,LP year 1960 != recording year 1958,EP
Moneda Sin Valor,AVE-299,,,,Independencia,1960,matched_year_flex,1942-12-22,Independencia,,Instrumental,78rpm,84210-1,2 recordings same title+year (singers: Instrumental); LP year 1960 != recording year 1942,EP
Moneda Sin Valor,AVE-299,,,,Quien Como Yo,1960,matched_year_flex,1959-10-29,Quién Como Yo,,Jorge Valdez,Tape,1335,LP year 1960 != recording year 1959,EP
Moneda Sin Valor,AVE-299,,,,Pero Solo Estoy Mejor,1960,matched_year_flex,1959-10-29,Pero Solo Estoy Mejor,,Mario Bustos,Tape,1336,LP year 1960 != recording year 1959,EP
Don Juan,AVE-286,,,,Don Juan,1960,matched_year_flex,1936-09-29,Don Juan,Mozos Guapos,Instrumental,78rpm,BAVE-93348,3 recordings same title+year (singers: Instrumental); LP year 1960 != recording year 1936,EP
Don Juan,AVE-286,,,,El Irresistible,1960,matched_year_flex,1936-08-05,El Irresistible,,Instrumental,78rpm,BAVE-93256,4 recordings same title+year (singers: Instrumental); LP year 1960 != recording year 1936,EP
Don Juan,AVE-286,,,,La Maleva,1960,matched_year_flex,1949-07-26,La Maleva,,Instrumental,Micro,91354,LP year 1960 != recording year 1949,EP
Don Juan,AVE-286,,,,Jueves,1960,matched_year_flex,1937-10-29,Jueves,,Instrumental,78rpm,BAVE-93947,2 recordings same title+year (singers: Instrumental); LP year 1960 != recording year 1937,EP
"No, No Me La Nombres",AVE-300,,,,"No, No Me La Nombres",1960,matched_year_flex,1958-12-10,No No Me la Nombres,,Mario Bustos,Tape,0799,LP year 1960 != recording year 1958,EP
"No, No Me La Nombres",AVE-300,,,,No Llores Por Favor,1960,matched_year_flex,1958-09-11,No Llores Por Favor,,Jorge Valdez,Tape,0643,LP year 1960 != recording year 1958,EP
"No, No Me La Nombres",AVE-300,,,,No Me Extraña,1960,matched_year_flex,1958-09-11,No Me Extraña,,Jorge Valdez,Tape,0642,LP year 1960 != recording year 1958,EP
"No, No Me La Nombres",AVE-300,,,,Loca,1960,matched_year_flex,1942-04-22,Loca,,Instrumental,78rpm,69681-1,3 recordings same title+year (singers: Instrumental); LP year 1960 != recording year 1942,EP
El Caramelito,AVE-424,,,,Manos Heridas,1961,matched,1961-11-28,Manos Heridas,,Jorge Valdez,Tape,3010,,EP
El Caramelito,AVE-424,,,,Medianoche,1961,matched,1961-07-05,Medianoche,Media Noche,Horacio Palma,Tape,2472,,EP
El Caramelito,AVE-424,,,,El Caramelito,1961,matched,1961-08-01,El Caramelito,,Valdez y Palma,Tape,2593,,EP
El Caramelito,AVE-424,,,,Que Dios Nos Comprenda,1961,matched_year_flex_variant,1959-11-26,Que Dios Me Comprenda,,Jorge Valdez,Tape,1412,fuzzy 0.88 of 'Que Dios Me Comprenda'; LP year 1961 != recording year 1959,EP
El Vals De Los 15 Años,AVE-380,,,,Garronero,1961,matched,1961-06-09,Garronero,,Horacio Palma,Tape,2393,,EP
El Vals De Los 15 Años,AVE-380,,,,El Vals De Los 15 Años,1961,matched,1961-06-06,El Vals de los Quince Años,El Vals de los 15 Años,Jorge Valdez,Tape,2392,,EP
El Vals De Los 15 Años,AVE-380,,,,Por Que Te Sigo Queriendo,1961,matched_year_flex,1959-11-12,Por Qué Te Sigo Queriendo,,Jorge Valdez,Tape,1374,LP year 1961 != recording year 1959,EP
El Vals De Los 15 Años,AVE-380,,,,Por Tu Culpa Te Perdi,1961,matched_year_flex,1958-12-23,Por Tu Culpa Te Perdi,,Jorge Valdez,Tape,0828,LP year 1961 != recording year 1958,EP
Yo Te Saludo Palermo,AVE-417,,,,Yo Solo,1961,matched,1961-09-27,Yo Solo,,Jorge Valdez,Tape,2821,,EP
Yo Te Saludo Palermo,AVE-417,,,,Poco y Bueno,1961,matched,1961-10-09,Poco y Bueno,,Instrumental,Tape,2869,,EP
Yo Te Saludo Palermo,AVE-417,,,,Yo Me Presento Aquí,1961,matched,1961-11-28,Yo Me Presento Aquí,,Horacio Palma,Tape,3011,,EP
Yo Te Saludo Palermo,AVE-417,,,,Yo Te Saludo Palermo,1961,matched,1961-08-10,Yo Te Saludo Palermo,,Jorge Valdez,Tape,2636,,EP
El Rey Juan D'Arienzo y Alberto Echague,AVE 422,,,,Giuseppe El Crooner,1961,matched_year_flex_variant,1953-08-13,Giusesepe el Crooner,,Alberto Echagüe,Micro,,fuzzy 0.92 of 'Giusesepe el Crooner'; LP year 1961 != recording year 1953,EP
El Rey Juan D'Arienzo y Alberto Echague,AVE 422,,,,Se-pe-ño-po-ri-pi-ta-pa,1961,matched_year_flex,1951-09-12,Se Pe Ño Po Ri Pi Ta Pa,,Alberto Echagüe,Micro,94369-1,LP year 1961 != recording year 1951,EP
El Rey Juan D'Arienzo y Alberto Echague,AVE 422,,,,Oro De Ley,1961,matched_year_flex,1944-12-15,Oro de Ley,,Alberto Echagüe,78rpm,79984-1,LP year 1961 != recording year 1944,EP
El Rey Juan D'Arienzo y Alberto Echague,AVE 422,,,,El Tarta,1961,matched_year_flex,1946-12-23,El Tarta,,Alberto Echagüe,78rpm,82557,2 recordings same title+year (singers: Alberto Echagüe); LP year 1961 != recording year 1946,EP
El Ultimo Brindis,AVE-413,,,,El Ultimo Brindis,1961,matched,1961-08-04,El Ùltimo Brindis,,Horacio Palma,Tape,2609,,EP
El Ultimo Brindis,AVE-413,,,,Mientras Sueña Buenos Aires,1961,matched,1961-11-06,Mientras Sueña Buenos Aires,,Jorge Valdez,Tape,2952,,EP
El Ultimo Brindis,AVE-413,,,,Puro Tango,1961,matched,1961-08-01,Puro Tango,,Instrumental,Tape,2592,,EP
El Ultimo Brindis,AVE-413,,,,Mis Tres Marias,1961,matched,1961-07-11,Mis Tres Marias,,Horacio Palma,Tape,2505,,EP
Malumba,3AE-3136,,,,Buenos Aires de Mi Amor,1963,matched_year_flex,1962-09-03,Buenos Aires de Mi Amor,,Jorge Valdez,Tape,3428,LP year 1963 != recording year 1962,EP
Malumba,3AE-3136,,,,Fangal de Dolor,1963,matched_year_flex,1962-11-26,Fangal de Dolor,,Héctor Millán,Tape-S,3601,LP year 1963 != recording year 1962,EP
Malumba,3AE-3136,,,,Malumba,1963,matched_year_flex,1962-09-03,Malumbá,,Valdez y Palma,Tape,3430,LP year 1963 != recording year 1962,EP
Malumba,3AE-3136,,,,Del Compás Te Llaman Rey,1963,matched_year_flex_variant,1962-09-06,Del Compas Te Llaman el Rey,,Horacio Palma,Tape,3443,fuzzy 0.94 of 'Del Compas Te Llaman el Rey'; LP year 1963 != recording year 1962,EP
Se Prendió La Colorada,3AE-3240,,,,Se Prendió La Colorada,1964,matched,1964-10-02,Se Prendió la Colorada,,Valdez y Laborde,Tape-S,4551,,EP
Se Prendió La Colorada,3AE-3240,,,,Necesito Amor,1964,matched,1964-10-02,Necesito Amor,,Jorge Valdez,Tape-S,4550,,EP
Se Prendió La Colorada,3AE-3240,,,,El Último Cafe,1964,matched,1964-09-25,El Último Café,,Jorge Valdez,Tape,4535,,EP
Se Prendió La Colorada,3AE-3240,,,,Pura Trampa,1964,matched,1964-10-02,Pura Trampa,,Instrumental,Tape-S,4549,,EP
Guide To Argentine Tango Juan D'Arienzo = タンゴ入門 フアン・ダリエンソ,SCP-1116,,,,La Cumparsita = ラ・クンパルシータ,1964,matched_year_flex,1928,La Cumparsita,La Apología del Tango,Raquel Notar,78rpm,358,"7 recordings same title+year (singers: Carlos Dante, Instrumental, Raquel Notar); LP year 1964 != recording year 1928",EP
Guide To Argentine Tango Juan D'Arienzo = タンゴ入門 フアン・ダリエンソ,SCP-1116,,,,El Choclo = エル・チョクロ,1964,matched_year_flex,1937-07-26,El Choclo,,Instrumental,78rpm,BAVE-93831,4 recordings same title+year (singers: Instrumental); LP year 1964 != recording year 1937,EP
Guide To Argentine Tango Juan D'Arienzo = タンゴ入門 フアン・ダリエンソ,SCP-1116,,,,A Media Luz = 淡き灯影,1964,matched_year_flex,1963-12-17,A Media Luz,,Instrumental,Tape,4131,LP year 1964 != recording year 1963,EP
Guide To Argentine Tango Juan D'Arienzo = タンゴ入門 フアン・ダリエンソ,SCP-1116,,,,La Morocha = ラ・モローチャ,1964,matched_year_flex,1937-12-21,La Morocha,,Instrumental,78rpm,BAVE-012042,3 recordings same title+year (singers: Instrumental); LP year 1964 != recording year 1937,EP
Estampas De Antaño,3AE-3334,,,,Estampas De Antaño,1965,matched_year_flex,1964-09-25,Estampas de Antaño,,Armando Laborde,Tape,4534,LP year 1965 != recording year 1964,EP
Estampas De Antaño,3AE-3334,,,,Cada Vez Te Extraño Más,1965,matched_year_flex,1964-10-09,Cada Vez Te Extraño Más,,Armando Laborde,Tape-S,4560,LP year 1965 != recording year 1964,EP
Estampas De Antaño,3AE-3334,,,,Puro Cuento,1965,matched_year_flex,1964-09-25,Puro Cuento,,Armando Laborde,Tape,4538,LP year 1965 != recording year 1964,EP
Estampas De Antaño,3AE-3334,,,,Y Cualquier Cantidad,1965,matched_year_flex,1964-09-25,Y Cualquier Cantidad,,Armando Laborde,Tape,4536,LP year 1965 != recording year 1964,EP
For Export - Vol II,3AE 3525,,,,Pura Trampa,1966,matched,1966-08-03,Pura Trampa,,Instrumental,Tape-S,6166,,EP
For Export - Vol II,3AE 3525,,,,El Once,1966,matched,1966-08-03,El Once,,Instrumental,Tape-S,6167,,EP
For Export - Vol II,3AE 3525,,,,El Amanecer,1966,matched,1966-07-25,El Amanecer,,Instrumental,Tape-S,6143,,EP
For Export - Vol II,3AE 3525,,,,Vea - Vea,1966,matched,1966-07-25,Vea Vea,,Instrumental,Tape-S,6147,,EP
D'Arienzo Vos Sos El Rey,3AE-3623,,,,Sin Expliation,1967,matched_variant,1967-10-30,Sin Explicación,,Osvaldo Ramos,Tape-S,7275,fuzzy 0.90 of 'Sin Explicación',EP
D'Arienzo Vos Sos El Rey,3AE-3623,,,,Yo Te Quiero Asi,1967,matched,1967-10-23,Yo Te Quiero Así,,Osvaldo Ramos,Tape-S,7267,,EP
D'Arienzo Vos Sos El Rey,3AE-3623,,,,Ventarron,1967,matched,1967-10-23,Ventarrón,,Armando Laborde,Tape-S,7266,,EP
D'Arienzo Vos Sos El Rey,3AE-3623,,,,D'Arienzo Vos Sos El Rey,1967,matched,1967-10-30,D'Arienzo Vos Sos el Rey,,Armando Laborde,Tape-S,7277,,EP
"Presente, Barra Querida",3AE-3545,,,,Para Siempre,1967,matched_year_flex,1966-11-10,Para Siempre,,Osvaldo Ramos,Tape-S,6492,LP year 1967 != recording year 1966,EP
"Presente, Barra Querida",3AE-3545,,,,"Presente, Barra Querida",1967,matched_year_flex,1966-11-10,Presente Barra Querida,,Osvaldo Ramos,Tape-S,6498,LP year 1967 != recording year 1966,EP
"Presente, Barra Querida",3AE-3545,,,,Un Trabajo Flor Y Flor,1967,matched_year_flex,1966-11-10,Un Trabajo Flor y Flor,,Armando Laborde,Tape-S,6497,LP year 1967 != recording year 1966,EP
"Presente, Barra Querida",3AE-3545,,,,Argañaráz,1967,matched_year_flex,1966-11-10,Argañaraz,Aquellas Farras,Armando Laborde,Tape-S,6499,LP year 1967 != recording year 1966,EP
Padre Mio Un Vals Para Mama Papa El Vals De Los 15 Años,3AE-3674,,,,Padre Mio,1969,matched_year_flex,1968-09-06,Padre Mio,,Osvaldo Ramos,Tape-S,8289,LP year 1969 != recording year 1968,EP
Padre Mio Un Vals Para Mama Papa El Vals De Los 15 Años,3AE-3674,,,,Un Vals Para Mama,1969,matched_year_flex,1958-09-13,Un Vals Para Mamá,,Mario Bustos,Tape,0698,LP year 1969 != recording year 1958,EP
Padre Mio Un Vals Para Mama Papa El Vals De Los 15 Años,3AE-3674,,,,Papa,1969,matched_year_flex,1958-05-22,Papá,,Mario Bustos,Tape,TB0575,LP year 1969 != recording year 1958,EP
Padre Mio Un Vals Para Mama Papa El Vals De Los 15 Años,3AE-3674,,,,El Vals De Los 15 Años,1969,matched_year_flex,1961-06-06,El Vals de los Quince Años,El Vals de los 15 Años,Jorge Valdez,Tape,2392,LP year 1969 != recording year 1961,EP
El Latigo,3AE-3738,,,,El Cielo Lloro Por Mi,1971,matched_year_flex,1970-09-15,El Cielo Lloró Por Mí,,Osvaldo Ramos,Tape-S,10551,LP year 1971 != recording year 1970,EP
El Latigo,3AE-3738,,,,Alma Y Nervio,1971,matched_year_flex_variant,1970-12-16,Con Alma y Nervio,,Armando Laborde,Tape-S,11132,fuzzy 0.87 of 'Con Alma y Nervio'; LP year 1971 != recording year 1970,EP
El Latigo,3AE-3738,,,,El Latigo,1971,matched_year_flex,1970-09-15,El Látigo,,Instrumental,Tape-S,,LP year 1971 != recording year 1970,EP
El Latigo,3AE-3738,,,,Habla Un Milonga,1971,matched_year_flex,1970-12-16,Habla un Milonga,,Armando Laborde,Tape-S,11137,LP year 1971 != recording year 1970,EP
Mi Viejo Vals,3AE-3795,,,,Perdóname Si Quieres,1972,matched_year_flex,1971-11-26,Perdóname Si Quieres,,Osvaldo Ramos,Tape-S,12241,LP year 1972 != recording year 1971,EP
Mi Viejo Vals,3AE-3795,,,,Mi Viejo Vals,1972,matched_year_flex,1971-11-26,Mi Viejo Vals,,Osvaldo Ramos,Tape-S,12202,LP year 1972 != recording year 1971,EP
Mi Viejo Vals,3AE-3795,,,,Oro Y Diamantes,1972,matched_year_flex,1970-08-13,Oro y Diamantes,,Osvaldo Ramos,Tape-S,10505,LP year 1972 != recording year 1970,EP
Mi Viejo Vals,3AE-3795,,,,Madame Julie,1972,matched_year_flex,1971-11-26,Madame Julié,,Armando Laborde,Tape-S,12243,LP year 1972 != recording year 1971,EP
Siempre D'Arienzo,3AE-3763,,,,Seleccion: Loca - Derecho Viejo - El Irresistible - El Rey Del Compas - La Puñalada - Canaro En Paris - La Cumparsita,1972,no_title_match,,,,,,,,EP
Siempre D'Arienzo,3AE-3763,,,,El Bar De Rosendo,1972,matched,1972-12-14,El Bar de Rosendo,,Osvaldo Ramos,Tape-S,13691,,EP
Siempre D'Arienzo,3AE-3763,,,,Mereces Un Monumento,1972,matched,1972-12-14,Merecés un Monumento,,Echagüe y Laborde,Tape-S,13689,,EP
Siempre D'Arienzo,3AE-3763,,,,Adios Coco,1972,matched,1972-12-14,Adiós Coco,,Instrumental,Tape-S,13687,,EP
Primerisimo,3AE-3808,,,,Mimi Pinzon,1974,matched_year_flex_variant,1973-12-14,Mimí Pinsón,,Osvaldo Ramos,Tape-S,15319,fuzzy 0.91 of 'Mimí Pinsón'; LP year 1974 != recording year 1973,EP
Primerisimo,3AE-3808,,,,Juan Compas,1974,matched_year_flex,1971-11-26,Juan Compás,,Instrumental,Tape-S,12201,LP year 1974 != recording year 1971,EP
Primerisimo,3AE-3808,,,,"Ay, Aurora",1974,matched_year_flex,1939-11-14,Ay Aurora,,Alberto Echagüe,78rpm,BAVE-039072,2 recordings same title+year (singers: Alberto Echagüe); LP year 1974 != recording year 1939,EP
Primerisimo,3AE-3808,,,,Primerisimo,1974,matched_year_flex,1973-12-14,Primerísimo,,Instrumental,Tape-S,15315,LP year 1974 != recording year 1973,EP
Un Tango Para Mi Vieja D'arienzo - Echagüe,3AE-3822,,,,Un Tango Para Mi Vieja,1975,matched_year_flex,1950-09-28,Un Tango Para Mi Vieja,,Alberto Echagüe,Micro,93891-1,LP year 1975 != recording year 1950,EP
Un Tango Para Mi Vieja D'arienzo - Echagüe,3AE-3822,,,,Tucuman,1975,matched_year_flex,1940-06-27,Tucumán,,Instrumental,78rpm,BAVE-039338,2 recordings same title+year (singers: Instrumental); LP year 1975 != recording year 1940,EP
Un Tango Para Mi Vieja D'arienzo - Echagüe,3AE-3822,,,,Don Juan,1975,matched_year_flex,1936-09-29,Don Juan,Mozos Guapos,Instrumental,78rpm,BAVE-93348,3 recordings same title+year (singers: Instrumental); LP year 1975 != recording year 1936,EP
Un Tango Para Mi Vieja D'arienzo - Echagüe,3AE-3822,,,,Sin Balurdo,1975,matched_year_flex,1950-09-28,Sin Balurdo,,Alberto Echagüe,Micro,93892-1,LP year 1975 != recording year 1950,EP
El Rey Del Compás,3AE-3827,,,,La Guiñada,1975,matched_year_flex,1973-12-14,La Guiñada,,Instrumental,Tape-S,15321,LP year 1975 != recording year 1973,EP
El Rey Del Compás,3AE-3827,,,,Dialogando Con El Río,1975,matched,1975-01-30,Dialogando con el Río,,Osvaldo Ramos,Tape-S,16810,,EP
El Rey Del Compás,3AE-3827,,,,Chavero Soy,1975,matched,1975-01-30,Chavero Soy,,Osvaldo Ramos,Tape-S,16809,,EP
El Rey Del Compás,3AE-3827,,,,Bar Exposición,1975,matched_year_flex,1973-12-14,Bar Exposición,Cosa Linda Barata,Instrumental,Tape-S,15314,LP year 1975 != recording year 1973,EP
La Cumparsita,AGE-5,,,,La Cumparsita,,matched_multiple_takes,1928,La Cumparsita,La Apología del Tango,Raquel Notar,78rpm,358,"7 recordings same title+year (singers: Carlos Dante, Instrumental, Raquel Notar)",EP
La Cumparsita,AGE-5,,,,La Punalada,,matched_multiple_takes,1943-11-23,La Puñalada,,Instrumental,78rpm,77408-1,3 recordings same title+year (singers: Instrumental),EP
La Cumparsita,AGE-5,,,,Don Juan,,matched_multiple_takes,1936-09-29,Don Juan,Mozos Guapos,Instrumental,78rpm,BAVE-93348,3 recordings same title+year (singers: Instrumental),EP
La Cumparsita,AGE-5,,,,El Pollo Ricardo,,matched_multiple_takes,1947-05-20,El Pollo Ricardo,,Instrumental,78rpm,83439,2 recordings same title+year (singers: Instrumental),EP
No Te Quiero Mas Bien Porteña Soñemos Si Vos No Me Queres,CME-3127,,,,No Te Quiero Mas,,matched,1957-06-13,No Te Quiero Más,,Mario Bustos,Tape,TB0187,,EP
No Te Quiero Mas Bien Porteña Soñemos Si Vos No Me Queres,CME-3127,,,,Bien Porteña,,matched,1957-06-13,Bien Porteña,,Instrumental,Tape,TB0188,,EP
No Te Quiero Mas Bien Porteña Soñemos Si Vos No Me Queres,CME-3127,,,,Soñemos,,no_title_match,,,,,,,,EP
No Te Quiero Mas Bien Porteña Soñemos Si Vos No Me Queres,CME-3127,,,,Si Vos No Me Querés,,no_title_match,,,,,,,,EP
Juan D’Arienzo En Estereo,SCP-1320,,,,El Amanecer,,matched,1966-07-25,El Amanecer,,Instrumental,Tape-S,6143,,EP
Juan D’Arienzo En Estereo,SCP-1320,,,,Rodriguez Pena,,matched_multiple_takes,1938-01-07,Rodríguez Peña,,Instrumental,78rpm,12072,2 recordings same title+year (singers: Instrumental),EP
Juan D’Arienzo En Estereo,SCP-1320,,,,9 De Julio,,matched_multiple_takes,1935-12-31,Nueve de Julio,9 de Julio,Instrumental,78rpm,BAVE-93057,3 recordings same title+year (singers: Instrumental),EP
Juan D’Arienzo En Estereo,SCP-1320,,,,Gran Hotel Victoria,,matched,1948-02-18,Hotel Victoria,Gran Hotel Victoria,Instrumental,78rpm,83843-1,,EP
La Cumparsita El Choclo Eterno Disfraz Un Momento,CME-3044,,,,La Cumparsita,,matched_multiple_takes,1928,La Cumparsita,La Apología del Tango,Raquel Notar,78rpm,358,"7 recordings same title+year (singers: Carlos Dante, Instrumental, Raquel Notar)",EP
La Cumparsita El Choclo Eterno Disfraz Un Momento,CME-3044,,,,El Choclo,,matched_multiple_takes,1937-07-26,El Choclo,,Instrumental,78rpm,BAVE-93831,4 recordings same title+year (singers: Instrumental),EP
La Cumparsita El Choclo Eterno Disfraz Un Momento,CME-3044,,,,Eterno Disfraz,,no_title_match,,,,,,,,EP
La Cumparsita El Choclo Eterno Disfraz Un Momento,CME-3044,,,,Un Momento,,no_title_match,,,,,,,,EP
La Perfumada Flor,AVE-391,,,,Adios Pampa Mia,,matched,1961-06-13,Adiós Pampa Mía,,Valdez y Palma,Tape,2407,,EP
La Perfumada Flor,AVE-391,,,,Mi Viejo Montevideo,,matched,1961-06-13,Mi Viejo Montevideo,,Instrumental,Tape,2408,,EP
La Perfumada Flor,AVE-391,,,,La Perfumada Flor,,matched,1959-11-26,La Perfumada Flor,,Jorge Valdez,Tape,1413,,EP
La Perfumada Flor,AVE-391,,,,Llore Como Un Pibe,,matched,1960-09-07,Lloré Como un Pibe,,Jorge Valdez,Tape,1937,,EP
「コンパクト・ダンス・アルバム」 第6集 ~ワルツ=タンゴ篇 = Compact Dance Album Vol.6 ~ Waltz = Tango,SCP-1151,,,,魅せられしギター (ワルツ)  = Haunted Guitar (Waltz),,no_title_match,,,,,,,,EP
「コンパクト・ダンス・アルバム」 第6集 ~ワルツ=タンゴ篇 = Compact Dance Album Vol.6 ~ Waltz = Tango,SCP-1151,,,,魅惑のワルツ (ワルツ) = Fascination (Waltz),,no_title_match,,,,,,,,EP
「コンパクト・ダンス・アルバム」 第6集 ~ワルツ=タンゴ篇 = Compact Dance Album Vol.6 ~ Waltz = Tango,SCP-1151,,,,ラ・クンパルシータ (タンゴ) = La Cumparsita (Tango),,no_title_match,,,,,,,,EP
「コンパクト・ダンス・アルバム」 第6集 ~ワルツ=タンゴ篇 = Compact Dance Album Vol.6 ~ Waltz = Tango,SCP-1151,,,,ラ・モローチャ(タンゴ) = La Morocha (Tango),,no_title_match,,,,,,,,EP
Cumpleaños De Mama Compas De Tango D'arienzo Y Palito Solo Tuya,3AE-3683,,,,Cumpleaños De Mama,,matched,1969-09-18,Cumpleaños de Mamá,,Osvaldo Ramos,Tape-S,9495,,EP
Cumpleaños De Mama Compas De Tango D'arienzo Y Palito Solo Tuya,3AE-3683,,,,Compas De Tango,,no_title_match,,,,,,,,EP
Cumpleaños De Mama Compas De Tango D'arienzo Y Palito Solo Tuya,3AE-3683,,,,D' Arinzo Y Palito,,matched_variant,1969-08-12,D'Arienzo y Palito,,Armando Laborde,Tape-S,9444,"fuzzy 0.97 of ""D'Arienzo y Palito""",EP
Cumpleaños De Mama Compas De Tango D'arienzo Y Palito Solo Tuya,3AE-3683,,,,Solo Tuya,,matched,1969-08-12,Sólo Tuya,,Osvaldo Ramos,Tape-S,9443,,EP
En El Cielo Mi Amor y Tu Amor Susanita Mandria,CME-3140,,,,En El Cielo,,matched,1957-08-22,En el Cielo,,Jorge Valdez,Tape,TB0304,,EP
En El Cielo Mi Amor y Tu Amor Susanita Mandria,CME-3140,,,,Mi Amor y Tu Amor,,matched,1957-08-29,Mi Amor y Tu Amor,,Jorge Valdez,Tape,TB0322,,EP
En El Cielo Mi Amor y Tu Amor Susanita Mandria,CME-3140,,,,Susanita,,matched,1957-07-19,Susanita,Yo Me Quedo con el Tango,Mario Bustos,Tape,TB0237,,EP
En El Cielo Mi Amor y Tu Amor Susanita Mandria,CME-3140,,,,Mandria,,matched_multiple_takes,1939-08-09,Mandría,,Alberto Echagüe,78rpm,BAVE-012899,"2 recordings same title+year (singers: Alberto Echagüe, Mario Bustos)",EP
Dandy,3AE-3417,,,,Ya Lo Ves,,matched_multiple_takes,1941-04-28,Ya Lo Ves,,Héctor Mauré,78rpm,BAVE-039862,"3 recordings same title+year (singers: Armando Laborde, Héctor Mauré)",EP
Dandy,3AE-3417,,,,Dandy,,matched,1965-10-14,Dandy,,Osvaldo Ramos,Tape-S,5391,,EP
Dandy,3AE-3417,,,,Solo Tu Voz,,matched,1965-11-19,Sólo Tu Voz,,Osvaldo Ramos,Tape-S,5474,,EP
Dandy,3AE-3417,,,,La Mimada,,matched,1965-09-27,La Mimada,,Ramos y Laborde,Tape-S,5377,,EP
